{
  "generated_at": "2026-02-13T10:13:53Z",
  "item": {
    "id": "MAT_TRANSFORMER_26",
    "type": "material",
    "name": "Transformer",
    "category": "Mechanical",
    "unit": "unit",
    "description": "Synthetic material record for Transformer.",
    "active": true
  },
  "tree_type": "material_supply_chain",
  "metric_options": [
    {
      "id": "avg_days",
      "label": "Avg days (historical)"
    },
    {
      "id": "transit_time_variance_days",
      "label": "Variance of transit time"
    },
    {
      "id": "delay_vs_plan_variance_days",
      "label": "Variance of delay vs plan"
    }
  ],
  "nodes": [
    {
      "id": "TNODE_001",
      "entity_id": "FCT_HON_19",
      "name": "Hong Kong Plant 19",
      "node_type": "supplier_factory",
      "lat": 22.25848442251786,
      "lon": 114.10272335746603,
      "metrics": {
        "dwell_avg_days": 0.17,
        "transit_time_variance_days": 0.64,
        "delay_vs_plan_variance_days": 0.47,
        "handling_cost_usd": 1333.79,
        "dwell_forecast_next_12w": [
          {
            "week_start": "2026-02-13T10:13:53Z",
            "dwell_days_forecast": 0.39
          },
          {
            "week_start": "2026-02-20T10:13:53Z",
            "dwell_days_forecast": 0.21
          },
          {
            "week_start": "2026-02-27T10:13:53Z",
            "dwell_days_forecast": 0.05
          },
          {
            "week_start": "2026-03-06T10:13:53Z",
            "dwell_days_forecast": 0.05
          },
          {
            "week_start": "2026-03-13T10:13:53Z",
            "dwell_days_forecast": 0.23
          },
          {
            "week_start": "2026-03-20T10:13:53Z",
            "dwell_days_forecast": 0.05
          },
          {
            "week_start": "2026-03-27T10:13:53Z",
            "dwell_days_forecast": 0.21
          },
          {
            "week_start": "2026-04-03T10:13:53Z",
            "dwell_days_forecast": 0.42
          },
          {
            "week_start": "2026-04-10T10:13:53Z",
            "dwell_days_forecast": 0.05
          },
          {
            "week_start": "2026-04-17T10:13:53Z",
            "dwell_days_forecast": 0.22
          },
          {
            "week_start": "2026-04-24T10:13:53Z",
            "dwell_days_forecast": 0.11
          },
          {
            "week_start": "2026-05-01T10:13:53Z",
            "dwell_days_forecast": 0.05
          }
        ]
      }
    },
    {
      "id": "TNODE_002",
      "entity_id": "PRT_HON",
      "name": "Port of Hong Kong",
      "node_type": "export_port",
      "lat": 22.316828237809872,
      "lon": 114.17438035934948,
      "metrics": {
        "dwell_avg_days": 2.5,
        "transit_time_variance_days": 1.79,
        "delay_vs_plan_variance_days": 1.37,
        "handling_cost_usd": 2250.61,
        "dwell_forecast_next_12w": [
          {
            "week_start": "2026-02-13T10:13:53Z",
            "dwell_days_forecast": 2.4
          },
          {
            "week_start": "2026-02-20T10:13:53Z",
            "dwell_days_forecast": 2.46
          },
          {
            "week_start": "2026-02-27T10:13:53Z",
            "dwell_days_forecast": 2.48
          },
          {
            "week_start": "2026-03-06T10:13:53Z",
            "dwell_days_forecast": 2.53
          },
          {
            "week_start": "2026-03-13T10:13:53Z",
            "dwell_days_forecast": 2.68
          },
          {
            "week_start": "2026-03-20T10:13:53Z",
            "dwell_days_forecast": 2.37
          },
          {
            "week_start": "2026-03-27T10:13:53Z",
            "dwell_days_forecast": 2.46
          },
          {
            "week_start": "2026-04-03T10:13:53Z",
            "dwell_days_forecast": 2.26
          },
          {
            "week_start": "2026-04-10T10:13:53Z",
            "dwell_days_forecast": 2.59
          },
          {
            "week_start": "2026-04-17T10:13:53Z",
            "dwell_days_forecast": 2.32
          },
          {
            "week_start": "2026-04-24T10:13:53Z",
            "dwell_days_forecast": 2.51
          },
          {
            "week_start": "2026-05-01T10:13:53Z",
            "dwell_days_forecast": 2.42
          }
        ]
      }
    },
    {
      "id": "TNODE_003",
      "entity_id": "PRT_TOK",
      "name": "Port of Tokyo",
      "node_type": "import_port",
      "lat": 35.70172651966358,
      "lon": 139.66928676320995,
      "metrics": {
        "dwell_avg_days": 0.67,
        "transit_time_variance_days": 1.12,
        "delay_vs_plan_variance_days": 0.87,
        "handling_cost_usd": 7336.02,
        "dwell_forecast_next_12w": [
          {
            "week_start": "2026-02-13T10:13:53Z",
            "dwell_days_forecast": 0.61
          },
          {
            "week_start": "2026-02-20T10:13:53Z",
            "dwell_days_forecast": 0.74
          },
          {
            "week_start": "2026-02-27T10:13:53Z",
            "dwell_days_forecast": 0.69
          },
          {
            "week_start": "2026-03-06T10:13:53Z",
            "dwell_days_forecast": 0.76
          },
          {
            "week_start": "2026-03-13T10:13:53Z",
            "dwell_days_forecast": 0.69
          },
          {
            "week_start": "2026-03-20T10:13:53Z",
            "dwell_days_forecast": 0.73
          },
          {
            "week_start": "2026-03-27T10:13:53Z",
            "dwell_days_forecast": 0.92
          },
          {
            "week_start": "2026-04-03T10:13:53Z",
            "dwell_days_forecast": 0.72
          },
          {
            "week_start": "2026-04-10T10:13:53Z",
            "dwell_days_forecast": 1.03
          },
          {
            "week_start": "2026-04-17T10:13:53Z",
            "dwell_days_forecast": 0.69
          },
          {
            "week_start": "2026-04-24T10:13:53Z",
            "dwell_days_forecast": 0.64
          },
          {
            "week_start": "2026-05-01T10:13:53Z",
            "dwell_days_forecast": 0.64
          }
        ]
      }
    },
    {
      "id": "TNODE_004",
      "entity_id": "FCT_TOK_03",
      "name": "Tokyo Plant 03",
      "node_type": "consuming_factory",
      "lat": 35.85262543870724,
      "lon": 139.64139167490626,
      "metrics": {
        "dwell_avg_days": 0.54,
        "transit_time_variance_days": 0.83,
        "delay_vs_plan_variance_days": 0.67,
        "handling_cost_usd": 5989.13,
        "dwell_forecast_next_12w": [
          {
            "week_start": "2026-02-13T10:13:53Z",
            "dwell_days_forecast": 0.64
          },
          {
            "week_start": "2026-02-20T10:13:53Z",
            "dwell_days_forecast": 0.58
          },
          {
            "week_start": "2026-02-27T10:13:53Z",
            "dwell_days_forecast": 0.26
          },
          {
            "week_start": "2026-03-06T10:13:53Z",
            "dwell_days_forecast": 0.39
          },
          {
            "week_start": "2026-03-13T10:13:53Z",
            "dwell_days_forecast": 0.35
          },
          {
            "week_start": "2026-03-20T10:13:53Z",
            "dwell_days_forecast": 0.51
          },
          {
            "week_start": "2026-03-27T10:13:53Z",
            "dwell_days_forecast": 0.57
          },
          {
            "week_start": "2026-04-03T10:13:53Z",
            "dwell_days_forecast": 0.62
          },
          {
            "week_start": "2026-04-10T10:13:53Z",
            "dwell_days_forecast": 0.39
          },
          {
            "week_start": "2026-04-17T10:13:53Z",
            "dwell_days_forecast": 0.67
          },
          {
            "week_start": "2026-04-24T10:13:53Z",
            "dwell_days_forecast": 0.76
          },
          {
            "week_start": "2026-05-01T10:13:53Z",
            "dwell_days_forecast": 0.24
          }
        ]
      }
    }
  ],
  "edges": [
    {
      "id": "TEDGE_001",
      "from_node_id": "TNODE_001",
      "to_node_id": "TNODE_002",
      "label": "Pickup to export port",
      "underlying_segment_ids": [
        "SEG_00433"
      ],
      "mode_mix": [
        "road"
      ],
      "geometry": [
        [
          114.10272335746603,
          22.25848442251786
        ],
        [
          114.11705475784272,
          22.270153185576262
        ],
        [
          114.13138615821941,
          22.281821948634665
        ],
        [
          114.1457175585961,
          22.293490711693067
        ],
        [
          114.1600489589728,
          22.30515947475147
        ],
        [
          114.17438035934948,
          22.316828237809872
        ]
      ],
      "metrics": {
        "avg_days": 0.66,
        "transit_time_variance_days": 2.38,
        "delay_vs_plan_variance_days": 1.59,
        "cost_usd_per_ton": 225.21,
        "time_distribution": {
          "p10": 0.1,
          "p50": 0.66,
          "p90": 3.13
        },
        "forecast_next_12w": [
          {
            "week_start": "2026-02-13T10:13:53Z",
            "avg_days_forecast": 0.54,
            "variance_days_forecast": 2.16,
            "cost_usd_per_ton_forecast": 227.51
          },
          {
            "week_start": "2026-02-20T10:13:53Z",
            "avg_days_forecast": 1.0,
            "variance_days_forecast": 2.25,
            "cost_usd_per_ton_forecast": 224.54
          },
          {
            "week_start": "2026-02-27T10:13:53Z",
            "avg_days_forecast": 0.78,
            "variance_days_forecast": 2.26,
            "cost_usd_per_ton_forecast": 216.02
          },
          {
            "week_start": "2026-03-06T10:13:53Z",
            "avg_days_forecast": 0.65,
            "variance_days_forecast": 2.15,
            "cost_usd_per_ton_forecast": 224.11
          },
          {
            "week_start": "2026-03-13T10:13:53Z",
            "avg_days_forecast": 0.7,
            "variance_days_forecast": 2.15,
            "cost_usd_per_ton_forecast": 232.78
          },
          {
            "week_start": "2026-03-20T10:13:53Z",
            "avg_days_forecast": 0.51,
            "variance_days_forecast": 2.16,
            "cost_usd_per_ton_forecast": 229.42
          },
          {
            "week_start": "2026-03-27T10:13:53Z",
            "avg_days_forecast": 0.69,
            "variance_days_forecast": 2.17,
            "cost_usd_per_ton_forecast": 227.02
          },
          {
            "week_start": "2026-04-03T10:13:53Z",
            "avg_days_forecast": 0.53,
            "variance_days_forecast": 2.15,
            "cost_usd_per_ton_forecast": 229.39
          },
          {
            "week_start": "2026-04-10T10:13:53Z",
            "avg_days_forecast": 0.69,
            "variance_days_forecast": 2.28,
            "cost_usd_per_ton_forecast": 220.12
          },
          {
            "week_start": "2026-04-17T10:13:53Z",
            "avg_days_forecast": 0.73,
            "variance_days_forecast": 2.3,
            "cost_usd_per_ton_forecast": 232.63
          },
          {
            "week_start": "2026-04-24T10:13:53Z",
            "avg_days_forecast": 0.81,
            "variance_days_forecast": 2.42,
            "cost_usd_per_ton_forecast": 230.05
          },
          {
            "week_start": "2026-05-01T10:13:53Z",
            "avg_days_forecast": 0.22,
            "variance_days_forecast": 2.29,
            "cost_usd_per_ton_forecast": 212.78
          }
        ]
      }
    },
    {
      "id": "TEDGE_002",
      "from_node_id": "TNODE_002",
      "to_node_id": "TNODE_003",
      "label": "Main leg",
      "underlying_segment_ids": [
        "SEG_00434",
        "SEG_00442",
        "SEG_00219",
        "SEG_00648",
        "SEG_00154",
        "SEG_00194",
        "SEG_00372",
        "SEG_00369"
      ],
      "mode_mix": [
        "air",
        "road"
      ],
      "geometry": [
        [
          114.17438035934948,
          22.316828237809872
        ],
        [
          114.1600489589728,
          22.30515947475147
        ],
        [
          114.1457175585961,
          22.293490711693067
        ],
        [
          114.13138615821941,
          22.281821948634665
        ],
        [
          114.11705475784272,
          22.270153185576262
        ],
        [
          114.10272335746603,
          22.25848442251786
        ],
        [
          114.08458566969792,
          22.29225123310021
        ],
        [
          114.06644798192978,
          22.32601804368256
        ],
        [
          114.04831029416167,
          22.35978485426491
        ],
        [
          114.03017260639353,
          22.39355166484726
        ],
        [
          114.01203491862542,
          22.427318475429608
        ],
        [
          114.01326380733377,
          22.445465375128144
        ],
        [
          114.01449269604213,
          22.46361227482668
        ],
        [
          114.01572158475048,
          22.48175917452522
        ],
        [
          114.01695047345883,
          22.499906074223755
        ],
        [
          114.01817936216719,
          22.51805297392229
        ],
        [
          102.26296657597909,
          23.046867593559824
        ],
        [
          90.507753789791,
          23.57568221319736
        ],
        [
          78.7525410036029,
          24.104496832834894
        ],
        [
          66.9973282174148,
          24.63331145247243
        ],
        [
          55.24211543122671,
          25.162126072109963
        ],
        [
          64.94981425750943,
          20.40586834787068
        ],
        [
          74.65751308379214,
          15.649610623631396
        ],
        [
          84.36521191007486,
          10.893352899392113
        ],
        [
          94.07291073635758,
          6.1370951751528295
        ],
        [
          103.7806095626403,
          1.3808374509135461
        ],
        [
          103.7806095626403,
          1.3808374509135473
        ],
        [
          110.9621759742055,
          8.246125395129647
        ],
        [
          118.14374238577071,
          15.111413339345747
        ],
        [
          125.32530879733591,
          21.976701283561844
        ],
        [
          132.5068752089011,
          28.841989227777944
        ],
        [
          139.6884416204663,
          35.70727717199404
        ],
        [
          139.6790316313543,
          35.73634682533668
        ],
        [
          139.66962164224228,
          35.76541647867932
        ],
        [
          139.6602116531303,
          35.794486132021966
        ],
        [
          139.65080166401827,
          35.823555785364604
        ],
        [
          139.64139167490626,
          35.85262543870724
        ],
        [
          139.646970692567,
          35.82244565489851
        ],
        [
          139.65254971022773,
          35.792265871089775
        ],
        [
          139.65812872788848,
          35.76208608728105
        ],
        [
          139.6637077455492,
          35.731906303472314
        ],
        [
          139.66928676320995,
          35.70172651966358
        ]
      ],
      "metrics": {
        "avg_days": 4.09,
        "transit_time_variance_days": 7.59,
        "delay_vs_plan_variance_days": 4.97,
        "cost_usd_per_ton": 9790.37,
        "time_distribution": {
          "p10": 0.78,
          "p50": 4.09,
          "p90": 8.5
        },
        "forecast_next_12w": [
          {
            "week_start": "2026-02-13T10:13:53Z",
            "avg_days_forecast": 4.46,
            "variance_days_forecast": 7.09,
            "cost_usd_per_ton_forecast": 9708.37
          },
          {
            "week_start": "2026-02-20T10:13:53Z",
            "avg_days_forecast": 3.78,
            "variance_days_forecast": 7.45,
            "cost_usd_per_ton_forecast": 9812.63
          },
          {
            "week_start": "2026-02-27T10:13:53Z",
            "avg_days_forecast": 3.65,
            "variance_days_forecast": 7.64,
            "cost_usd_per_ton_forecast": 10065.21
          },
          {
            "week_start": "2026-03-06T10:13:53Z",
            "avg_days_forecast": 3.8,
            "variance_days_forecast": 7.15,
            "cost_usd_per_ton_forecast": 9680.05
          },
          {
            "week_start": "2026-03-13T10:13:53Z",
            "avg_days_forecast": 3.92,
            "variance_days_forecast": 7.38,
            "cost_usd_per_ton_forecast": 9906.84
          },
          {
            "week_start": "2026-03-20T10:13:53Z",
            "avg_days_forecast": 3.98,
            "variance_days_forecast": 7.72,
            "cost_usd_per_ton_forecast": 10127.42
          },
          {
            "week_start": "2026-03-27T10:13:53Z",
            "avg_days_forecast": 3.65,
            "variance_days_forecast": 7.77,
            "cost_usd_per_ton_forecast": 9500.71
          },
          {
            "week_start": "2026-04-03T10:13:53Z",
            "avg_days_forecast": 3.56,
            "variance_days_forecast": 7.62,
            "cost_usd_per_ton_forecast": 9945.02
          },
          {
            "week_start": "2026-04-10T10:13:53Z",
            "avg_days_forecast": 3.54,
            "variance_days_forecast": 7.21,
            "cost_usd_per_ton_forecast": 9967.09
          },
          {
            "week_start": "2026-04-17T10:13:53Z",
            "avg_days_forecast": 3.47,
            "variance_days_forecast": 7.04,
            "cost_usd_per_ton_forecast": 9929.91
          },
          {
            "week_start": "2026-04-24T10:13:53Z",
            "avg_days_forecast": 3.65,
            "variance_days_forecast": 7.44,
            "cost_usd_per_ton_forecast": 9583.55
          },
          {
            "week_start": "2026-05-01T10:13:53Z",
            "avg_days_forecast": 3.14,
            "variance_days_forecast": 7.31,
            "cost_usd_per_ton_forecast": 10121.66
          }
        ]
      }
    },
    {
      "id": "TEDGE_003",
      "from_node_id": "TNODE_003",
      "to_node_id": "TNODE_004",
      "label": "Delivery to plant",
      "underlying_segment_ids": [
        "SEG_00370"
      ],
      "mode_mix": [
        "road"
      ],
      "geometry": [
        [
          139.66928676320995,
          35.70172651966358
        ],
        [
          139.6637077455492,
          35.731906303472314
        ],
        [
          139.65812872788848,
          35.76208608728105
        ],
        [
          139.65254971022773,
          35.792265871089775
        ],
        [
          139.646970692567,
          35.82244565489851
        ],
        [
          139.64139167490626,
          35.85262543870724
        ]
      ],
      "metrics": {
        "avg_days": 0.74,
        "transit_time_variance_days": 1.11,
        "delay_vs_plan_variance_days": 0.59,
        "cost_usd_per_ton": 159.58,
        "time_distribution": {
          "p10": 0.1,
          "p50": 0.74,
          "p90": 2.43
        },
        "forecast_next_12w": [
          {
            "week_start": "2026-02-13T10:13:53Z",
            "avg_days_forecast": 1.06,
            "variance_days_forecast": 1.05,
            "cost_usd_per_ton_forecast": 162.15
          },
          {
            "week_start": "2026-02-20T10:13:53Z",
            "avg_days_forecast": 1.16,
            "variance_days_forecast": 1.12,
            "cost_usd_per_ton_forecast": 152.92
          },
          {
            "week_start": "2026-02-27T10:13:53Z",
            "avg_days_forecast": 0.77,
            "variance_days_forecast": 1.04,
            "cost_usd_per_ton_forecast": 152.36
          },
          {
            "week_start": "2026-03-06T10:13:53Z",
            "avg_days_forecast": 0.93,
            "variance_days_forecast": 1.05,
            "cost_usd_per_ton_forecast": 155.99
          },
          {
            "week_start": "2026-03-13T10:13:53Z",
            "avg_days_forecast": 0.54,
            "variance_days_forecast": 1.14,
            "cost_usd_per_ton_forecast": 161.25
          },
          {
            "week_start": "2026-03-20T10:13:53Z",
            "avg_days_forecast": 0.39,
            "variance_days_forecast": 1.09,
            "cost_usd_per_ton_forecast": 154.92
          },
          {
            "week_start": "2026-03-27T10:13:53Z",
            "avg_days_forecast": 0.69,
            "variance_days_forecast": 1.12,
            "cost_usd_per_ton_forecast": 156.71
          },
          {
            "week_start": "2026-04-03T10:13:53Z",
            "avg_days_forecast": 0.69,
            "variance_days_forecast": 1.03,
            "cost_usd_per_ton_forecast": 160.11
          },
          {
            "week_start": "2026-04-10T10:13:53Z",
            "avg_days_forecast": 0.79,
            "variance_days_forecast": 1.1,
            "cost_usd_per_ton_forecast": 161.87
          },
          {
            "week_start": "2026-04-17T10:13:53Z",
            "avg_days_forecast": 0.58,
            "variance_days_forecast": 1.07,
            "cost_usd_per_ton_forecast": 165.19
          },
          {
            "week_start": "2026-04-24T10:13:53Z",
            "avg_days_forecast": 0.79,
            "variance_days_forecast": 1.02,
            "cost_usd_per_ton_forecast": 161.79
          },
          {
            "week_start": "2026-05-01T10:13:53Z",
            "avg_days_forecast": 0.81,
            "variance_days_forecast": 1.01,
            "cost_usd_per_ton_forecast": 154.31
          }
        ]
      }
    }
  ]
}