{
  "generated_at": "2026-02-13T10:13:53Z",
  "item": {
    "id": "MAT_ACTUATOR_38",
    "type": "material",
    "name": "Actuator",
    "category": "Metals",
    "unit": "unit",
    "description": "Synthetic material record for Actuator.",
    "active": true
  },
  "tree_type": "material_supply_chain",
  "metric_options": [
    {
      "id": "avg_days",
      "label": "Avg days (historical)"
    },
    {
      "id": "transit_time_variance_days",
      "label": "Variance of transit time"
    },
    {
      "id": "delay_vs_plan_variance_days",
      "label": "Variance of delay vs plan"
    }
  ],
  "nodes": [
    {
      "id": "TNODE_001",
      "entity_id": "FCT_TOK_03",
      "name": "Tokyo Plant 03",
      "node_type": "supplier_factory",
      "lat": 35.85262543870724,
      "lon": 139.64139167490626,
      "metrics": {
        "dwell_avg_days": 0.1,
        "transit_time_variance_days": 0.25,
        "delay_vs_plan_variance_days": 0.1,
        "handling_cost_usd": 7900.71,
        "dwell_forecast_next_12w": [
          {
            "week_start": "2026-02-13T10:13:53Z",
            "dwell_days_forecast": 0.26
          },
          {
            "week_start": "2026-02-20T10:13:53Z",
            "dwell_days_forecast": 0.05
          },
          {
            "week_start": "2026-02-27T10:13:53Z",
            "dwell_days_forecast": 0.11
          },
          {
            "week_start": "2026-03-06T10:13:53Z",
            "dwell_days_forecast": 0.16
          },
          {
            "week_start": "2026-03-13T10:13:53Z",
            "dwell_days_forecast": 0.22
          },
          {
            "week_start": "2026-03-20T10:13:53Z",
            "dwell_days_forecast": 0.12
          },
          {
            "week_start": "2026-03-27T10:13:53Z",
            "dwell_days_forecast": 0.06
          },
          {
            "week_start": "2026-04-03T10:13:53Z",
            "dwell_days_forecast": 0.22
          },
          {
            "week_start": "2026-04-10T10:13:53Z",
            "dwell_days_forecast": 0.05
          },
          {
            "week_start": "2026-04-17T10:13:53Z",
            "dwell_days_forecast": 0.11
          },
          {
            "week_start": "2026-04-24T10:13:53Z",
            "dwell_days_forecast": 0.05
          },
          {
            "week_start": "2026-05-01T10:13:53Z",
            "dwell_days_forecast": 0.19
          }
        ]
      }
    },
    {
      "id": "TNODE_002",
      "entity_id": "PRT_TOK",
      "name": "Port of Tokyo",
      "node_type": "export_port",
      "lat": 35.70172651966358,
      "lon": 139.66928676320995,
      "metrics": {
        "dwell_avg_days": 0.1,
        "transit_time_variance_days": 1.64,
        "delay_vs_plan_variance_days": 0.49,
        "handling_cost_usd": 559.6,
        "dwell_forecast_next_12w": [
          {
            "week_start": "2026-02-13T10:13:53Z",
            "dwell_days_forecast": 0.23
          },
          {
            "week_start": "2026-02-20T10:13:53Z",
            "dwell_days_forecast": 0.1
          },
          {
            "week_start": "2026-02-27T10:13:53Z",
            "dwell_days_forecast": 0.2
          },
          {
            "week_start": "2026-03-06T10:13:53Z",
            "dwell_days_forecast": 0.12
          },
          {
            "week_start": "2026-03-13T10:13:53Z",
            "dwell_days_forecast": 0.05
          },
          {
            "week_start": "2026-03-20T10:13:53Z",
            "dwell_days_forecast": 0.05
          },
          {
            "week_start": "2026-03-27T10:13:53Z",
            "dwell_days_forecast": 0.05
          },
          {
            "week_start": "2026-04-03T10:13:53Z",
            "dwell_days_forecast": 0.05
          },
          {
            "week_start": "2026-04-10T10:13:53Z",
            "dwell_days_forecast": 0.18
          },
          {
            "week_start": "2026-04-17T10:13:53Z",
            "dwell_days_forecast": 0.13
          },
          {
            "week_start": "2026-04-24T10:13:53Z",
            "dwell_days_forecast": 0.12
          },
          {
            "week_start": "2026-05-01T10:13:53Z",
            "dwell_days_forecast": 0.05
          }
        ]
      }
    },
    {
      "id": "TNODE_003",
      "entity_id": "PRT_BUS",
      "name": "Port of Busan",
      "node_type": "import_port",
      "lat": 35.17341000839145,
      "lon": 129.07735758410357,
      "metrics": {
        "dwell_avg_days": 0.92,
        "transit_time_variance_days": 1.6,
        "delay_vs_plan_variance_days": 1.02,
        "handling_cost_usd": 7559.25,
        "dwell_forecast_next_12w": [
          {
            "week_start": "2026-02-13T10:13:53Z",
            "dwell_days_forecast": 0.86
          },
          {
            "week_start": "2026-02-20T10:13:53Z",
            "dwell_days_forecast": 0.81
          },
          {
            "week_start": "2026-02-27T10:13:53Z",
            "dwell_days_forecast": 0.88
          },
          {
            "week_start": "2026-03-06T10:13:53Z",
            "dwell_days_forecast": 1.04
          },
          {
            "week_start": "2026-03-13T10:13:53Z",
            "dwell_days_forecast": 0.79
          },
          {
            "week_start": "2026-03-20T10:13:53Z",
            "dwell_days_forecast": 0.9
          },
          {
            "week_start": "2026-03-27T10:13:53Z",
            "dwell_days_forecast": 0.64
          },
          {
            "week_start": "2026-04-03T10:13:53Z",
            "dwell_days_forecast": 0.97
          },
          {
            "week_start": "2026-04-10T10:13:53Z",
            "dwell_days_forecast": 0.78
          },
          {
            "week_start": "2026-04-17T10:13:53Z",
            "dwell_days_forecast": 0.84
          },
          {
            "week_start": "2026-04-24T10:13:53Z",
            "dwell_days_forecast": 0.67
          },
          {
            "week_start": "2026-05-01T10:13:53Z",
            "dwell_days_forecast": 0.98
          }
        ]
      }
    },
    {
      "id": "TNODE_004",
      "entity_id": "FCT_BUS_12",
      "name": "Busan Plant 12",
      "node_type": "consuming_factory",
      "lat": 35.06952378010641,
      "lon": 128.93519576043013,
      "metrics": {
        "dwell_avg_days": 1.78,
        "transit_time_variance_days": 0.05,
        "delay_vs_plan_variance_days": 0.05,
        "handling_cost_usd": 4766.52,
        "dwell_forecast_next_12w": [
          {
            "week_start": "2026-02-13T10:13:53Z",
            "dwell_days_forecast": 1.62
          },
          {
            "week_start": "2026-02-20T10:13:53Z",
            "dwell_days_forecast": 1.99
          },
          {
            "week_start": "2026-02-27T10:13:53Z",
            "dwell_days_forecast": 1.71
          },
          {
            "week_start": "2026-03-06T10:13:53Z",
            "dwell_days_forecast": 2.03
          },
          {
            "week_start": "2026-03-13T10:13:53Z",
            "dwell_days_forecast": 1.78
          },
          {
            "week_start": "2026-03-20T10:13:53Z",
            "dwell_days_forecast": 1.69
          },
          {
            "week_start": "2026-03-27T10:13:53Z",
            "dwell_days_forecast": 1.72
          },
          {
            "week_start": "2026-04-03T10:13:53Z",
            "dwell_days_forecast": 1.59
          },
          {
            "week_start": "2026-04-10T10:13:53Z",
            "dwell_days_forecast": 1.8
          },
          {
            "week_start": "2026-04-17T10:13:53Z",
            "dwell_days_forecast": 1.61
          },
          {
            "week_start": "2026-04-24T10:13:53Z",
            "dwell_days_forecast": 1.63
          },
          {
            "week_start": "2026-05-01T10:13:53Z",
            "dwell_days_forecast": 1.31
          }
        ]
      }
    }
  ],
  "edges": [
    {
      "id": "TEDGE_001",
      "from_node_id": "TNODE_001",
      "to_node_id": "TNODE_002",
      "label": "Pickup to export port",
      "underlying_segment_ids": [
        "SEG_00369"
      ],
      "mode_mix": [
        "road"
      ],
      "geometry": [
        [
          139.64139167490626,
          35.85262543870724
        ],
        [
          139.646970692567,
          35.82244565489851
        ],
        [
          139.65254971022773,
          35.792265871089775
        ],
        [
          139.65812872788848,
          35.76208608728105
        ],
        [
          139.6637077455492,
          35.731906303472314
        ],
        [
          139.66928676320995,
          35.70172651966358
        ]
      ],
      "metrics": {
        "avg_days": 0.65,
        "transit_time_variance_days": 1.45,
        "delay_vs_plan_variance_days": 1.21,
        "cost_usd_per_ton": 587.1,
        "time_distribution": {
          "p10": 0.1,
          "p50": 0.65,
          "p90": 2.58
        },
        "forecast_next_12w": [
          {
            "week_start": "2026-02-13T10:13:53Z",
            "avg_days_forecast": 0.59,
            "variance_days_forecast": 1.35,
            "cost_usd_per_ton_forecast": 554.64
          },
          {
            "week_start": "2026-02-20T10:13:53Z",
            "avg_days_forecast": 1.09,
            "variance_days_forecast": 1.45,
            "cost_usd_per_ton_forecast": 597.99
          },
          {
            "week_start": "2026-02-27T10:13:53Z",
            "avg_days_forecast": 0.76,
            "variance_days_forecast": 1.38,
            "cost_usd_per_ton_forecast": 607.36
          },
          {
            "week_start": "2026-03-06T10:13:53Z",
            "avg_days_forecast": 0.5,
            "variance_days_forecast": 1.42,
            "cost_usd_per_ton_forecast": 553.93
          },
          {
            "week_start": "2026-03-13T10:13:53Z",
            "avg_days_forecast": 0.61,
            "variance_days_forecast": 1.35,
            "cost_usd_per_ton_forecast": 576.93
          },
          {
            "week_start": "2026-03-20T10:13:53Z",
            "avg_days_forecast": 0.34,
            "variance_days_forecast": 1.47,
            "cost_usd_per_ton_forecast": 601.13
          },
          {
            "week_start": "2026-03-27T10:13:53Z",
            "avg_days_forecast": 0.72,
            "variance_days_forecast": 1.38,
            "cost_usd_per_ton_forecast": 572.06
          },
          {
            "week_start": "2026-04-03T10:13:53Z",
            "avg_days_forecast": 0.7,
            "variance_days_forecast": 1.47,
            "cost_usd_per_ton_forecast": 600.28
          },
          {
            "week_start": "2026-04-10T10:13:53Z",
            "avg_days_forecast": 0.59,
            "variance_days_forecast": 1.34,
            "cost_usd_per_ton_forecast": 559.33
          },
          {
            "week_start": "2026-04-17T10:13:53Z",
            "avg_days_forecast": 0.33,
            "variance_days_forecast": 1.31,
            "cost_usd_per_ton_forecast": 564.47
          },
          {
            "week_start": "2026-04-24T10:13:53Z",
            "avg_days_forecast": 0.44,
            "variance_days_forecast": 1.44,
            "cost_usd_per_ton_forecast": 591.77
          },
          {
            "week_start": "2026-05-01T10:13:53Z",
            "avg_days_forecast": 0.32,
            "variance_days_forecast": 1.49,
            "cost_usd_per_ton_forecast": 596.69
          }
        ]
      }
    },
    {
      "id": "TEDGE_002",
      "from_node_id": "TNODE_002",
      "to_node_id": "TNODE_003",
      "label": "Main leg",
      "underlying_segment_ids": [
        "SEG_00530"
      ],
      "mode_mix": [
        "sea"
      ],
      "geometry": [
        [
          139.66928676320995,
          35.70172651966358
        ],
        [
          137.55090092738868,
          35.59606321740915
        ],
        [
          135.4325150915674,
          35.490399915154725
        ],
        [
          133.3141292557461,
          35.384736612900305
        ],
        [
          131.19574341992484,
          35.27907331064588
        ],
        [
          129.07735758410357,
          35.17341000839145
        ]
      ],
      "metrics": {
        "avg_days": 2.62,
        "transit_time_variance_days": 0.61,
        "delay_vs_plan_variance_days": 0.43,
        "cost_usd_per_ton": 91.2,
        "time_distribution": {
          "p10": 1.68,
          "p50": 2.62,
          "p90": 3.87
        },
        "forecast_next_12w": [
          {
            "week_start": "2026-02-13T10:13:53Z",
            "avg_days_forecast": 2.04,
            "variance_days_forecast": 0.59,
            "cost_usd_per_ton_forecast": 88.9
          },
          {
            "week_start": "2026-02-20T10:13:53Z",
            "avg_days_forecast": 2.12,
            "variance_days_forecast": 0.56,
            "cost_usd_per_ton_forecast": 86.16
          },
          {
            "week_start": "2026-02-27T10:13:53Z",
            "avg_days_forecast": 2.46,
            "variance_days_forecast": 0.6,
            "cost_usd_per_ton_forecast": 88.45
          },
          {
            "week_start": "2026-03-06T10:13:53Z",
            "avg_days_forecast": 2.3,
            "variance_days_forecast": 0.61,
            "cost_usd_per_ton_forecast": 91.71
          },
          {
            "week_start": "2026-03-13T10:13:53Z",
            "avg_days_forecast": 2.47,
            "variance_days_forecast": 0.63,
            "cost_usd_per_ton_forecast": 94.01
          },
          {
            "week_start": "2026-03-20T10:13:53Z",
            "avg_days_forecast": 2.18,
            "variance_days_forecast": 0.62,
            "cost_usd_per_ton_forecast": 90.85
          },
          {
            "week_start": "2026-03-27T10:13:53Z",
            "avg_days_forecast": 2.66,
            "variance_days_forecast": 0.59,
            "cost_usd_per_ton_forecast": 90.21
          },
          {
            "week_start": "2026-04-03T10:13:53Z",
            "avg_days_forecast": 2.25,
            "variance_days_forecast": 0.55,
            "cost_usd_per_ton_forecast": 89.47
          },
          {
            "week_start": "2026-04-10T10:13:53Z",
            "avg_days_forecast": 1.97,
            "variance_days_forecast": 0.57,
            "cost_usd_per_ton_forecast": 92.74
          },
          {
            "week_start": "2026-04-17T10:13:53Z",
            "avg_days_forecast": 2.29,
            "variance_days_forecast": 0.59,
            "cost_usd_per_ton_forecast": 89.66
          },
          {
            "week_start": "2026-04-24T10:13:53Z",
            "avg_days_forecast": 2.24,
            "variance_days_forecast": 0.57,
            "cost_usd_per_ton_forecast": 86.37
          },
          {
            "week_start": "2026-05-01T10:13:53Z",
            "avg_days_forecast": 2.3,
            "variance_days_forecast": 0.56,
            "cost_usd_per_ton_forecast": 90.63
          }
        ]
      }
    },
    {
      "id": "TEDGE_003",
      "from_node_id": "TNODE_003",
      "to_node_id": "TNODE_004",
      "label": "Delivery to plant",
      "underlying_segment_ids": [
        "SEG_00406"
      ],
      "mode_mix": [
        "road"
      ],
      "geometry": [
        [
          129.07735758410357,
          35.17341000839145
        ],
        [
          129.04892521936887,
          35.15263276273444
        ],
        [
          129.0204928546342,
          35.13185551707743
        ],
        [
          128.9920604898995,
          35.111078271420425
        ],
        [
          128.96362812516483,
          35.09030102576342
        ],
        [
          128.93519576043013,
          35.06952378010641
        ]
      ],
      "metrics": {
        "avg_days": 0.27,
        "transit_time_variance_days": 0.19,
        "delay_vs_plan_variance_days": 0.12,
        "cost_usd_per_ton": 345.46,
        "time_distribution": {
          "p10": 0.1,
          "p50": 0.27,
          "p90": 0.97
        },
        "forecast_next_12w": [
          {
            "week_start": "2026-02-13T10:13:53Z",
            "avg_days_forecast": 0.62,
            "variance_days_forecast": 0.19,
            "cost_usd_per_ton_forecast": 353.1
          },
          {
            "week_start": "2026-02-20T10:13:53Z",
            "avg_days_forecast": 0.17,
            "variance_days_forecast": 0.19,
            "cost_usd_per_ton_forecast": 339.56
          },
          {
            "week_start": "2026-02-27T10:13:53Z",
            "avg_days_forecast": 0.26,
            "variance_days_forecast": 0.18,
            "cost_usd_per_ton_forecast": 354.58
          },
          {
            "week_start": "2026-03-06T10:13:53Z",
            "avg_days_forecast": 0.38,
            "variance_days_forecast": 0.18,
            "cost_usd_per_ton_forecast": 354.9
          },
          {
            "week_start": "2026-03-13T10:13:53Z",
            "avg_days_forecast": 0.34,
            "variance_days_forecast": 0.18,
            "cost_usd_per_ton_forecast": 338.18
          },
          {
            "week_start": "2026-03-20T10:13:53Z",
            "avg_days_forecast": 0.1,
            "variance_days_forecast": 0.18,
            "cost_usd_per_ton_forecast": 331.82
          },
          {
            "week_start": "2026-03-27T10:13:53Z",
            "avg_days_forecast": 0.1,
            "variance_days_forecast": 0.19,
            "cost_usd_per_ton_forecast": 335.72
          },
          {
            "week_start": "2026-04-03T10:13:53Z",
            "avg_days_forecast": 0.53,
            "variance_days_forecast": 0.18,
            "cost_usd_per_ton_forecast": 342.85
          },
          {
            "week_start": "2026-04-10T10:13:53Z",
            "avg_days_forecast": 0.55,
            "variance_days_forecast": 0.19,
            "cost_usd_per_ton_forecast": 351.62
          },
          {
            "week_start": "2026-04-17T10:13:53Z",
            "avg_days_forecast": 0.2,
            "variance_days_forecast": 0.18,
            "cost_usd_per_ton_forecast": 351.06
          },
          {
            "week_start": "2026-04-24T10:13:53Z",
            "avg_days_forecast": 0.18,
            "variance_days_forecast": 0.19,
            "cost_usd_per_ton_forecast": 349.18
          },
          {
            "week_start": "2026-05-01T10:13:53Z",
            "avg_days_forecast": 0.1,
            "variance_days_forecast": 0.18,
            "cost_usd_per_ton_forecast": 337.71
          }
        ]
      }
    }
  ]
}