{
  "generated_at": "2026-02-13T10:13:53Z",
  "item": {
    "id": "MAT_MICROCONTROLLER_33",
    "type": "material",
    "name": "Microcontroller",
    "category": "Mechanical",
    "unit": "unit",
    "description": "Synthetic material record for Microcontroller.",
    "active": true
  },
  "tree_type": "material_supply_chain",
  "metric_options": [
    {
      "id": "avg_days",
      "label": "Avg days (historical)"
    },
    {
      "id": "transit_time_variance_days",
      "label": "Variance of transit time"
    },
    {
      "id": "delay_vs_plan_variance_days",
      "label": "Variance of delay vs plan"
    }
  ],
  "nodes": [
    {
      "id": "TNODE_001",
      "entity_id": "FCT_HON_07",
      "name": "Hong Kong Plant 07",
      "node_type": "supplier_factory",
      "lat": 22.367710928428856,
      "lon": 114.21325236489805,
      "metrics": {
        "dwell_avg_days": 0.52,
        "transit_time_variance_days": 0.95,
        "delay_vs_plan_variance_days": 0.41,
        "handling_cost_usd": 4852.69,
        "dwell_forecast_next_12w": [
          {
            "week_start": "2026-02-13T10:13:53Z",
            "dwell_days_forecast": 0.18
          },
          {
            "week_start": "2026-02-20T10:13:53Z",
            "dwell_days_forecast": 0.48
          },
          {
            "week_start": "2026-02-27T10:13:53Z",
            "dwell_days_forecast": 0.59
          },
          {
            "week_start": "2026-03-06T10:13:53Z",
            "dwell_days_forecast": 0.59
          },
          {
            "week_start": "2026-03-13T10:13:53Z",
            "dwell_days_forecast": 0.61
          },
          {
            "week_start": "2026-03-20T10:13:53Z",
            "dwell_days_forecast": 0.54
          },
          {
            "week_start": "2026-03-27T10:13:53Z",
            "dwell_days_forecast": 0.59
          },
          {
            "week_start": "2026-04-03T10:13:53Z",
            "dwell_days_forecast": 0.63
          },
          {
            "week_start": "2026-04-10T10:13:53Z",
            "dwell_days_forecast": 0.48
          },
          {
            "week_start": "2026-04-17T10:13:53Z",
            "dwell_days_forecast": 0.86
          },
          {
            "week_start": "2026-04-24T10:13:53Z",
            "dwell_days_forecast": 0.61
          },
          {
            "week_start": "2026-05-01T10:13:53Z",
            "dwell_days_forecast": 0.49
          }
        ]
      }
    },
    {
      "id": "TNODE_002",
      "entity_id": "PRT_HON",
      "name": "Port of Hong Kong",
      "node_type": "export_port",
      "lat": 22.316828237809872,
      "lon": 114.17438035934948,
      "metrics": {
        "dwell_avg_days": 0.82,
        "transit_time_variance_days": 1.82,
        "delay_vs_plan_variance_days": 0.78,
        "handling_cost_usd": 501.99,
        "dwell_forecast_next_12w": [
          {
            "week_start": "2026-02-13T10:13:53Z",
            "dwell_days_forecast": 0.9
          },
          {
            "week_start": "2026-02-20T10:13:53Z",
            "dwell_days_forecast": 0.76
          },
          {
            "week_start": "2026-02-27T10:13:53Z",
            "dwell_days_forecast": 0.77
          },
          {
            "week_start": "2026-03-06T10:13:53Z",
            "dwell_days_forecast": 0.96
          },
          {
            "week_start": "2026-03-13T10:13:53Z",
            "dwell_days_forecast": 0.78
          },
          {
            "week_start": "2026-03-20T10:13:53Z",
            "dwell_days_forecast": 0.66
          },
          {
            "week_start": "2026-03-27T10:13:53Z",
            "dwell_days_forecast": 0.79
          },
          {
            "week_start": "2026-04-03T10:13:53Z",
            "dwell_days_forecast": 0.71
          },
          {
            "week_start": "2026-04-10T10:13:53Z",
            "dwell_days_forecast": 0.78
          },
          {
            "week_start": "2026-04-17T10:13:53Z",
            "dwell_days_forecast": 0.65
          },
          {
            "week_start": "2026-04-24T10:13:53Z",
            "dwell_days_forecast": 0.66
          },
          {
            "week_start": "2026-05-01T10:13:53Z",
            "dwell_days_forecast": 0.96
          }
        ]
      }
    },
    {
      "id": "TNODE_003",
      "entity_id": "PRT_TOK",
      "name": "Port of Tokyo",
      "node_type": "import_port",
      "lat": 35.70172651966358,
      "lon": 139.66928676320995,
      "metrics": {
        "dwell_avg_days": 1.7,
        "transit_time_variance_days": 0.53,
        "delay_vs_plan_variance_days": 0.44,
        "handling_cost_usd": 2963.47,
        "dwell_forecast_next_12w": [
          {
            "week_start": "2026-02-13T10:13:53Z",
            "dwell_days_forecast": 1.78
          },
          {
            "week_start": "2026-02-20T10:13:53Z",
            "dwell_days_forecast": 1.72
          },
          {
            "week_start": "2026-02-27T10:13:53Z",
            "dwell_days_forecast": 1.81
          },
          {
            "week_start": "2026-03-06T10:13:53Z",
            "dwell_days_forecast": 1.84
          },
          {
            "week_start": "2026-03-13T10:13:53Z",
            "dwell_days_forecast": 1.62
          },
          {
            "week_start": "2026-03-20T10:13:53Z",
            "dwell_days_forecast": 1.74
          },
          {
            "week_start": "2026-03-27T10:13:53Z",
            "dwell_days_forecast": 1.75
          },
          {
            "week_start": "2026-04-03T10:13:53Z",
            "dwell_days_forecast": 1.84
          },
          {
            "week_start": "2026-04-10T10:13:53Z",
            "dwell_days_forecast": 1.7
          },
          {
            "week_start": "2026-04-17T10:13:53Z",
            "dwell_days_forecast": 1.89
          },
          {
            "week_start": "2026-04-24T10:13:53Z",
            "dwell_days_forecast": 1.69
          },
          {
            "week_start": "2026-05-01T10:13:53Z",
            "dwell_days_forecast": 1.75
          }
        ]
      }
    },
    {
      "id": "TNODE_004",
      "entity_id": "FCT_TOK_03",
      "name": "Tokyo Plant 03",
      "node_type": "consuming_factory",
      "lat": 35.85262543870724,
      "lon": 139.64139167490626,
      "metrics": {
        "dwell_avg_days": 3.34,
        "transit_time_variance_days": 0.43,
        "delay_vs_plan_variance_days": 0.29,
        "handling_cost_usd": 1123.41,
        "dwell_forecast_next_12w": [
          {
            "week_start": "2026-02-13T10:13:53Z",
            "dwell_days_forecast": 3.65
          },
          {
            "week_start": "2026-02-20T10:13:53Z",
            "dwell_days_forecast": 3.26
          },
          {
            "week_start": "2026-02-27T10:13:53Z",
            "dwell_days_forecast": 3.23
          },
          {
            "week_start": "2026-03-06T10:13:53Z",
            "dwell_days_forecast": 3.44
          },
          {
            "week_start": "2026-03-13T10:13:53Z",
            "dwell_days_forecast": 3.68
          },
          {
            "week_start": "2026-03-20T10:13:53Z",
            "dwell_days_forecast": 3.84
          },
          {
            "week_start": "2026-03-27T10:13:53Z",
            "dwell_days_forecast": 3.58
          },
          {
            "week_start": "2026-04-03T10:13:53Z",
            "dwell_days_forecast": 3.28
          },
          {
            "week_start": "2026-04-10T10:13:53Z",
            "dwell_days_forecast": 3.41
          },
          {
            "week_start": "2026-04-17T10:13:53Z",
            "dwell_days_forecast": 3.43
          },
          {
            "week_start": "2026-04-24T10:13:53Z",
            "dwell_days_forecast": 3.37
          },
          {
            "week_start": "2026-05-01T10:13:53Z",
            "dwell_days_forecast": 3.04
          }
        ]
      }
    }
  ],
  "edges": [
    {
      "id": "TEDGE_001",
      "from_node_id": "TNODE_001",
      "to_node_id": "TNODE_002",
      "label": "Pickup to export port",
      "underlying_segment_ids": [
        "SEG_00385"
      ],
      "mode_mix": [
        "road"
      ],
      "geometry": [
        [
          114.21325236489805,
          22.367710928428856
        ],
        [
          114.20547796378834,
          22.35753439030506
        ],
        [
          114.19770356267863,
          22.34735785218126
        ],
        [
          114.18992916156891,
          22.337181314057467
        ],
        [
          114.1821547604592,
          22.32700477593367
        ],
        [
          114.17438035934948,
          22.316828237809872
        ]
      ],
      "metrics": {
        "avg_days": 0.62,
        "transit_time_variance_days": 0.16,
        "delay_vs_plan_variance_days": 0.09,
        "cost_usd_per_ton": 537.65,
        "time_distribution": {
          "p10": 0.14,
          "p50": 0.62,
          "p90": 1.26
        },
        "forecast_next_12w": [
          {
            "week_start": "2026-02-13T10:13:53Z",
            "avg_days_forecast": 0.41,
            "variance_days_forecast": 0.16,
            "cost_usd_per_ton_forecast": 509.11
          },
          {
            "week_start": "2026-02-20T10:13:53Z",
            "avg_days_forecast": 0.67,
            "variance_days_forecast": 0.16,
            "cost_usd_per_ton_forecast": 543.58
          },
          {
            "week_start": "2026-02-27T10:13:53Z",
            "avg_days_forecast": 0.64,
            "variance_days_forecast": 0.16,
            "cost_usd_per_ton_forecast": 543.49
          },
          {
            "week_start": "2026-03-06T10:13:53Z",
            "avg_days_forecast": 0.48,
            "variance_days_forecast": 0.16,
            "cost_usd_per_ton_forecast": 510.73
          },
          {
            "week_start": "2026-03-13T10:13:53Z",
            "avg_days_forecast": 0.58,
            "variance_days_forecast": 0.15,
            "cost_usd_per_ton_forecast": 552.56
          },
          {
            "week_start": "2026-03-20T10:13:53Z",
            "avg_days_forecast": 0.42,
            "variance_days_forecast": 0.15,
            "cost_usd_per_ton_forecast": 535.37
          },
          {
            "week_start": "2026-03-27T10:13:53Z",
            "avg_days_forecast": 0.27,
            "variance_days_forecast": 0.15,
            "cost_usd_per_ton_forecast": 546.98
          },
          {
            "week_start": "2026-04-03T10:13:53Z",
            "avg_days_forecast": 0.45,
            "variance_days_forecast": 0.16,
            "cost_usd_per_ton_forecast": 507.31
          },
          {
            "week_start": "2026-04-10T10:13:53Z",
            "avg_days_forecast": 0.11,
            "variance_days_forecast": 0.15,
            "cost_usd_per_ton_forecast": 530.21
          },
          {
            "week_start": "2026-04-17T10:13:53Z",
            "avg_days_forecast": 0.53,
            "variance_days_forecast": 0.15,
            "cost_usd_per_ton_forecast": 514.61
          },
          {
            "week_start": "2026-04-24T10:13:53Z",
            "avg_days_forecast": 0.69,
            "variance_days_forecast": 0.16,
            "cost_usd_per_ton_forecast": 538.69
          },
          {
            "week_start": "2026-05-01T10:13:53Z",
            "avg_days_forecast": 0.61,
            "variance_days_forecast": 0.15,
            "cost_usd_per_ton_forecast": 521.96
          }
        ]
      }
    },
    {
      "id": "TEDGE_002",
      "from_node_id": "TNODE_002",
      "to_node_id": "TNODE_003",
      "label": "Main leg",
      "underlying_segment_ids": [
        "SEG_00434",
        "SEG_00442",
        "SEG_00219",
        "SEG_00648",
        "SEG_00154",
        "SEG_00194",
        "SEG_00372",
        "SEG_00369"
      ],
      "mode_mix": [
        "air",
        "road"
      ],
      "geometry": [
        [
          114.17438035934948,
          22.316828237809872
        ],
        [
          114.1600489589728,
          22.30515947475147
        ],
        [
          114.1457175585961,
          22.293490711693067
        ],
        [
          114.13138615821941,
          22.281821948634665
        ],
        [
          114.11705475784272,
          22.270153185576262
        ],
        [
          114.10272335746603,
          22.25848442251786
        ],
        [
          114.08458566969792,
          22.29225123310021
        ],
        [
          114.06644798192978,
          22.32601804368256
        ],
        [
          114.04831029416167,
          22.35978485426491
        ],
        [
          114.03017260639353,
          22.39355166484726
        ],
        [
          114.01203491862542,
          22.427318475429608
        ],
        [
          114.01326380733377,
          22.445465375128144
        ],
        [
          114.01449269604213,
          22.46361227482668
        ],
        [
          114.01572158475048,
          22.48175917452522
        ],
        [
          114.01695047345883,
          22.499906074223755
        ],
        [
          114.01817936216719,
          22.51805297392229
        ],
        [
          102.26296657597909,
          23.046867593559824
        ],
        [
          90.507753789791,
          23.57568221319736
        ],
        [
          78.7525410036029,
          24.104496832834894
        ],
        [
          66.9973282174148,
          24.63331145247243
        ],
        [
          55.24211543122671,
          25.162126072109963
        ],
        [
          64.94981425750943,
          20.40586834787068
        ],
        [
          74.65751308379214,
          15.649610623631396
        ],
        [
          84.36521191007486,
          10.893352899392113
        ],
        [
          94.07291073635758,
          6.1370951751528295
        ],
        [
          103.7806095626403,
          1.3808374509135461
        ],
        [
          103.7806095626403,
          1.3808374509135473
        ],
        [
          110.9621759742055,
          8.246125395129647
        ],
        [
          118.14374238577071,
          15.111413339345747
        ],
        [
          125.32530879733591,
          21.976701283561844
        ],
        [
          132.5068752089011,
          28.841989227777944
        ],
        [
          139.6884416204663,
          35.70727717199404
        ],
        [
          139.6790316313543,
          35.73634682533668
        ],
        [
          139.66962164224228,
          35.76541647867932
        ],
        [
          139.6602116531303,
          35.794486132021966
        ],
        [
          139.65080166401827,
          35.823555785364604
        ],
        [
          139.64139167490626,
          35.85262543870724
        ],
        [
          139.646970692567,
          35.82244565489851
        ],
        [
          139.65254971022773,
          35.792265871089775
        ],
        [
          139.65812872788848,
          35.76208608728105
        ],
        [
          139.6637077455492,
          35.731906303472314
        ],
        [
          139.66928676320995,
          35.70172651966358
        ]
      ],
      "metrics": {
        "avg_days": 4.09,
        "transit_time_variance_days": 7.59,
        "delay_vs_plan_variance_days": 4.97,
        "cost_usd_per_ton": 9790.37,
        "time_distribution": {
          "p10": 0.78,
          "p50": 4.09,
          "p90": 8.5
        },
        "forecast_next_12w": [
          {
            "week_start": "2026-02-13T10:13:53Z",
            "avg_days_forecast": 4.12,
            "variance_days_forecast": 7.75,
            "cost_usd_per_ton_forecast": 9716.83
          },
          {
            "week_start": "2026-02-20T10:13:53Z",
            "avg_days_forecast": 4.12,
            "variance_days_forecast": 6.84,
            "cost_usd_per_ton_forecast": 9300.2
          },
          {
            "week_start": "2026-02-27T10:13:53Z",
            "avg_days_forecast": 4.11,
            "variance_days_forecast": 7.42,
            "cost_usd_per_ton_forecast": 10102.8
          },
          {
            "week_start": "2026-03-06T10:13:53Z",
            "avg_days_forecast": 3.85,
            "variance_days_forecast": 6.99,
            "cost_usd_per_ton_forecast": 9818.46
          },
          {
            "week_start": "2026-03-13T10:13:53Z",
            "avg_days_forecast": 4.03,
            "variance_days_forecast": 7.56,
            "cost_usd_per_ton_forecast": 9617.23
          },
          {
            "week_start": "2026-03-20T10:13:53Z",
            "avg_days_forecast": 4.22,
            "variance_days_forecast": 7.77,
            "cost_usd_per_ton_forecast": 9942.45
          },
          {
            "week_start": "2026-03-27T10:13:53Z",
            "avg_days_forecast": 3.71,
            "variance_days_forecast": 7.12,
            "cost_usd_per_ton_forecast": 9700.58
          },
          {
            "week_start": "2026-04-03T10:13:53Z",
            "avg_days_forecast": 3.8,
            "variance_days_forecast": 7.58,
            "cost_usd_per_ton_forecast": 10018.12
          },
          {
            "week_start": "2026-04-10T10:13:53Z",
            "avg_days_forecast": 3.65,
            "variance_days_forecast": 7.18,
            "cost_usd_per_ton_forecast": 9740.07
          },
          {
            "week_start": "2026-04-17T10:13:53Z",
            "avg_days_forecast": 3.41,
            "variance_days_forecast": 7.2,
            "cost_usd_per_ton_forecast": 9259.99
          },
          {
            "week_start": "2026-04-24T10:13:53Z",
            "avg_days_forecast": 3.28,
            "variance_days_forecast": 7.54,
            "cost_usd_per_ton_forecast": 9568.36
          },
          {
            "week_start": "2026-05-01T10:13:53Z",
            "avg_days_forecast": 3.5,
            "variance_days_forecast": 7.81,
            "cost_usd_per_ton_forecast": 10013.61
          }
        ]
      }
    },
    {
      "id": "TEDGE_003",
      "from_node_id": "TNODE_003",
      "to_node_id": "TNODE_004",
      "label": "Delivery to plant",
      "underlying_segment_ids": [
        "SEG_00370"
      ],
      "mode_mix": [
        "road"
      ],
      "geometry": [
        [
          139.66928676320995,
          35.70172651966358
        ],
        [
          139.6637077455492,
          35.731906303472314
        ],
        [
          139.65812872788848,
          35.76208608728105
        ],
        [
          139.65254971022773,
          35.792265871089775
        ],
        [
          139.646970692567,
          35.82244565489851
        ],
        [
          139.64139167490626,
          35.85262543870724
        ]
      ],
      "metrics": {
        "avg_days": 0.74,
        "transit_time_variance_days": 1.11,
        "delay_vs_plan_variance_days": 0.59,
        "cost_usd_per_ton": 159.58,
        "time_distribution": {
          "p10": 0.1,
          "p50": 0.74,
          "p90": 2.43
        },
        "forecast_next_12w": [
          {
            "week_start": "2026-02-13T10:13:53Z",
            "avg_days_forecast": 0.68,
            "variance_days_forecast": 1.1,
            "cost_usd_per_ton_forecast": 151.17
          },
          {
            "week_start": "2026-02-20T10:13:53Z",
            "avg_days_forecast": 0.92,
            "variance_days_forecast": 1.0,
            "cost_usd_per_ton_forecast": 157.99
          },
          {
            "week_start": "2026-02-27T10:13:53Z",
            "avg_days_forecast": 0.77,
            "variance_days_forecast": 1.05,
            "cost_usd_per_ton_forecast": 160.8
          },
          {
            "week_start": "2026-03-06T10:13:53Z",
            "avg_days_forecast": 0.6,
            "variance_days_forecast": 1.07,
            "cost_usd_per_ton_forecast": 156.72
          },
          {
            "week_start": "2026-03-13T10:13:53Z",
            "avg_days_forecast": 0.8,
            "variance_days_forecast": 1.04,
            "cost_usd_per_ton_forecast": 164.44
          },
          {
            "week_start": "2026-03-20T10:13:53Z",
            "avg_days_forecast": 0.34,
            "variance_days_forecast": 1.01,
            "cost_usd_per_ton_forecast": 159.74
          },
          {
            "week_start": "2026-03-27T10:13:53Z",
            "avg_days_forecast": 0.53,
            "variance_days_forecast": 1.0,
            "cost_usd_per_ton_forecast": 151.92
          },
          {
            "week_start": "2026-04-03T10:13:53Z",
            "avg_days_forecast": 0.62,
            "variance_days_forecast": 1.0,
            "cost_usd_per_ton_forecast": 156.67
          },
          {
            "week_start": "2026-04-10T10:13:53Z",
            "avg_days_forecast": 1.01,
            "variance_days_forecast": 1.03,
            "cost_usd_per_ton_forecast": 151.05
          },
          {
            "week_start": "2026-04-17T10:13:53Z",
            "avg_days_forecast": 0.34,
            "variance_days_forecast": 1.1,
            "cost_usd_per_ton_forecast": 155.23
          },
          {
            "week_start": "2026-04-24T10:13:53Z",
            "avg_days_forecast": 0.66,
            "variance_days_forecast": 1.07,
            "cost_usd_per_ton_forecast": 163.78
          },
          {
            "week_start": "2026-05-01T10:13:53Z",
            "avg_days_forecast": 0.72,
            "variance_days_forecast": 1.0,
            "cost_usd_per_ton_forecast": 162.61
          }
        ]
      }
    }
  ]
}