{
  "generated_at": "2026-02-13T10:13:53Z",
  "item": {
    "id": "MAT_WIFI_MODULE_19",
    "type": "material",
    "name": "WiFi Module",
    "category": "Metals",
    "unit": "unit",
    "description": "Synthetic material record for WiFi Module.",
    "active": true
  },
  "tree_type": "material_supply_chain",
  "metric_options": [
    {
      "id": "avg_days",
      "label": "Avg days (historical)"
    },
    {
      "id": "transit_time_variance_days",
      "label": "Variance of transit time"
    },
    {
      "id": "delay_vs_plan_variance_days",
      "label": "Variance of delay vs plan"
    }
  ],
  "nodes": [
    {
      "id": "TNODE_001",
      "entity_id": "FCT_SHA_11",
      "name": "Shanghai Plant 11",
      "node_type": "supplier_factory",
      "lat": 31.34553121065869,
      "lon": 121.52372320286568,
      "metrics": {
        "dwell_avg_days": 1.53,
        "transit_time_variance_days": 0.73,
        "delay_vs_plan_variance_days": 0.36,
        "handling_cost_usd": 4926.51,
        "dwell_forecast_next_12w": [
          {
            "week_start": "2026-02-13T10:13:53Z",
            "dwell_days_forecast": 1.38
          },
          {
            "week_start": "2026-02-20T10:13:53Z",
            "dwell_days_forecast": 1.62
          },
          {
            "week_start": "2026-02-27T10:13:53Z",
            "dwell_days_forecast": 1.86
          },
          {
            "week_start": "2026-03-06T10:13:53Z",
            "dwell_days_forecast": 1.12
          },
          {
            "week_start": "2026-03-13T10:13:53Z",
            "dwell_days_forecast": 1.61
          },
          {
            "week_start": "2026-03-20T10:13:53Z",
            "dwell_days_forecast": 1.36
          },
          {
            "week_start": "2026-03-27T10:13:53Z",
            "dwell_days_forecast": 1.54
          },
          {
            "week_start": "2026-04-03T10:13:53Z",
            "dwell_days_forecast": 1.48
          },
          {
            "week_start": "2026-04-10T10:13:53Z",
            "dwell_days_forecast": 1.56
          },
          {
            "week_start": "2026-04-17T10:13:53Z",
            "dwell_days_forecast": 1.67
          },
          {
            "week_start": "2026-04-24T10:13:53Z",
            "dwell_days_forecast": 1.72
          },
          {
            "week_start": "2026-05-01T10:13:53Z",
            "dwell_days_forecast": 1.6
          }
        ]
      }
    },
    {
      "id": "TNODE_002",
      "entity_id": "PRT_SHA",
      "name": "Port of Shanghai",
      "node_type": "export_port",
      "lat": 31.27893213789438,
      "lon": 121.5043774804797,
      "metrics": {
        "dwell_avg_days": 1.11,
        "transit_time_variance_days": 1.13,
        "delay_vs_plan_variance_days": 0.51,
        "handling_cost_usd": 7821.66,
        "dwell_forecast_next_12w": [
          {
            "week_start": "2026-02-13T10:13:53Z",
            "dwell_days_forecast": 0.98
          },
          {
            "week_start": "2026-02-20T10:13:53Z",
            "dwell_days_forecast": 1.12
          },
          {
            "week_start": "2026-02-27T10:13:53Z",
            "dwell_days_forecast": 1.15
          },
          {
            "week_start": "2026-03-06T10:13:53Z",
            "dwell_days_forecast": 0.92
          },
          {
            "week_start": "2026-03-13T10:13:53Z",
            "dwell_days_forecast": 1.01
          },
          {
            "week_start": "2026-03-20T10:13:53Z",
            "dwell_days_forecast": 1.05
          },
          {
            "week_start": "2026-03-27T10:13:53Z",
            "dwell_days_forecast": 1.27
          },
          {
            "week_start": "2026-04-03T10:13:53Z",
            "dwell_days_forecast": 1.12
          },
          {
            "week_start": "2026-04-10T10:13:53Z",
            "dwell_days_forecast": 1.01
          },
          {
            "week_start": "2026-04-17T10:13:53Z",
            "dwell_days_forecast": 0.82
          },
          {
            "week_start": "2026-04-24T10:13:53Z",
            "dwell_days_forecast": 1.19
          },
          {
            "week_start": "2026-05-01T10:13:53Z",
            "dwell_days_forecast": 1.0
          }
        ]
      }
    },
    {
      "id": "TNODE_003",
      "entity_id": "PRT_BUS",
      "name": "Port of Busan",
      "node_type": "import_port",
      "lat": 35.17341000839145,
      "lon": 129.07735758410357,
      "metrics": {
        "dwell_avg_days": 1.54,
        "transit_time_variance_days": 0.62,
        "delay_vs_plan_variance_days": 0.55,
        "handling_cost_usd": 1738.22,
        "dwell_forecast_next_12w": [
          {
            "week_start": "2026-02-13T10:13:53Z",
            "dwell_days_forecast": 1.64
          },
          {
            "week_start": "2026-02-20T10:13:53Z",
            "dwell_days_forecast": 1.57
          },
          {
            "week_start": "2026-02-27T10:13:53Z",
            "dwell_days_forecast": 1.58
          },
          {
            "week_start": "2026-03-06T10:13:53Z",
            "dwell_days_forecast": 1.81
          },
          {
            "week_start": "2026-03-13T10:13:53Z",
            "dwell_days_forecast": 1.67
          },
          {
            "week_start": "2026-03-20T10:13:53Z",
            "dwell_days_forecast": 1.47
          },
          {
            "week_start": "2026-03-27T10:13:53Z",
            "dwell_days_forecast": 1.32
          },
          {
            "week_start": "2026-04-03T10:13:53Z",
            "dwell_days_forecast": 1.33
          },
          {
            "week_start": "2026-04-10T10:13:53Z",
            "dwell_days_forecast": 1.18
          },
          {
            "week_start": "2026-04-17T10:13:53Z",
            "dwell_days_forecast": 1.71
          },
          {
            "week_start": "2026-04-24T10:13:53Z",
            "dwell_days_forecast": 1.47
          },
          {
            "week_start": "2026-05-01T10:13:53Z",
            "dwell_days_forecast": 1.57
          }
        ]
      }
    },
    {
      "id": "TNODE_004",
      "entity_id": "FCT_BUS_12",
      "name": "Busan Plant 12",
      "node_type": "consuming_factory",
      "lat": 35.06952378010641,
      "lon": 128.93519576043013,
      "metrics": {
        "dwell_avg_days": 0.51,
        "transit_time_variance_days": 1.69,
        "delay_vs_plan_variance_days": 1.02,
        "handling_cost_usd": 1867.94,
        "dwell_forecast_next_12w": [
          {
            "week_start": "2026-02-13T10:13:53Z",
            "dwell_days_forecast": 0.51
          },
          {
            "week_start": "2026-02-20T10:13:53Z",
            "dwell_days_forecast": 0.49
          },
          {
            "week_start": "2026-02-27T10:13:53Z",
            "dwell_days_forecast": 0.53
          },
          {
            "week_start": "2026-03-06T10:13:53Z",
            "dwell_days_forecast": 0.31
          },
          {
            "week_start": "2026-03-13T10:13:53Z",
            "dwell_days_forecast": 0.53
          },
          {
            "week_start": "2026-03-20T10:13:53Z",
            "dwell_days_forecast": 0.43
          },
          {
            "week_start": "2026-03-27T10:13:53Z",
            "dwell_days_forecast": 0.25
          },
          {
            "week_start": "2026-04-03T10:13:53Z",
            "dwell_days_forecast": 0.46
          },
          {
            "week_start": "2026-04-10T10:13:53Z",
            "dwell_days_forecast": 0.36
          },
          {
            "week_start": "2026-04-17T10:13:53Z",
            "dwell_days_forecast": 0.53
          },
          {
            "week_start": "2026-04-24T10:13:53Z",
            "dwell_days_forecast": 0.3
          },
          {
            "week_start": "2026-05-01T10:13:53Z",
            "dwell_days_forecast": 0.3
          }
        ]
      }
    }
  ],
  "edges": [
    {
      "id": "TEDGE_001",
      "from_node_id": "TNODE_001",
      "to_node_id": "TNODE_002",
      "label": "Pickup to export port",
      "underlying_segment_ids": [
        "SEG_00401"
      ],
      "mode_mix": [
        "road"
      ],
      "geometry": [
        [
          121.52372320286568,
          31.34553121065869
        ],
        [
          121.51985405838849,
          31.33221139610583
        ],
        [
          121.5159849139113,
          31.31889158155297
        ],
        [
          121.51211576943409,
          31.305571767000103
        ],
        [
          121.5082466249569,
          31.29225195244724
        ],
        [
          121.5043774804797,
          31.27893213789438
        ]
      ],
      "metrics": {
        "avg_days": 0.34,
        "transit_time_variance_days": 1.68,
        "delay_vs_plan_variance_days": 1.47,
        "cost_usd_per_ton": 670.09,
        "time_distribution": {
          "p10": 0.1,
          "p50": 0.34,
          "p90": 2.41
        },
        "forecast_next_12w": [
          {
            "week_start": "2026-02-13T10:13:53Z",
            "avg_days_forecast": 0.39,
            "variance_days_forecast": 1.55,
            "cost_usd_per_ton_forecast": 641.74
          },
          {
            "week_start": "2026-02-20T10:13:53Z",
            "avg_days_forecast": 0.14,
            "variance_days_forecast": 1.69,
            "cost_usd_per_ton_forecast": 653.11
          },
          {
            "week_start": "2026-02-27T10:13:53Z",
            "avg_days_forecast": 0.67,
            "variance_days_forecast": 1.71,
            "cost_usd_per_ton_forecast": 691.03
          },
          {
            "week_start": "2026-03-06T10:13:53Z",
            "avg_days_forecast": 0.35,
            "variance_days_forecast": 1.59,
            "cost_usd_per_ton_forecast": 674.39
          },
          {
            "week_start": "2026-03-13T10:13:53Z",
            "avg_days_forecast": 0.27,
            "variance_days_forecast": 1.62,
            "cost_usd_per_ton_forecast": 662.17
          },
          {
            "week_start": "2026-03-20T10:13:53Z",
            "avg_days_forecast": 0.1,
            "variance_days_forecast": 1.52,
            "cost_usd_per_ton_forecast": 695.9
          },
          {
            "week_start": "2026-03-27T10:13:53Z",
            "avg_days_forecast": 0.23,
            "variance_days_forecast": 1.57,
            "cost_usd_per_ton_forecast": 694.93
          },
          {
            "week_start": "2026-04-03T10:13:53Z",
            "avg_days_forecast": 0.28,
            "variance_days_forecast": 1.57,
            "cost_usd_per_ton_forecast": 638.3
          },
          {
            "week_start": "2026-04-10T10:13:53Z",
            "avg_days_forecast": 0.36,
            "variance_days_forecast": 1.55,
            "cost_usd_per_ton_forecast": 688.8
          },
          {
            "week_start": "2026-04-17T10:13:53Z",
            "avg_days_forecast": 0.3,
            "variance_days_forecast": 1.63,
            "cost_usd_per_ton_forecast": 633.36
          },
          {
            "week_start": "2026-04-24T10:13:53Z",
            "avg_days_forecast": 0.49,
            "variance_days_forecast": 1.71,
            "cost_usd_per_ton_forecast": 638.2
          },
          {
            "week_start": "2026-05-01T10:13:53Z",
            "avg_days_forecast": 0.1,
            "variance_days_forecast": 1.7,
            "cost_usd_per_ton_forecast": 669.37
          }
        ]
      }
    },
    {
      "id": "TEDGE_002",
      "from_node_id": "TNODE_002",
      "to_node_id": "TNODE_003",
      "label": "Main leg",
      "underlying_segment_ids": [
        "SEG_00065"
      ],
      "mode_mix": [
        "sea"
      ],
      "geometry": [
        [
          121.5043774804797,
          31.27893213789438
        ],
        [
          123.01897350120447,
          32.057827711993795
        ],
        [
          124.53356952192925,
          32.83672328609321
        ],
        [
          126.04816554265402,
          33.61561886019262
        ],
        [
          127.5627615633788,
          34.394514434292034
        ],
        [
          129.07735758410357,
          35.17341000839145
        ]
      ],
      "metrics": {
        "avg_days": 2.86,
        "transit_time_variance_days": 1.3,
        "delay_vs_plan_variance_days": 0.74,
        "cost_usd_per_ton": 148.2,
        "time_distribution": {
          "p10": 1.49,
          "p50": 2.86,
          "p90": 4.68
        },
        "forecast_next_12w": [
          {
            "week_start": "2026-02-13T10:13:53Z",
            "avg_days_forecast": 2.63,
            "variance_days_forecast": 1.19,
            "cost_usd_per_ton_forecast": 146.48
          },
          {
            "week_start": "2026-02-20T10:13:53Z",
            "avg_days_forecast": 2.92,
            "variance_days_forecast": 1.31,
            "cost_usd_per_ton_forecast": 140.89
          },
          {
            "week_start": "2026-02-27T10:13:53Z",
            "avg_days_forecast": 2.88,
            "variance_days_forecast": 1.34,
            "cost_usd_per_ton_forecast": 147.01
          },
          {
            "week_start": "2026-03-06T10:13:53Z",
            "avg_days_forecast": 2.68,
            "variance_days_forecast": 1.3,
            "cost_usd_per_ton_forecast": 143.32
          },
          {
            "week_start": "2026-03-13T10:13:53Z",
            "avg_days_forecast": 2.51,
            "variance_days_forecast": 1.29,
            "cost_usd_per_ton_forecast": 144.51
          },
          {
            "week_start": "2026-03-20T10:13:53Z",
            "avg_days_forecast": 2.46,
            "variance_days_forecast": 1.22,
            "cost_usd_per_ton_forecast": 145.06
          },
          {
            "week_start": "2026-03-27T10:13:53Z",
            "avg_days_forecast": 2.55,
            "variance_days_forecast": 1.28,
            "cost_usd_per_ton_forecast": 150.44
          },
          {
            "week_start": "2026-04-03T10:13:53Z",
            "avg_days_forecast": 2.09,
            "variance_days_forecast": 1.27,
            "cost_usd_per_ton_forecast": 147.85
          },
          {
            "week_start": "2026-04-10T10:13:53Z",
            "avg_days_forecast": 2.8,
            "variance_days_forecast": 1.33,
            "cost_usd_per_ton_forecast": 150.06
          },
          {
            "week_start": "2026-04-17T10:13:53Z",
            "avg_days_forecast": 2.69,
            "variance_days_forecast": 1.18,
            "cost_usd_per_ton_forecast": 148.55
          },
          {
            "week_start": "2026-04-24T10:13:53Z",
            "avg_days_forecast": 1.99,
            "variance_days_forecast": 1.29,
            "cost_usd_per_ton_forecast": 150.73
          },
          {
            "week_start": "2026-05-01T10:13:53Z",
            "avg_days_forecast": 2.5,
            "variance_days_forecast": 1.25,
            "cost_usd_per_ton_forecast": 148.0
          }
        ]
      }
    },
    {
      "id": "TEDGE_003",
      "from_node_id": "TNODE_003",
      "to_node_id": "TNODE_004",
      "label": "Delivery to plant",
      "underlying_segment_ids": [
        "SEG_00406"
      ],
      "mode_mix": [
        "road"
      ],
      "geometry": [
        [
          129.07735758410357,
          35.17341000839145
        ],
        [
          129.04892521936887,
          35.15263276273444
        ],
        [
          129.0204928546342,
          35.13185551707743
        ],
        [
          128.9920604898995,
          35.111078271420425
        ],
        [
          128.96362812516483,
          35.09030102576342
        ],
        [
          128.93519576043013,
          35.06952378010641
        ]
      ],
      "metrics": {
        "avg_days": 0.27,
        "transit_time_variance_days": 0.19,
        "delay_vs_plan_variance_days": 0.12,
        "cost_usd_per_ton": 345.46,
        "time_distribution": {
          "p10": 0.1,
          "p50": 0.27,
          "p90": 0.97
        },
        "forecast_next_12w": [
          {
            "week_start": "2026-02-13T10:13:53Z",
            "avg_days_forecast": 0.26,
            "variance_days_forecast": 0.19,
            "cost_usd_per_ton_forecast": 349.22
          },
          {
            "week_start": "2026-02-20T10:13:53Z",
            "avg_days_forecast": 0.58,
            "variance_days_forecast": 0.19,
            "cost_usd_per_ton_forecast": 344.23
          },
          {
            "week_start": "2026-02-27T10:13:53Z",
            "avg_days_forecast": 0.1,
            "variance_days_forecast": 0.17,
            "cost_usd_per_ton_forecast": 355.12
          },
          {
            "week_start": "2026-03-06T10:13:53Z",
            "avg_days_forecast": 0.46,
            "variance_days_forecast": 0.17,
            "cost_usd_per_ton_forecast": 348.23
          },
          {
            "week_start": "2026-03-13T10:13:53Z",
            "avg_days_forecast": 0.31,
            "variance_days_forecast": 0.19,
            "cost_usd_per_ton_forecast": 335.68
          },
          {
            "week_start": "2026-03-20T10:13:53Z",
            "avg_days_forecast": 0.51,
            "variance_days_forecast": 0.17,
            "cost_usd_per_ton_forecast": 349.3
          },
          {
            "week_start": "2026-03-27T10:13:53Z",
            "avg_days_forecast": 0.34,
            "variance_days_forecast": 0.18,
            "cost_usd_per_ton_forecast": 326.46
          },
          {
            "week_start": "2026-04-03T10:13:53Z",
            "avg_days_forecast": 0.25,
            "variance_days_forecast": 0.18,
            "cost_usd_per_ton_forecast": 337.73
          },
          {
            "week_start": "2026-04-10T10:13:53Z",
            "avg_days_forecast": 0.16,
            "variance_days_forecast": 0.19,
            "cost_usd_per_ton_forecast": 358.4
          },
          {
            "week_start": "2026-04-17T10:13:53Z",
            "avg_days_forecast": 0.35,
            "variance_days_forecast": 0.18,
            "cost_usd_per_ton_forecast": 344.87
          },
          {
            "week_start": "2026-04-24T10:13:53Z",
            "avg_days_forecast": 0.32,
            "variance_days_forecast": 0.18,
            "cost_usd_per_ton_forecast": 334.02
          },
          {
            "week_start": "2026-05-01T10:13:53Z",
            "avg_days_forecast": 0.23,
            "variance_days_forecast": 0.18,
            "cost_usd_per_ton_forecast": 349.41
          }
        ]
      }
    }
  ]
}