{
  "generated_at": "2026-02-13T10:13:53Z",
  "item": {
    "id": "MAT_BEARING_37",
    "type": "material",
    "name": "Bearing",
    "category": "Mechanical",
    "unit": "unit",
    "description": "Synthetic material record for Bearing.",
    "active": true
  },
  "tree_type": "material_supply_chain",
  "metric_options": [
    {
      "id": "avg_days",
      "label": "Avg days (historical)"
    },
    {
      "id": "transit_time_variance_days",
      "label": "Variance of transit time"
    },
    {
      "id": "delay_vs_plan_variance_days",
      "label": "Variance of delay vs plan"
    }
  ],
  "nodes": [
    {
      "id": "TNODE_001",
      "entity_id": "FCT_HON_07",
      "name": "Hong Kong Plant 07",
      "node_type": "supplier_factory",
      "lat": 22.367710928428856,
      "lon": 114.21325236489805,
      "metrics": {
        "dwell_avg_days": 0.2,
        "transit_time_variance_days": 0.35,
        "delay_vs_plan_variance_days": 0.3,
        "handling_cost_usd": 5490.43,
        "dwell_forecast_next_12w": [
          {
            "week_start": "2026-02-13T10:13:53Z",
            "dwell_days_forecast": 0.18
          },
          {
            "week_start": "2026-02-20T10:13:53Z",
            "dwell_days_forecast": 0.58
          },
          {
            "week_start": "2026-02-27T10:13:53Z",
            "dwell_days_forecast": 0.23
          },
          {
            "week_start": "2026-03-06T10:13:53Z",
            "dwell_days_forecast": 0.3
          },
          {
            "week_start": "2026-03-13T10:13:53Z",
            "dwell_days_forecast": 0.27
          },
          {
            "week_start": "2026-03-20T10:13:53Z",
            "dwell_days_forecast": 0.15
          },
          {
            "week_start": "2026-03-27T10:13:53Z",
            "dwell_days_forecast": 0.4
          },
          {
            "week_start": "2026-04-03T10:13:53Z",
            "dwell_days_forecast": 0.08
          },
          {
            "week_start": "2026-04-10T10:13:53Z",
            "dwell_days_forecast": 0.05
          },
          {
            "week_start": "2026-04-17T10:13:53Z",
            "dwell_days_forecast": 0.06
          },
          {
            "week_start": "2026-04-24T10:13:53Z",
            "dwell_days_forecast": 0.34
          },
          {
            "week_start": "2026-05-01T10:13:53Z",
            "dwell_days_forecast": 0.25
          }
        ]
      }
    },
    {
      "id": "TNODE_002",
      "entity_id": "PRT_HON",
      "name": "Port of Hong Kong",
      "node_type": "export_port",
      "lat": 22.316828237809872,
      "lon": 114.17438035934948,
      "metrics": {
        "dwell_avg_days": 0.1,
        "transit_time_variance_days": 0.93,
        "delay_vs_plan_variance_days": 0.4,
        "handling_cost_usd": 2080.43,
        "dwell_forecast_next_12w": [
          {
            "week_start": "2026-02-13T10:13:53Z",
            "dwell_days_forecast": 0.25
          },
          {
            "week_start": "2026-02-20T10:13:53Z",
            "dwell_days_forecast": 0.05
          },
          {
            "week_start": "2026-02-27T10:13:53Z",
            "dwell_days_forecast": 0.05
          },
          {
            "week_start": "2026-03-06T10:13:53Z",
            "dwell_days_forecast": 0.19
          },
          {
            "week_start": "2026-03-13T10:13:53Z",
            "dwell_days_forecast": 0.1
          },
          {
            "week_start": "2026-03-20T10:13:53Z",
            "dwell_days_forecast": 0.21
          },
          {
            "week_start": "2026-03-27T10:13:53Z",
            "dwell_days_forecast": 0.15
          },
          {
            "week_start": "2026-04-03T10:13:53Z",
            "dwell_days_forecast": 0.05
          },
          {
            "week_start": "2026-04-10T10:13:53Z",
            "dwell_days_forecast": 0.16
          },
          {
            "week_start": "2026-04-17T10:13:53Z",
            "dwell_days_forecast": 0.05
          },
          {
            "week_start": "2026-04-24T10:13:53Z",
            "dwell_days_forecast": 0.17
          },
          {
            "week_start": "2026-05-01T10:13:53Z",
            "dwell_days_forecast": 0.05
          }
        ]
      }
    },
    {
      "id": "TNODE_003",
      "entity_id": "PRT_ANT",
      "name": "Port of Antwerp",
      "node_type": "import_port",
      "lat": 51.19609778220491,
      "lon": 4.446165458771249,
      "metrics": {
        "dwell_avg_days": 0.57,
        "transit_time_variance_days": 0.59,
        "delay_vs_plan_variance_days": 0.31,
        "handling_cost_usd": 5202.84,
        "dwell_forecast_next_12w": [
          {
            "week_start": "2026-02-13T10:13:53Z",
            "dwell_days_forecast": 0.4
          },
          {
            "week_start": "2026-02-20T10:13:53Z",
            "dwell_days_forecast": 0.42
          },
          {
            "week_start": "2026-02-27T10:13:53Z",
            "dwell_days_forecast": 0.46
          },
          {
            "week_start": "2026-03-06T10:13:53Z",
            "dwell_days_forecast": 0.82
          },
          {
            "week_start": "2026-03-13T10:13:53Z",
            "dwell_days_forecast": 0.33
          },
          {
            "week_start": "2026-03-20T10:13:53Z",
            "dwell_days_forecast": 0.38
          },
          {
            "week_start": "2026-03-27T10:13:53Z",
            "dwell_days_forecast": 0.54
          },
          {
            "week_start": "2026-04-03T10:13:53Z",
            "dwell_days_forecast": 0.4
          },
          {
            "week_start": "2026-04-10T10:13:53Z",
            "dwell_days_forecast": 0.34
          },
          {
            "week_start": "2026-04-17T10:13:53Z",
            "dwell_days_forecast": 0.65
          },
          {
            "week_start": "2026-04-24T10:13:53Z",
            "dwell_days_forecast": 0.51
          },
          {
            "week_start": "2026-05-01T10:13:53Z",
            "dwell_days_forecast": 0.85
          }
        ]
      }
    },
    {
      "id": "TNODE_004",
      "entity_id": "FCT_ANT_16",
      "name": "Antwerp Plant 16",
      "node_type": "consuming_factory",
      "lat": 51.11096976628873,
      "lon": 4.472219346868869,
      "metrics": {
        "dwell_avg_days": 0.7,
        "transit_time_variance_days": 1.17,
        "delay_vs_plan_variance_days": 0.43,
        "handling_cost_usd": 5856.02,
        "dwell_forecast_next_12w": [
          {
            "week_start": "2026-02-13T10:13:53Z",
            "dwell_days_forecast": 0.52
          },
          {
            "week_start": "2026-02-20T10:13:53Z",
            "dwell_days_forecast": 0.94
          },
          {
            "week_start": "2026-02-27T10:13:53Z",
            "dwell_days_forecast": 0.77
          },
          {
            "week_start": "2026-03-06T10:13:53Z",
            "dwell_days_forecast": 0.33
          },
          {
            "week_start": "2026-03-13T10:13:53Z",
            "dwell_days_forecast": 0.72
          },
          {
            "week_start": "2026-03-20T10:13:53Z",
            "dwell_days_forecast": 0.62
          },
          {
            "week_start": "2026-03-27T10:13:53Z",
            "dwell_days_forecast": 0.5
          },
          {
            "week_start": "2026-04-03T10:13:53Z",
            "dwell_days_forecast": 0.54
          },
          {
            "week_start": "2026-04-10T10:13:53Z",
            "dwell_days_forecast": 0.58
          },
          {
            "week_start": "2026-04-17T10:13:53Z",
            "dwell_days_forecast": 0.58
          },
          {
            "week_start": "2026-04-24T10:13:53Z",
            "dwell_days_forecast": 0.69
          },
          {
            "week_start": "2026-05-01T10:13:53Z",
            "dwell_days_forecast": 0.52
          }
        ]
      }
    }
  ],
  "edges": [
    {
      "id": "TEDGE_001",
      "from_node_id": "TNODE_001",
      "to_node_id": "TNODE_002",
      "label": "Pickup to export port",
      "underlying_segment_ids": [
        "SEG_00385"
      ],
      "mode_mix": [
        "road"
      ],
      "geometry": [
        [
          114.21325236489805,
          22.367710928428856
        ],
        [
          114.20547796378834,
          22.35753439030506
        ],
        [
          114.19770356267863,
          22.34735785218126
        ],
        [
          114.18992916156891,
          22.337181314057467
        ],
        [
          114.1821547604592,
          22.32700477593367
        ],
        [
          114.17438035934948,
          22.316828237809872
        ]
      ],
      "metrics": {
        "avg_days": 0.62,
        "transit_time_variance_days": 0.16,
        "delay_vs_plan_variance_days": 0.09,
        "cost_usd_per_ton": 537.65,
        "time_distribution": {
          "p10": 0.14,
          "p50": 0.62,
          "p90": 1.26
        },
        "forecast_next_12w": [
          {
            "week_start": "2026-02-13T10:13:53Z",
            "avg_days_forecast": 0.73,
            "variance_days_forecast": 0.15,
            "cost_usd_per_ton_forecast": 522.09
          },
          {
            "week_start": "2026-02-20T10:13:53Z",
            "avg_days_forecast": 0.63,
            "variance_days_forecast": 0.16,
            "cost_usd_per_ton_forecast": 506.93
          },
          {
            "week_start": "2026-02-27T10:13:53Z",
            "avg_days_forecast": 0.6,
            "variance_days_forecast": 0.16,
            "cost_usd_per_ton_forecast": 526.7
          },
          {
            "week_start": "2026-03-06T10:13:53Z",
            "avg_days_forecast": 0.44,
            "variance_days_forecast": 0.15,
            "cost_usd_per_ton_forecast": 544.94
          },
          {
            "week_start": "2026-03-13T10:13:53Z",
            "avg_days_forecast": 0.37,
            "variance_days_forecast": 0.15,
            "cost_usd_per_ton_forecast": 549.16
          },
          {
            "week_start": "2026-03-20T10:13:53Z",
            "avg_days_forecast": 0.8,
            "variance_days_forecast": 0.16,
            "cost_usd_per_ton_forecast": 550.61
          },
          {
            "week_start": "2026-03-27T10:13:53Z",
            "avg_days_forecast": 0.5,
            "variance_days_forecast": 0.16,
            "cost_usd_per_ton_forecast": 510.7
          },
          {
            "week_start": "2026-04-03T10:13:53Z",
            "avg_days_forecast": 0.88,
            "variance_days_forecast": 0.15,
            "cost_usd_per_ton_forecast": 509.77
          },
          {
            "week_start": "2026-04-10T10:13:53Z",
            "avg_days_forecast": 0.7,
            "variance_days_forecast": 0.16,
            "cost_usd_per_ton_forecast": 510.68
          },
          {
            "week_start": "2026-04-17T10:13:53Z",
            "avg_days_forecast": 0.45,
            "variance_days_forecast": 0.15,
            "cost_usd_per_ton_forecast": 544.42
          },
          {
            "week_start": "2026-04-24T10:13:53Z",
            "avg_days_forecast": 0.67,
            "variance_days_forecast": 0.16,
            "cost_usd_per_ton_forecast": 518.83
          },
          {
            "week_start": "2026-05-01T10:13:53Z",
            "avg_days_forecast": 0.42,
            "variance_days_forecast": 0.16,
            "cost_usd_per_ton_forecast": 521.89
          }
        ]
      }
    },
    {
      "id": "TEDGE_002",
      "from_node_id": "TNODE_002",
      "to_node_id": "TNODE_003",
      "label": "Main leg",
      "underlying_segment_ids": [
        "SEG_00434",
        "SEG_00442",
        "SEG_00219",
        "SEG_00600",
        "SEG_00577",
        "SEG_00364",
        "SEG_00361"
      ],
      "mode_mix": [
        "air",
        "road"
      ],
      "geometry": [
        [
          114.17438035934948,
          22.316828237809872
        ],
        [
          114.1600489589728,
          22.30515947475147
        ],
        [
          114.1457175585961,
          22.293490711693067
        ],
        [
          114.13138615821941,
          22.281821948634665
        ],
        [
          114.11705475784272,
          22.270153185576262
        ],
        [
          114.10272335746603,
          22.25848442251786
        ],
        [
          114.08458566969792,
          22.29225123310021
        ],
        [
          114.06644798192978,
          22.32601804368256
        ],
        [
          114.04831029416167,
          22.35978485426491
        ],
        [
          114.03017260639353,
          22.39355166484726
        ],
        [
          114.01203491862542,
          22.427318475429608
        ],
        [
          114.01326380733377,
          22.445465375128144
        ],
        [
          114.01449269604213,
          22.46361227482668
        ],
        [
          114.01572158475048,
          22.48175917452522
        ],
        [
          114.01695047345883,
          22.499906074223755
        ],
        [
          114.01817936216719,
          22.51805297392229
        ],
        [
          117.03306163231952,
          25.048596642468866
        ],
        [
          120.04794390247184,
          27.579140311015436
        ],
        [
          123.06282617262417,
          30.10968397956201
        ],
        [
          126.0777084427765,
          32.640227648108585
        ],
        [
          129.09259071292882,
          35.170771316655156
        ],
        [
          104.1720002005497,
          38.52338743639479
        ],
        [
          79.25140968817058,
          41.876003556134435
        ],
        [
          54.33081917579146,
          45.22861967587407
        ],
        [
          29.410228663412326,
          48.58123579561371
        ],
        [
          4.489638151033205,
          51.933851915353344
        ],
        [
          4.48963815103321,
          51.933851915353344
        ],
        [
          4.4880039122593836,
          51.79523024962656
        ],
        [
          4.486369673485557,
          51.65660858389978
        ],
        [
          4.484735434711731,
          51.51798691817301
        ],
        [
          4.483101195937905,
          51.37936525244623
        ],
        [
          4.481466957164078,
          51.24074358671945
        ],
        [
          4.474406657485512,
          51.23181442581654
        ],
        [
          4.467346357806947,
          51.22288526491363
        ],
        [
          4.46028605812838,
          51.21395610401073
        ],
        [
          4.453225758449815,
          51.20502694310782
        ],
        [
          4.446165458771249,
          51.19609778220491
        ]
      ],
      "metrics": {
        "avg_days": 2.97,
        "transit_time_variance_days": 8.05,
        "delay_vs_plan_variance_days": 5.76,
        "cost_usd_per_ton": 5383.28,
        "time_distribution": {
          "p10": 0.1,
          "p50": 2.97,
          "p90": 7.51
        },
        "forecast_next_12w": [
          {
            "week_start": "2026-02-13T10:13:53Z",
            "avg_days_forecast": 2.71,
            "variance_days_forecast": 7.78,
            "cost_usd_per_ton_forecast": 5140.79
          },
          {
            "week_start": "2026-02-20T10:13:53Z",
            "avg_days_forecast": 2.87,
            "variance_days_forecast": 8.11,
            "cost_usd_per_ton_forecast": 5573.99
          },
          {
            "week_start": "2026-02-27T10:13:53Z",
            "avg_days_forecast": 2.98,
            "variance_days_forecast": 7.52,
            "cost_usd_per_ton_forecast": 5343.13
          },
          {
            "week_start": "2026-03-06T10:13:53Z",
            "avg_days_forecast": 2.68,
            "variance_days_forecast": 7.28,
            "cost_usd_per_ton_forecast": 5095.43
          },
          {
            "week_start": "2026-03-13T10:13:53Z",
            "avg_days_forecast": 2.73,
            "variance_days_forecast": 7.66,
            "cost_usd_per_ton_forecast": 5094.03
          },
          {
            "week_start": "2026-03-20T10:13:53Z",
            "avg_days_forecast": 2.52,
            "variance_days_forecast": 7.38,
            "cost_usd_per_ton_forecast": 5285.74
          },
          {
            "week_start": "2026-03-27T10:13:53Z",
            "avg_days_forecast": 2.81,
            "variance_days_forecast": 7.6,
            "cost_usd_per_ton_forecast": 5104.16
          },
          {
            "week_start": "2026-04-03T10:13:53Z",
            "avg_days_forecast": 2.48,
            "variance_days_forecast": 8.01,
            "cost_usd_per_ton_forecast": 5263.75
          },
          {
            "week_start": "2026-04-10T10:13:53Z",
            "avg_days_forecast": 2.44,
            "variance_days_forecast": 8.09,
            "cost_usd_per_ton_forecast": 5313.55
          },
          {
            "week_start": "2026-04-17T10:13:53Z",
            "avg_days_forecast": 2.56,
            "variance_days_forecast": 7.41,
            "cost_usd_per_ton_forecast": 5263.83
          },
          {
            "week_start": "2026-04-24T10:13:53Z",
            "avg_days_forecast": 2.5,
            "variance_days_forecast": 7.68,
            "cost_usd_per_ton_forecast": 5578.12
          },
          {
            "week_start": "2026-05-01T10:13:53Z",
            "avg_days_forecast": 2.88,
            "variance_days_forecast": 7.49,
            "cost_usd_per_ton_forecast": 5363.11
          }
        ]
      }
    },
    {
      "id": "TEDGE_003",
      "from_node_id": "TNODE_003",
      "to_node_id": "TNODE_004",
      "label": "Delivery to plant",
      "underlying_segment_ids": [
        "SEG_00422"
      ],
      "mode_mix": [
        "road"
      ],
      "geometry": [
        [
          4.446165458771249,
          51.19609778220491
        ],
        [
          4.451376236390773,
          51.179072179021674
        ],
        [
          4.456587014010297,
          51.16204657583844
        ],
        [
          4.461797791629821,
          51.1450209726552
        ],
        [
          4.467008569249344,
          51.12799536947197
        ],
        [
          4.472219346868869,
          51.11096976628873
        ]
      ],
      "metrics": {
        "avg_days": 0.53,
        "transit_time_variance_days": 0.27,
        "delay_vs_plan_variance_days": 0.08,
        "cost_usd_per_ton": 433.66,
        "time_distribution": {
          "p10": 0.1,
          "p50": 0.53,
          "p90": 1.36
        },
        "forecast_next_12w": [
          {
            "week_start": "2026-02-13T10:13:53Z",
            "avg_days_forecast": 0.38,
            "variance_days_forecast": 0.25,
            "cost_usd_per_ton_forecast": 440.4
          },
          {
            "week_start": "2026-02-20T10:13:53Z",
            "avg_days_forecast": 0.6,
            "variance_days_forecast": 0.25,
            "cost_usd_per_ton_forecast": 430.01
          },
          {
            "week_start": "2026-02-27T10:13:53Z",
            "avg_days_forecast": 0.41,
            "variance_days_forecast": 0.26,
            "cost_usd_per_ton_forecast": 435.93
          },
          {
            "week_start": "2026-03-06T10:13:53Z",
            "avg_days_forecast": 0.57,
            "variance_days_forecast": 0.26,
            "cost_usd_per_ton_forecast": 415.58
          },
          {
            "week_start": "2026-03-13T10:13:53Z",
            "avg_days_forecast": 0.75,
            "variance_days_forecast": 0.27,
            "cost_usd_per_ton_forecast": 450.38
          },
          {
            "week_start": "2026-03-20T10:13:53Z",
            "avg_days_forecast": 0.74,
            "variance_days_forecast": 0.27,
            "cost_usd_per_ton_forecast": 425.43
          },
          {
            "week_start": "2026-03-27T10:13:53Z",
            "avg_days_forecast": 0.78,
            "variance_days_forecast": 0.26,
            "cost_usd_per_ton_forecast": 409.63
          },
          {
            "week_start": "2026-04-03T10:13:53Z",
            "avg_days_forecast": 0.77,
            "variance_days_forecast": 0.27,
            "cost_usd_per_ton_forecast": 428.97
          },
          {
            "week_start": "2026-04-10T10:13:53Z",
            "avg_days_forecast": 0.24,
            "variance_days_forecast": 0.26,
            "cost_usd_per_ton_forecast": 423.6
          },
          {
            "week_start": "2026-04-17T10:13:53Z",
            "avg_days_forecast": 0.47,
            "variance_days_forecast": 0.26,
            "cost_usd_per_ton_forecast": 440.81
          },
          {
            "week_start": "2026-04-24T10:13:53Z",
            "avg_days_forecast": 0.44,
            "variance_days_forecast": 0.25,
            "cost_usd_per_ton_forecast": 435.95
          },
          {
            "week_start": "2026-05-01T10:13:53Z",
            "avg_days_forecast": 0.22,
            "variance_days_forecast": 0.25,
            "cost_usd_per_ton_forecast": 421.22
          }
        ]
      }
    }
  ]
}