{
  "generated_at": "2026-02-13T10:13:53Z",
  "item": {
    "id": "MAT_PCB_02",
    "type": "material",
    "name": "PCB",
    "category": "Electronics",
    "unit": "board",
    "description": "Synthetic material record for PCB.",
    "active": true
  },
  "tree_type": "material_supply_chain",
  "metric_options": [
    {
      "id": "avg_days",
      "label": "Avg days (historical)"
    },
    {
      "id": "transit_time_variance_days",
      "label": "Variance of transit time"
    },
    {
      "id": "delay_vs_plan_variance_days",
      "label": "Variance of delay vs plan"
    }
  ],
  "nodes": [
    {
      "id": "TNODE_001",
      "entity_id": "FCT_SHA_11",
      "name": "Shanghai Plant 11",
      "node_type": "supplier_factory",
      "lat": 31.34553121065869,
      "lon": 121.52372320286568,
      "metrics": {
        "dwell_avg_days": 2.5,
        "transit_time_variance_days": 1.09,
        "delay_vs_plan_variance_days": 0.84,
        "handling_cost_usd": 5578.54,
        "dwell_forecast_next_12w": [
          {
            "week_start": "2026-02-13T10:13:53Z",
            "dwell_days_forecast": 2.65
          },
          {
            "week_start": "2026-02-20T10:13:53Z",
            "dwell_days_forecast": 2.57
          },
          {
            "week_start": "2026-02-27T10:13:53Z",
            "dwell_days_forecast": 2.46
          },
          {
            "week_start": "2026-03-06T10:13:53Z",
            "dwell_days_forecast": 2.57
          },
          {
            "week_start": "2026-03-13T10:13:53Z",
            "dwell_days_forecast": 2.66
          },
          {
            "week_start": "2026-03-20T10:13:53Z",
            "dwell_days_forecast": 2.24
          },
          {
            "week_start": "2026-03-27T10:13:53Z",
            "dwell_days_forecast": 2.22
          },
          {
            "week_start": "2026-04-03T10:13:53Z",
            "dwell_days_forecast": 2.29
          },
          {
            "week_start": "2026-04-10T10:13:53Z",
            "dwell_days_forecast": 2.53
          },
          {
            "week_start": "2026-04-17T10:13:53Z",
            "dwell_days_forecast": 2.21
          },
          {
            "week_start": "2026-04-24T10:13:53Z",
            "dwell_days_forecast": 2.3
          },
          {
            "week_start": "2026-05-01T10:13:53Z",
            "dwell_days_forecast": 2.1
          }
        ]
      }
    },
    {
      "id": "TNODE_002",
      "entity_id": "PRT_SHA",
      "name": "Port of Shanghai",
      "node_type": "export_port",
      "lat": 31.27893213789438,
      "lon": 121.5043774804797,
      "metrics": {
        "dwell_avg_days": 2.09,
        "transit_time_variance_days": 0.05,
        "delay_vs_plan_variance_days": 0.05,
        "handling_cost_usd": 3700.71,
        "dwell_forecast_next_12w": [
          {
            "week_start": "2026-02-13T10:13:53Z",
            "dwell_days_forecast": 1.94
          },
          {
            "week_start": "2026-02-20T10:13:53Z",
            "dwell_days_forecast": 1.88
          },
          {
            "week_start": "2026-02-27T10:13:53Z",
            "dwell_days_forecast": 1.85
          },
          {
            "week_start": "2026-03-06T10:13:53Z",
            "dwell_days_forecast": 2.17
          },
          {
            "week_start": "2026-03-13T10:13:53Z",
            "dwell_days_forecast": 2.07
          },
          {
            "week_start": "2026-03-20T10:13:53Z",
            "dwell_days_forecast": 1.66
          },
          {
            "week_start": "2026-03-27T10:13:53Z",
            "dwell_days_forecast": 2.03
          },
          {
            "week_start": "2026-04-03T10:13:53Z",
            "dwell_days_forecast": 1.82
          },
          {
            "week_start": "2026-04-10T10:13:53Z",
            "dwell_days_forecast": 1.91
          },
          {
            "week_start": "2026-04-17T10:13:53Z",
            "dwell_days_forecast": 1.99
          },
          {
            "week_start": "2026-04-24T10:13:53Z",
            "dwell_days_forecast": 2.15
          },
          {
            "week_start": "2026-05-01T10:13:53Z",
            "dwell_days_forecast": 1.94
          }
        ]
      }
    },
    {
      "id": "TNODE_003",
      "entity_id": "PRT_HON",
      "name": "Port of Hong Kong",
      "node_type": "import_port",
      "lat": 22.316828237809872,
      "lon": 114.17438035934948,
      "metrics": {
        "dwell_avg_days": 1.34,
        "transit_time_variance_days": 0.05,
        "delay_vs_plan_variance_days": 0.05,
        "handling_cost_usd": 7200.38,
        "dwell_forecast_next_12w": [
          {
            "week_start": "2026-02-13T10:13:53Z",
            "dwell_days_forecast": 1.23
          },
          {
            "week_start": "2026-02-20T10:13:53Z",
            "dwell_days_forecast": 1.15
          },
          {
            "week_start": "2026-02-27T10:13:53Z",
            "dwell_days_forecast": 1.52
          },
          {
            "week_start": "2026-03-06T10:13:53Z",
            "dwell_days_forecast": 1.33
          },
          {
            "week_start": "2026-03-13T10:13:53Z",
            "dwell_days_forecast": 1.06
          },
          {
            "week_start": "2026-03-20T10:13:53Z",
            "dwell_days_forecast": 1.68
          },
          {
            "week_start": "2026-03-27T10:13:53Z",
            "dwell_days_forecast": 1.22
          },
          {
            "week_start": "2026-04-03T10:13:53Z",
            "dwell_days_forecast": 1.44
          },
          {
            "week_start": "2026-04-10T10:13:53Z",
            "dwell_days_forecast": 1.34
          },
          {
            "week_start": "2026-04-17T10:13:53Z",
            "dwell_days_forecast": 1.57
          },
          {
            "week_start": "2026-04-24T10:13:53Z",
            "dwell_days_forecast": 1.24
          },
          {
            "week_start": "2026-05-01T10:13:53Z",
            "dwell_days_forecast": 1.05
          }
        ]
      }
    },
    {
      "id": "TNODE_004",
      "entity_id": "FCT_HON_19",
      "name": "Hong Kong Plant 19",
      "node_type": "consuming_factory",
      "lat": 22.25848442251786,
      "lon": 114.10272335746603,
      "metrics": {
        "dwell_avg_days": 1.34,
        "transit_time_variance_days": 1.73,
        "delay_vs_plan_variance_days": 1.19,
        "handling_cost_usd": 7092.59,
        "dwell_forecast_next_12w": [
          {
            "week_start": "2026-02-13T10:13:53Z",
            "dwell_days_forecast": 1.44
          },
          {
            "week_start": "2026-02-20T10:13:53Z",
            "dwell_days_forecast": 1.15
          },
          {
            "week_start": "2026-02-27T10:13:53Z",
            "dwell_days_forecast": 1.27
          },
          {
            "week_start": "2026-03-06T10:13:53Z",
            "dwell_days_forecast": 1.11
          },
          {
            "week_start": "2026-03-13T10:13:53Z",
            "dwell_days_forecast": 1.37
          },
          {
            "week_start": "2026-03-20T10:13:53Z",
            "dwell_days_forecast": 1.44
          },
          {
            "week_start": "2026-03-27T10:13:53Z",
            "dwell_days_forecast": 1.37
          },
          {
            "week_start": "2026-04-03T10:13:53Z",
            "dwell_days_forecast": 1.28
          },
          {
            "week_start": "2026-04-10T10:13:53Z",
            "dwell_days_forecast": 1.05
          },
          {
            "week_start": "2026-04-17T10:13:53Z",
            "dwell_days_forecast": 1.11
          },
          {
            "week_start": "2026-04-24T10:13:53Z",
            "dwell_days_forecast": 1.09
          },
          {
            "week_start": "2026-05-01T10:13:53Z",
            "dwell_days_forecast": 1.46
          }
        ]
      }
    }
  ],
  "edges": [
    {
      "id": "TEDGE_001",
      "from_node_id": "TNODE_001",
      "to_node_id": "TNODE_002",
      "label": "Pickup to export port",
      "underlying_segment_ids": [
        "SEG_00401"
      ],
      "mode_mix": [
        "road"
      ],
      "geometry": [
        [
          121.52372320286568,
          31.34553121065869
        ],
        [
          121.51985405838849,
          31.33221139610583
        ],
        [
          121.5159849139113,
          31.31889158155297
        ],
        [
          121.51211576943409,
          31.305571767000103
        ],
        [
          121.5082466249569,
          31.29225195244724
        ],
        [
          121.5043774804797,
          31.27893213789438
        ]
      ],
      "metrics": {
        "avg_days": 0.34,
        "transit_time_variance_days": 1.68,
        "delay_vs_plan_variance_days": 1.47,
        "cost_usd_per_ton": 670.09,
        "time_distribution": {
          "p10": 0.1,
          "p50": 0.34,
          "p90": 2.41
        },
        "forecast_next_12w": [
          {
            "week_start": "2026-02-13T10:13:53Z",
            "avg_days_forecast": 0.1,
            "variance_days_forecast": 1.56,
            "cost_usd_per_ton_forecast": 690.01
          },
          {
            "week_start": "2026-02-20T10:13:53Z",
            "avg_days_forecast": 0.39,
            "variance_days_forecast": 1.68,
            "cost_usd_per_ton_forecast": 659.36
          },
          {
            "week_start": "2026-02-27T10:13:53Z",
            "avg_days_forecast": 0.37,
            "variance_days_forecast": 1.55,
            "cost_usd_per_ton_forecast": 695.66
          },
          {
            "week_start": "2026-03-06T10:13:53Z",
            "avg_days_forecast": 0.1,
            "variance_days_forecast": 1.51,
            "cost_usd_per_ton_forecast": 647.84
          },
          {
            "week_start": "2026-03-13T10:13:53Z",
            "avg_days_forecast": 0.28,
            "variance_days_forecast": 1.73,
            "cost_usd_per_ton_forecast": 668.9
          },
          {
            "week_start": "2026-03-20T10:13:53Z",
            "avg_days_forecast": 0.65,
            "variance_days_forecast": 1.69,
            "cost_usd_per_ton_forecast": 682.74
          },
          {
            "week_start": "2026-03-27T10:13:53Z",
            "avg_days_forecast": 0.1,
            "variance_days_forecast": 1.59,
            "cost_usd_per_ton_forecast": 666.91
          },
          {
            "week_start": "2026-04-03T10:13:53Z",
            "avg_days_forecast": 0.35,
            "variance_days_forecast": 1.72,
            "cost_usd_per_ton_forecast": 641.76
          },
          {
            "week_start": "2026-04-10T10:13:53Z",
            "avg_days_forecast": 0.25,
            "variance_days_forecast": 1.6,
            "cost_usd_per_ton_forecast": 678.87
          },
          {
            "week_start": "2026-04-17T10:13:53Z",
            "avg_days_forecast": 0.11,
            "variance_days_forecast": 1.58,
            "cost_usd_per_ton_forecast": 638.13
          },
          {
            "week_start": "2026-04-24T10:13:53Z",
            "avg_days_forecast": 0.29,
            "variance_days_forecast": 1.64,
            "cost_usd_per_ton_forecast": 669.96
          },
          {
            "week_start": "2026-05-01T10:13:53Z",
            "avg_days_forecast": 0.1,
            "variance_days_forecast": 1.67,
            "cost_usd_per_ton_forecast": 662.57
          }
        ]
      }
    },
    {
      "id": "TEDGE_002",
      "from_node_id": "TNODE_002",
      "to_node_id": "TNODE_003",
      "label": "Main leg",
      "underlying_segment_ids": [
        "SEG_00402",
        "SEG_00403",
        "SEG_00643",
        "SEG_00177",
        "SEG_00256",
        "SEG_00253"
      ],
      "mode_mix": [
        "air",
        "road"
      ],
      "geometry": [
        [
          121.5043774804797,
          31.27893213789438
        ],
        [
          121.5082466249569,
          31.29225195244724
        ],
        [
          121.51211576943409,
          31.305571767000103
        ],
        [
          121.5159849139113,
          31.31889158155297
        ],
        [
          121.51985405838849,
          31.33221139610583
        ],
        [
          121.52372320286568,
          31.34553121065869
        ],
        [
          121.51964100839031,
          31.330484598301805
        ],
        [
          121.51555881391494,
          31.315437985944918
        ],
        [
          121.51147661943955,
          31.30039137358803
        ],
        [
          121.50739442496418,
          31.285344761231144
        ],
        [
          121.5033122304888,
          31.270298148874257
        ],
        [
          97.18052358885024,
          35.31563423603523
        ],
        [
          72.85773494721167,
          39.3609703231962
        ],
        [
          48.534946305573115,
          43.406306410357175
        ],
        [
          24.212157663934548,
          47.45164249751815
        ],
        [
          -0.11063097770400532,
          51.49697858467912
        ],
        [
          -0.11063097770400288,
          51.49697858467912
        ],
        [
          22.75389049428819,
          45.66643241996616
        ],
        [
          45.61841196628038,
          39.835886255253214
        ],
        [
          68.48293343827257,
          34.00534009054026
        ],
        [
          91.34745491026476,
          28.174793925827306
        ],
        [
          114.21197638225695,
          22.344247761114353
        ],
        [
          114.22504476759073,
          22.330416353904837
        ],
        [
          114.23811315292451,
          22.316584946695322
        ],
        [
          114.2511815382583,
          22.302753539485806
        ],
        [
          114.26424992359208,
          22.28892213227629
        ],
        [
          114.27731830892586,
          22.275090725066775
        ],
        [
          114.25673071901058,
          22.283438227615395
        ],
        [
          114.23614312909531,
          22.291785730164015
        ],
        [
          114.21555553918003,
          22.300133232712632
        ],
        [
          114.19496794926476,
          22.308480735261252
        ],
        [
          114.17438035934948,
          22.316828237809872
        ]
      ],
      "metrics": {
        "avg_days": 3.7,
        "transit_time_variance_days": 7.54,
        "delay_vs_plan_variance_days": 4.4,
        "cost_usd_per_ton": 6180.94,
        "time_distribution": {
          "p10": 0.4,
          "p50": 3.7,
          "p90": 8.09
        },
        "forecast_next_12w": [
          {
            "week_start": "2026-02-13T10:13:53Z",
            "avg_days_forecast": 4.11,
            "variance_days_forecast": 6.89,
            "cost_usd_per_ton_forecast": 5919.63
          },
          {
            "week_start": "2026-02-20T10:13:53Z",
            "avg_days_forecast": 3.55,
            "variance_days_forecast": 6.83,
            "cost_usd_per_ton_forecast": 5959.76
          },
          {
            "week_start": "2026-02-27T10:13:53Z",
            "avg_days_forecast": 3.51,
            "variance_days_forecast": 7.33,
            "cost_usd_per_ton_forecast": 6057.94
          },
          {
            "week_start": "2026-03-06T10:13:53Z",
            "avg_days_forecast": 3.75,
            "variance_days_forecast": 7.09,
            "cost_usd_per_ton_forecast": 6104.89
          },
          {
            "week_start": "2026-03-13T10:13:53Z",
            "avg_days_forecast": 3.38,
            "variance_days_forecast": 7.17,
            "cost_usd_per_ton_forecast": 6292.82
          },
          {
            "week_start": "2026-03-20T10:13:53Z",
            "avg_days_forecast": 3.61,
            "variance_days_forecast": 6.84,
            "cost_usd_per_ton_forecast": 6421.69
          },
          {
            "week_start": "2026-03-27T10:13:53Z",
            "avg_days_forecast": 3.36,
            "variance_days_forecast": 7.12,
            "cost_usd_per_ton_forecast": 5843.12
          },
          {
            "week_start": "2026-04-03T10:13:53Z",
            "avg_days_forecast": 3.51,
            "variance_days_forecast": 7.46,
            "cost_usd_per_ton_forecast": 5876.1
          },
          {
            "week_start": "2026-04-10T10:13:53Z",
            "avg_days_forecast": 3.58,
            "variance_days_forecast": 7.18,
            "cost_usd_per_ton_forecast": 5883.95
          },
          {
            "week_start": "2026-04-17T10:13:53Z",
            "avg_days_forecast": 3.29,
            "variance_days_forecast": 6.85,
            "cost_usd_per_ton_forecast": 5873.73
          },
          {
            "week_start": "2026-04-24T10:13:53Z",
            "avg_days_forecast": 3.05,
            "variance_days_forecast": 6.87,
            "cost_usd_per_ton_forecast": 6396.15
          },
          {
            "week_start": "2026-05-01T10:13:53Z",
            "avg_days_forecast": 3.4,
            "variance_days_forecast": 7.59,
            "cost_usd_per_ton_forecast": 5880.63
          }
        ]
      }
    },
    {
      "id": "TEDGE_003",
      "from_node_id": "TNODE_003",
      "to_node_id": "TNODE_004",
      "label": "Delivery to plant",
      "underlying_segment_ids": [
        "SEG_00434"
      ],
      "mode_mix": [
        "road"
      ],
      "geometry": [
        [
          114.17438035934948,
          22.316828237809872
        ],
        [
          114.1600489589728,
          22.30515947475147
        ],
        [
          114.1457175585961,
          22.293490711693067
        ],
        [
          114.13138615821941,
          22.281821948634665
        ],
        [
          114.11705475784272,
          22.270153185576262
        ],
        [
          114.10272335746603,
          22.25848442251786
        ]
      ],
      "metrics": {
        "avg_days": 0.15,
        "transit_time_variance_days": 1.03,
        "delay_vs_plan_variance_days": 0.82,
        "cost_usd_per_ton": 626.91,
        "time_distribution": {
          "p10": 0.1,
          "p50": 0.15,
          "p90": 1.77
        },
        "forecast_next_12w": [
          {
            "week_start": "2026-02-13T10:13:53Z",
            "avg_days_forecast": 0.13,
            "variance_days_forecast": 1.04,
            "cost_usd_per_ton_forecast": 594.37
          },
          {
            "week_start": "2026-02-20T10:13:53Z",
            "avg_days_forecast": 0.23,
            "variance_days_forecast": 0.98,
            "cost_usd_per_ton_forecast": 608.82
          },
          {
            "week_start": "2026-02-27T10:13:53Z",
            "avg_days_forecast": 0.21,
            "variance_days_forecast": 0.94,
            "cost_usd_per_ton_forecast": 644.15
          },
          {
            "week_start": "2026-03-06T10:13:53Z",
            "avg_days_forecast": 0.25,
            "variance_days_forecast": 0.98,
            "cost_usd_per_ton_forecast": 647.58
          },
          {
            "week_start": "2026-03-13T10:13:53Z",
            "avg_days_forecast": 0.27,
            "variance_days_forecast": 1.04,
            "cost_usd_per_ton_forecast": 643.78
          },
          {
            "week_start": "2026-03-20T10:13:53Z",
            "avg_days_forecast": 0.44,
            "variance_days_forecast": 1.03,
            "cost_usd_per_ton_forecast": 597.22
          },
          {
            "week_start": "2026-03-27T10:13:53Z",
            "avg_days_forecast": 0.1,
            "variance_days_forecast": 1.02,
            "cost_usd_per_ton_forecast": 628.53
          },
          {
            "week_start": "2026-04-03T10:13:53Z",
            "avg_days_forecast": 0.38,
            "variance_days_forecast": 0.97,
            "cost_usd_per_ton_forecast": 602.94
          },
          {
            "week_start": "2026-04-10T10:13:53Z",
            "avg_days_forecast": 0.1,
            "variance_days_forecast": 1.03,
            "cost_usd_per_ton_forecast": 638.81
          },
          {
            "week_start": "2026-04-17T10:13:53Z",
            "avg_days_forecast": 0.14,
            "variance_days_forecast": 1.02,
            "cost_usd_per_ton_forecast": 618.75
          },
          {
            "week_start": "2026-04-24T10:13:53Z",
            "avg_days_forecast": 0.35,
            "variance_days_forecast": 1.0,
            "cost_usd_per_ton_forecast": 596.94
          },
          {
            "week_start": "2026-05-01T10:13:53Z",
            "avg_days_forecast": 0.2,
            "variance_days_forecast": 0.98,
            "cost_usd_per_ton_forecast": 599.92
          }
        ]
      }
    }
  ]
}