{
  "generated_at": "2026-02-13T10:13:53Z",
  "item": {
    "id": "MAT_INVERTER_PCB_27",
    "type": "material",
    "name": "Inverter PCB",
    "category": "Plastics",
    "unit": "board",
    "description": "Synthetic material record for Inverter PCB.",
    "active": true
  },
  "tree_type": "material_supply_chain",
  "metric_options": [
    {
      "id": "avg_days",
      "label": "Avg days (historical)"
    },
    {
      "id": "transit_time_variance_days",
      "label": "Variance of transit time"
    },
    {
      "id": "delay_vs_plan_variance_days",
      "label": "Variance of delay vs plan"
    }
  ],
  "nodes": [
    {
      "id": "TNODE_001",
      "entity_id": "FCT_HON_19",
      "name": "Hong Kong Plant 19",
      "node_type": "supplier_factory",
      "lat": 22.25848442251786,
      "lon": 114.10272335746603,
      "metrics": {
        "dwell_avg_days": 0.51,
        "transit_time_variance_days": 1.32,
        "delay_vs_plan_variance_days": 0.56,
        "handling_cost_usd": 1546.84,
        "dwell_forecast_next_12w": [
          {
            "week_start": "2026-02-13T10:13:53Z",
            "dwell_days_forecast": 0.6
          },
          {
            "week_start": "2026-02-20T10:13:53Z",
            "dwell_days_forecast": 0.36
          },
          {
            "week_start": "2026-02-27T10:13:53Z",
            "dwell_days_forecast": 0.54
          },
          {
            "week_start": "2026-03-06T10:13:53Z",
            "dwell_days_forecast": 0.84
          },
          {
            "week_start": "2026-03-13T10:13:53Z",
            "dwell_days_forecast": 0.53
          },
          {
            "week_start": "2026-03-20T10:13:53Z",
            "dwell_days_forecast": 0.12
          },
          {
            "week_start": "2026-03-27T10:13:53Z",
            "dwell_days_forecast": 0.55
          },
          {
            "week_start": "2026-04-03T10:13:53Z",
            "dwell_days_forecast": 0.33
          },
          {
            "week_start": "2026-04-10T10:13:53Z",
            "dwell_days_forecast": 0.55
          },
          {
            "week_start": "2026-04-17T10:13:53Z",
            "dwell_days_forecast": 0.46
          },
          {
            "week_start": "2026-04-24T10:13:53Z",
            "dwell_days_forecast": 0.73
          },
          {
            "week_start": "2026-05-01T10:13:53Z",
            "dwell_days_forecast": 0.14
          }
        ]
      }
    },
    {
      "id": "TNODE_002",
      "entity_id": "PRT_HON",
      "name": "Port of Hong Kong",
      "node_type": "export_port",
      "lat": 22.316828237809872,
      "lon": 114.17438035934948,
      "metrics": {
        "dwell_avg_days": 1.1,
        "transit_time_variance_days": 0.64,
        "delay_vs_plan_variance_days": 0.23,
        "handling_cost_usd": 5779.91,
        "dwell_forecast_next_12w": [
          {
            "week_start": "2026-02-13T10:13:53Z",
            "dwell_days_forecast": 0.97
          },
          {
            "week_start": "2026-02-20T10:13:53Z",
            "dwell_days_forecast": 1.2
          },
          {
            "week_start": "2026-02-27T10:13:53Z",
            "dwell_days_forecast": 0.75
          },
          {
            "week_start": "2026-03-06T10:13:53Z",
            "dwell_days_forecast": 1.01
          },
          {
            "week_start": "2026-03-13T10:13:53Z",
            "dwell_days_forecast": 0.9
          },
          {
            "week_start": "2026-03-20T10:13:53Z",
            "dwell_days_forecast": 0.83
          },
          {
            "week_start": "2026-03-27T10:13:53Z",
            "dwell_days_forecast": 1.19
          },
          {
            "week_start": "2026-04-03T10:13:53Z",
            "dwell_days_forecast": 1.12
          },
          {
            "week_start": "2026-04-10T10:13:53Z",
            "dwell_days_forecast": 1.08
          },
          {
            "week_start": "2026-04-17T10:13:53Z",
            "dwell_days_forecast": 0.98
          },
          {
            "week_start": "2026-04-24T10:13:53Z",
            "dwell_days_forecast": 0.93
          },
          {
            "week_start": "2026-05-01T10:13:53Z",
            "dwell_days_forecast": 1.09
          }
        ]
      }
    },
    {
      "id": "TNODE_003",
      "entity_id": "PRT_BUS",
      "name": "Port of Busan",
      "node_type": "import_port",
      "lat": 35.17341000839145,
      "lon": 129.07735758410357,
      "metrics": {
        "dwell_avg_days": 3.04,
        "transit_time_variance_days": 1.8,
        "delay_vs_plan_variance_days": 0.89,
        "handling_cost_usd": 5379.45,
        "dwell_forecast_next_12w": [
          {
            "week_start": "2026-02-13T10:13:53Z",
            "dwell_days_forecast": 3.11
          },
          {
            "week_start": "2026-02-20T10:13:53Z",
            "dwell_days_forecast": 3.18
          },
          {
            "week_start": "2026-02-27T10:13:53Z",
            "dwell_days_forecast": 3.08
          },
          {
            "week_start": "2026-03-06T10:13:53Z",
            "dwell_days_forecast": 3.2
          },
          {
            "week_start": "2026-03-13T10:13:53Z",
            "dwell_days_forecast": 3.23
          },
          {
            "week_start": "2026-03-20T10:13:53Z",
            "dwell_days_forecast": 3.22
          },
          {
            "week_start": "2026-03-27T10:13:53Z",
            "dwell_days_forecast": 2.96
          },
          {
            "week_start": "2026-04-03T10:13:53Z",
            "dwell_days_forecast": 3.27
          },
          {
            "week_start": "2026-04-10T10:13:53Z",
            "dwell_days_forecast": 2.97
          },
          {
            "week_start": "2026-04-17T10:13:53Z",
            "dwell_days_forecast": 3.07
          },
          {
            "week_start": "2026-04-24T10:13:53Z",
            "dwell_days_forecast": 3.04
          },
          {
            "week_start": "2026-05-01T10:13:53Z",
            "dwell_days_forecast": 3.06
          }
        ]
      }
    },
    {
      "id": "TNODE_004",
      "entity_id": "FCT_BUS_12",
      "name": "Busan Plant 12",
      "node_type": "consuming_factory",
      "lat": 35.06952378010641,
      "lon": 128.93519576043013,
      "metrics": {
        "dwell_avg_days": 1.77,
        "transit_time_variance_days": 1.41,
        "delay_vs_plan_variance_days": 0.99,
        "handling_cost_usd": 2671.7,
        "dwell_forecast_next_12w": [
          {
            "week_start": "2026-02-13T10:13:53Z",
            "dwell_days_forecast": 1.8
          },
          {
            "week_start": "2026-02-20T10:13:53Z",
            "dwell_days_forecast": 1.86
          },
          {
            "week_start": "2026-02-27T10:13:53Z",
            "dwell_days_forecast": 1.68
          },
          {
            "week_start": "2026-03-06T10:13:53Z",
            "dwell_days_forecast": 1.83
          },
          {
            "week_start": "2026-03-13T10:13:53Z",
            "dwell_days_forecast": 1.61
          },
          {
            "week_start": "2026-03-20T10:13:53Z",
            "dwell_days_forecast": 1.77
          },
          {
            "week_start": "2026-03-27T10:13:53Z",
            "dwell_days_forecast": 1.43
          },
          {
            "week_start": "2026-04-03T10:13:53Z",
            "dwell_days_forecast": 1.46
          },
          {
            "week_start": "2026-04-10T10:13:53Z",
            "dwell_days_forecast": 1.58
          },
          {
            "week_start": "2026-04-17T10:13:53Z",
            "dwell_days_forecast": 1.58
          },
          {
            "week_start": "2026-04-24T10:13:53Z",
            "dwell_days_forecast": 1.62
          },
          {
            "week_start": "2026-05-01T10:13:53Z",
            "dwell_days_forecast": 1.44
          }
        ]
      }
    }
  ],
  "edges": [
    {
      "id": "TEDGE_001",
      "from_node_id": "TNODE_001",
      "to_node_id": "TNODE_002",
      "label": "Pickup to export port",
      "underlying_segment_ids": [
        "SEG_00433"
      ],
      "mode_mix": [
        "road"
      ],
      "geometry": [
        [
          114.10272335746603,
          22.25848442251786
        ],
        [
          114.11705475784272,
          22.270153185576262
        ],
        [
          114.13138615821941,
          22.281821948634665
        ],
        [
          114.1457175585961,
          22.293490711693067
        ],
        [
          114.1600489589728,
          22.30515947475147
        ],
        [
          114.17438035934948,
          22.316828237809872
        ]
      ],
      "metrics": {
        "avg_days": 0.66,
        "transit_time_variance_days": 2.38,
        "delay_vs_plan_variance_days": 1.59,
        "cost_usd_per_ton": 225.21,
        "time_distribution": {
          "p10": 0.1,
          "p50": 0.66,
          "p90": 3.13
        },
        "forecast_next_12w": [
          {
            "week_start": "2026-02-13T10:13:53Z",
            "avg_days_forecast": 0.85,
            "variance_days_forecast": 2.25,
            "cost_usd_per_ton_forecast": 230.45
          },
          {
            "week_start": "2026-02-20T10:13:53Z",
            "avg_days_forecast": 0.69,
            "variance_days_forecast": 2.28,
            "cost_usd_per_ton_forecast": 233.66
          },
          {
            "week_start": "2026-02-27T10:13:53Z",
            "avg_days_forecast": 0.76,
            "variance_days_forecast": 2.26,
            "cost_usd_per_ton_forecast": 232.89
          },
          {
            "week_start": "2026-03-06T10:13:53Z",
            "avg_days_forecast": 0.43,
            "variance_days_forecast": 2.28,
            "cost_usd_per_ton_forecast": 212.67
          },
          {
            "week_start": "2026-03-13T10:13:53Z",
            "avg_days_forecast": 0.77,
            "variance_days_forecast": 2.38,
            "cost_usd_per_ton_forecast": 213.84
          },
          {
            "week_start": "2026-03-20T10:13:53Z",
            "avg_days_forecast": 0.48,
            "variance_days_forecast": 2.32,
            "cost_usd_per_ton_forecast": 219.77
          },
          {
            "week_start": "2026-03-27T10:13:53Z",
            "avg_days_forecast": 0.88,
            "variance_days_forecast": 2.23,
            "cost_usd_per_ton_forecast": 229.54
          },
          {
            "week_start": "2026-04-03T10:13:53Z",
            "avg_days_forecast": 1.04,
            "variance_days_forecast": 2.22,
            "cost_usd_per_ton_forecast": 215.79
          },
          {
            "week_start": "2026-04-10T10:13:53Z",
            "avg_days_forecast": 0.69,
            "variance_days_forecast": 2.17,
            "cost_usd_per_ton_forecast": 233.47
          },
          {
            "week_start": "2026-04-17T10:13:53Z",
            "avg_days_forecast": 0.78,
            "variance_days_forecast": 2.24,
            "cost_usd_per_ton_forecast": 227.46
          },
          {
            "week_start": "2026-04-24T10:13:53Z",
            "avg_days_forecast": 0.49,
            "variance_days_forecast": 2.41,
            "cost_usd_per_ton_forecast": 221.46
          },
          {
            "week_start": "2026-05-01T10:13:53Z",
            "avg_days_forecast": 0.97,
            "variance_days_forecast": 2.16,
            "cost_usd_per_ton_forecast": 224.93
          }
        ]
      }
    },
    {
      "id": "TEDGE_002",
      "from_node_id": "TNODE_002",
      "to_node_id": "TNODE_003",
      "label": "Main leg",
      "underlying_segment_ids": [
        "SEG_00434",
        "SEG_00442",
        "SEG_00219",
        "SEG_00600",
        "SEG_00408",
        "SEG_00405"
      ],
      "mode_mix": [
        "air",
        "road"
      ],
      "geometry": [
        [
          114.17438035934948,
          22.316828237809872
        ],
        [
          114.1600489589728,
          22.30515947475147
        ],
        [
          114.1457175585961,
          22.293490711693067
        ],
        [
          114.13138615821941,
          22.281821948634665
        ],
        [
          114.11705475784272,
          22.270153185576262
        ],
        [
          114.10272335746603,
          22.25848442251786
        ],
        [
          114.08458566969792,
          22.29225123310021
        ],
        [
          114.06644798192978,
          22.32601804368256
        ],
        [
          114.04831029416167,
          22.35978485426491
        ],
        [
          114.03017260639353,
          22.39355166484726
        ],
        [
          114.01203491862542,
          22.427318475429608
        ],
        [
          114.01326380733377,
          22.445465375128144
        ],
        [
          114.01449269604213,
          22.46361227482668
        ],
        [
          114.01572158475048,
          22.48175917452522
        ],
        [
          114.01695047345883,
          22.499906074223755
        ],
        [
          114.01817936216719,
          22.51805297392229
        ],
        [
          117.03306163231952,
          25.048596642468866
        ],
        [
          120.04794390247184,
          27.579140311015436
        ],
        [
          123.06282617262417,
          30.10968397956201
        ],
        [
          126.0777084427765,
          32.640227648108585
        ],
        [
          129.09259071292882,
          35.170771316655156
        ],
        [
          129.06111172242908,
          35.150521809345406
        ],
        [
          129.02963273192935,
          35.13027230203566
        ],
        [
          128.9981537414296,
          35.11002279472591
        ],
        [
          128.96667475092988,
          35.08977328741616
        ],
        [
          128.93519576043013,
          35.06952378010641
        ],
        [
          128.96362812516483,
          35.09030102576342
        ],
        [
          128.9920604898995,
          35.111078271420425
        ],
        [
          129.0204928546342,
          35.13185551707743
        ],
        [
          129.04892521936887,
          35.15263276273444
        ],
        [
          129.07735758410357,
          35.17341000839145
        ]
      ],
      "metrics": {
        "avg_days": 2.44,
        "transit_time_variance_days": 5.3,
        "delay_vs_plan_variance_days": 3.3,
        "cost_usd_per_ton": 3721.55,
        "time_distribution": {
          "p10": 0.1,
          "p50": 2.44,
          "p90": 6.12
        },
        "forecast_next_12w": [
          {
            "week_start": "2026-02-13T10:13:53Z",
            "avg_days_forecast": 2.35,
            "variance_days_forecast": 5.37,
            "cost_usd_per_ton_forecast": 3748.29
          },
          {
            "week_start": "2026-02-20T10:13:53Z",
            "avg_days_forecast": 2.22,
            "variance_days_forecast": 5.28,
            "cost_usd_per_ton_forecast": 3773.03
          },
          {
            "week_start": "2026-02-27T10:13:53Z",
            "avg_days_forecast": 2.34,
            "variance_days_forecast": 5.33,
            "cost_usd_per_ton_forecast": 3636.96
          },
          {
            "week_start": "2026-03-06T10:13:53Z",
            "avg_days_forecast": 2.33,
            "variance_days_forecast": 4.95,
            "cost_usd_per_ton_forecast": 3662.07
          },
          {
            "week_start": "2026-03-13T10:13:53Z",
            "avg_days_forecast": 2.32,
            "variance_days_forecast": 5.25,
            "cost_usd_per_ton_forecast": 3738.02
          },
          {
            "week_start": "2026-03-20T10:13:53Z",
            "avg_days_forecast": 2.34,
            "variance_days_forecast": 4.84,
            "cost_usd_per_ton_forecast": 3590.59
          },
          {
            "week_start": "2026-03-27T10:13:53Z",
            "avg_days_forecast": 1.95,
            "variance_days_forecast": 4.92,
            "cost_usd_per_ton_forecast": 3618.43
          },
          {
            "week_start": "2026-04-03T10:13:53Z",
            "avg_days_forecast": 2.15,
            "variance_days_forecast": 5.15,
            "cost_usd_per_ton_forecast": 3806.71
          },
          {
            "week_start": "2026-04-10T10:13:53Z",
            "avg_days_forecast": 2.32,
            "variance_days_forecast": 5.45,
            "cost_usd_per_ton_forecast": 3857.0
          },
          {
            "week_start": "2026-04-17T10:13:53Z",
            "avg_days_forecast": 2.2,
            "variance_days_forecast": 5.1,
            "cost_usd_per_ton_forecast": 3572.04
          },
          {
            "week_start": "2026-04-24T10:13:53Z",
            "avg_days_forecast": 2.43,
            "variance_days_forecast": 5.3,
            "cost_usd_per_ton_forecast": 3826.3
          },
          {
            "week_start": "2026-05-01T10:13:53Z",
            "avg_days_forecast": 1.99,
            "variance_days_forecast": 5.25,
            "cost_usd_per_ton_forecast": 3591.97
          }
        ]
      }
    },
    {
      "id": "TEDGE_003",
      "from_node_id": "TNODE_003",
      "to_node_id": "TNODE_004",
      "label": "Delivery to plant",
      "underlying_segment_ids": [
        "SEG_00406"
      ],
      "mode_mix": [
        "road"
      ],
      "geometry": [
        [
          129.07735758410357,
          35.17341000839145
        ],
        [
          129.04892521936887,
          35.15263276273444
        ],
        [
          129.0204928546342,
          35.13185551707743
        ],
        [
          128.9920604898995,
          35.111078271420425
        ],
        [
          128.96362812516483,
          35.09030102576342
        ],
        [
          128.93519576043013,
          35.06952378010641
        ]
      ],
      "metrics": {
        "avg_days": 0.27,
        "transit_time_variance_days": 0.19,
        "delay_vs_plan_variance_days": 0.12,
        "cost_usd_per_ton": 345.46,
        "time_distribution": {
          "p10": 0.1,
          "p50": 0.27,
          "p90": 0.97
        },
        "forecast_next_12w": [
          {
            "week_start": "2026-02-13T10:13:53Z",
            "avg_days_forecast": 0.68,
            "variance_days_forecast": 0.18,
            "cost_usd_per_ton_forecast": 330.92
          },
          {
            "week_start": "2026-02-20T10:13:53Z",
            "avg_days_forecast": 0.14,
            "variance_days_forecast": 0.18,
            "cost_usd_per_ton_forecast": 340.38
          },
          {
            "week_start": "2026-02-27T10:13:53Z",
            "avg_days_forecast": 0.37,
            "variance_days_forecast": 0.2,
            "cost_usd_per_ton_forecast": 339.9
          },
          {
            "week_start": "2026-03-06T10:13:53Z",
            "avg_days_forecast": 0.33,
            "variance_days_forecast": 0.17,
            "cost_usd_per_ton_forecast": 343.24
          },
          {
            "week_start": "2026-03-13T10:13:53Z",
            "avg_days_forecast": 0.1,
            "variance_days_forecast": 0.18,
            "cost_usd_per_ton_forecast": 346.42
          },
          {
            "week_start": "2026-03-20T10:13:53Z",
            "avg_days_forecast": 0.2,
            "variance_days_forecast": 0.19,
            "cost_usd_per_ton_forecast": 358.52
          },
          {
            "week_start": "2026-03-27T10:13:53Z",
            "avg_days_forecast": 0.21,
            "variance_days_forecast": 0.17,
            "cost_usd_per_ton_forecast": 343.21
          },
          {
            "week_start": "2026-04-03T10:13:53Z",
            "avg_days_forecast": 0.8,
            "variance_days_forecast": 0.18,
            "cost_usd_per_ton_forecast": 337.4
          },
          {
            "week_start": "2026-04-10T10:13:53Z",
            "avg_days_forecast": 0.38,
            "variance_days_forecast": 0.18,
            "cost_usd_per_ton_forecast": 344.27
          },
          {
            "week_start": "2026-04-17T10:13:53Z",
            "avg_days_forecast": 0.32,
            "variance_days_forecast": 0.18,
            "cost_usd_per_ton_forecast": 331.07
          },
          {
            "week_start": "2026-04-24T10:13:53Z",
            "avg_days_forecast": 0.36,
            "variance_days_forecast": 0.17,
            "cost_usd_per_ton_forecast": 340.64
          },
          {
            "week_start": "2026-05-01T10:13:53Z",
            "avg_days_forecast": 0.14,
            "variance_days_forecast": 0.19,
            "cost_usd_per_ton_forecast": 358.97
          }
        ]
      }
    }
  ]
}