{
  "generated_at": "2026-02-13T10:13:53Z",
  "item": {
    "id": "MAT_DISPLAY_PANEL_03",
    "type": "material",
    "name": "Display Panel",
    "category": "Chemicals",
    "unit": "panel",
    "description": "Synthetic material record for Display Panel.",
    "active": true
  },
  "tree_type": "material_supply_chain",
  "metric_options": [
    {
      "id": "avg_days",
      "label": "Avg days (historical)"
    },
    {
      "id": "transit_time_variance_days",
      "label": "Variance of transit time"
    },
    {
      "id": "delay_vs_plan_variance_days",
      "label": "Variance of delay vs plan"
    }
  ],
  "nodes": [
    {
      "id": "TNODE_001",
      "entity_id": "FCT_JAK_14",
      "name": "Jakarta Plant 14",
      "node_type": "supplier_factory",
      "lat": -6.1333288035151625,
      "lon": 106.92549347399029,
      "metrics": {
        "dwell_avg_days": 0.1,
        "transit_time_variance_days": 1.72,
        "delay_vs_plan_variance_days": 0.79,
        "handling_cost_usd": 3951.8,
        "dwell_forecast_next_12w": [
          {
            "week_start": "2026-02-13T10:13:53Z",
            "dwell_days_forecast": 0.05
          },
          {
            "week_start": "2026-02-20T10:13:53Z",
            "dwell_days_forecast": 0.12
          },
          {
            "week_start": "2026-02-27T10:13:53Z",
            "dwell_days_forecast": 0.22
          },
          {
            "week_start": "2026-03-06T10:13:53Z",
            "dwell_days_forecast": 0.05
          },
          {
            "week_start": "2026-03-13T10:13:53Z",
            "dwell_days_forecast": 0.08
          },
          {
            "week_start": "2026-03-20T10:13:53Z",
            "dwell_days_forecast": 0.05
          },
          {
            "week_start": "2026-03-27T10:13:53Z",
            "dwell_days_forecast": 0.12
          },
          {
            "week_start": "2026-04-03T10:13:53Z",
            "dwell_days_forecast": 0.05
          },
          {
            "week_start": "2026-04-10T10:13:53Z",
            "dwell_days_forecast": 0.26
          },
          {
            "week_start": "2026-04-17T10:13:53Z",
            "dwell_days_forecast": 0.14
          },
          {
            "week_start": "2026-04-24T10:13:53Z",
            "dwell_days_forecast": 0.12
          },
          {
            "week_start": "2026-05-01T10:13:53Z",
            "dwell_days_forecast": 0.22
          }
        ]
      }
    },
    {
      "id": "TNODE_002",
      "entity_id": "PRT_JAK",
      "name": "Port of Jakarta",
      "node_type": "export_port",
      "lat": -6.193454451173421,
      "lon": 106.8602179751295,
      "metrics": {
        "dwell_avg_days": 1.76,
        "transit_time_variance_days": 0.85,
        "delay_vs_plan_variance_days": 0.35,
        "handling_cost_usd": 3776.74,
        "dwell_forecast_next_12w": [
          {
            "week_start": "2026-02-13T10:13:53Z",
            "dwell_days_forecast": 1.84
          },
          {
            "week_start": "2026-02-20T10:13:53Z",
            "dwell_days_forecast": 1.7
          },
          {
            "week_start": "2026-02-27T10:13:53Z",
            "dwell_days_forecast": 1.97
          },
          {
            "week_start": "2026-03-06T10:13:53Z",
            "dwell_days_forecast": 1.73
          },
          {
            "week_start": "2026-03-13T10:13:53Z",
            "dwell_days_forecast": 1.86
          },
          {
            "week_start": "2026-03-20T10:13:53Z",
            "dwell_days_forecast": 1.72
          },
          {
            "week_start": "2026-03-27T10:13:53Z",
            "dwell_days_forecast": 1.53
          },
          {
            "week_start": "2026-04-03T10:13:53Z",
            "dwell_days_forecast": 1.74
          },
          {
            "week_start": "2026-04-10T10:13:53Z",
            "dwell_days_forecast": 1.81
          },
          {
            "week_start": "2026-04-17T10:13:53Z",
            "dwell_days_forecast": 1.87
          },
          {
            "week_start": "2026-04-24T10:13:53Z",
            "dwell_days_forecast": 1.49
          },
          {
            "week_start": "2026-05-01T10:13:53Z",
            "dwell_days_forecast": 1.89
          }
        ]
      }
    },
    {
      "id": "TNODE_003",
      "entity_id": "PRT_BAN",
      "name": "Port of Bangkok",
      "node_type": "import_port",
      "lat": 13.715993081422882,
      "lon": 100.49490511824064,
      "metrics": {
        "dwell_avg_days": 0.65,
        "transit_time_variance_days": 0.25,
        "delay_vs_plan_variance_days": 0.08,
        "handling_cost_usd": 3638.7,
        "dwell_forecast_next_12w": [
          {
            "week_start": "2026-02-13T10:13:53Z",
            "dwell_days_forecast": 0.6
          },
          {
            "week_start": "2026-02-20T10:13:53Z",
            "dwell_days_forecast": 0.55
          },
          {
            "week_start": "2026-02-27T10:13:53Z",
            "dwell_days_forecast": 0.48
          },
          {
            "week_start": "2026-03-06T10:13:53Z",
            "dwell_days_forecast": 0.59
          },
          {
            "week_start": "2026-03-13T10:13:53Z",
            "dwell_days_forecast": 0.79
          },
          {
            "week_start": "2026-03-20T10:13:53Z",
            "dwell_days_forecast": 0.75
          },
          {
            "week_start": "2026-03-27T10:13:53Z",
            "dwell_days_forecast": 0.74
          },
          {
            "week_start": "2026-04-03T10:13:53Z",
            "dwell_days_forecast": 0.37
          },
          {
            "week_start": "2026-04-10T10:13:53Z",
            "dwell_days_forecast": 0.59
          },
          {
            "week_start": "2026-04-17T10:13:53Z",
            "dwell_days_forecast": 0.62
          },
          {
            "week_start": "2026-04-24T10:13:53Z",
            "dwell_days_forecast": 0.61
          },
          {
            "week_start": "2026-05-01T10:13:53Z",
            "dwell_days_forecast": 0.76
          }
        ]
      }
    },
    {
      "id": "TNODE_004",
      "entity_id": "FCT_BAN_06",
      "name": "Bangkok Plant 06",
      "node_type": "consuming_factory",
      "lat": 13.70845121045862,
      "lon": 100.66520175104952,
      "metrics": {
        "dwell_avg_days": 0.52,
        "transit_time_variance_days": 0.59,
        "delay_vs_plan_variance_days": 0.48,
        "handling_cost_usd": 5826.55,
        "dwell_forecast_next_12w": [
          {
            "week_start": "2026-02-13T10:13:53Z",
            "dwell_days_forecast": 0.52
          },
          {
            "week_start": "2026-02-20T10:13:53Z",
            "dwell_days_forecast": 0.73
          },
          {
            "week_start": "2026-02-27T10:13:53Z",
            "dwell_days_forecast": 0.51
          },
          {
            "week_start": "2026-03-06T10:13:53Z",
            "dwell_days_forecast": 0.39
          },
          {
            "week_start": "2026-03-13T10:13:53Z",
            "dwell_days_forecast": 0.18
          },
          {
            "week_start": "2026-03-20T10:13:53Z",
            "dwell_days_forecast": 0.53
          },
          {
            "week_start": "2026-03-27T10:13:53Z",
            "dwell_days_forecast": 0.68
          },
          {
            "week_start": "2026-04-03T10:13:53Z",
            "dwell_days_forecast": 0.34
          },
          {
            "week_start": "2026-04-10T10:13:53Z",
            "dwell_days_forecast": 0.48
          },
          {
            "week_start": "2026-04-17T10:13:53Z",
            "dwell_days_forecast": 0.71
          },
          {
            "week_start": "2026-04-24T10:13:53Z",
            "dwell_days_forecast": 0.41
          },
          {
            "week_start": "2026-05-01T10:13:53Z",
            "dwell_days_forecast": 0.63
          }
        ]
      }
    }
  ],
  "edges": [
    {
      "id": "TEDGE_001",
      "from_node_id": "TNODE_001",
      "to_node_id": "TNODE_002",
      "label": "Pickup to export port",
      "underlying_segment_ids": [
        "SEG_00413"
      ],
      "mode_mix": [
        "road"
      ],
      "geometry": [
        [
          106.92549347399029,
          -6.1333288035151625
        ],
        [
          106.91243837421813,
          -6.145353933046814
        ],
        [
          106.89938327444597,
          -6.157379062578466
        ],
        [
          106.88632817467382,
          -6.169404192110118
        ],
        [
          106.87327307490166,
          -6.18142932164177
        ],
        [
          106.8602179751295,
          -6.193454451173421
        ]
      ],
      "metrics": {
        "avg_days": 0.51,
        "transit_time_variance_days": 1.0,
        "delay_vs_plan_variance_days": 0.45,
        "cost_usd_per_ton": 433.89,
        "time_distribution": {
          "p10": 0.1,
          "p50": 0.51,
          "p90": 2.11
        },
        "forecast_next_12w": [
          {
            "week_start": "2026-02-13T10:13:53Z",
            "avg_days_forecast": 0.67,
            "variance_days_forecast": 0.92,
            "cost_usd_per_ton_forecast": 408.64
          },
          {
            "week_start": "2026-02-20T10:13:53Z",
            "avg_days_forecast": 0.33,
            "variance_days_forecast": 0.94,
            "cost_usd_per_ton_forecast": 409.57
          },
          {
            "week_start": "2026-02-27T10:13:53Z",
            "avg_days_forecast": 0.88,
            "variance_days_forecast": 0.93,
            "cost_usd_per_ton_forecast": 433.7
          },
          {
            "week_start": "2026-03-06T10:13:53Z",
            "avg_days_forecast": 0.28,
            "variance_days_forecast": 0.98,
            "cost_usd_per_ton_forecast": 444.91
          },
          {
            "week_start": "2026-03-13T10:13:53Z",
            "avg_days_forecast": 0.66,
            "variance_days_forecast": 0.96,
            "cost_usd_per_ton_forecast": 413.05
          },
          {
            "week_start": "2026-03-20T10:13:53Z",
            "avg_days_forecast": 0.47,
            "variance_days_forecast": 0.9,
            "cost_usd_per_ton_forecast": 422.95
          },
          {
            "week_start": "2026-03-27T10:13:53Z",
            "avg_days_forecast": 0.4,
            "variance_days_forecast": 1.0,
            "cost_usd_per_ton_forecast": 448.03
          },
          {
            "week_start": "2026-04-03T10:13:53Z",
            "avg_days_forecast": 0.35,
            "variance_days_forecast": 0.93,
            "cost_usd_per_ton_forecast": 429.84
          },
          {
            "week_start": "2026-04-10T10:13:53Z",
            "avg_days_forecast": 0.51,
            "variance_days_forecast": 0.94,
            "cost_usd_per_ton_forecast": 412.64
          },
          {
            "week_start": "2026-04-17T10:13:53Z",
            "avg_days_forecast": 0.67,
            "variance_days_forecast": 1.01,
            "cost_usd_per_ton_forecast": 434.49
          },
          {
            "week_start": "2026-04-24T10:13:53Z",
            "avg_days_forecast": 0.49,
            "variance_days_forecast": 0.92,
            "cost_usd_per_ton_forecast": 426.84
          },
          {
            "week_start": "2026-05-01T10:13:53Z",
            "avg_days_forecast": 0.63,
            "variance_days_forecast": 1.01,
            "cost_usd_per_ton_forecast": 447.78
          }
        ]
      }
    },
    {
      "id": "TEDGE_002",
      "from_node_id": "TNODE_002",
      "to_node_id": "TNODE_003",
      "label": "Main leg",
      "underlying_segment_ids": [
        "SEG_00414",
        "SEG_00415",
        "SEG_00612",
        "SEG_00139",
        "SEG_00384",
        "SEG_00381"
      ],
      "mode_mix": [
        "air",
        "road"
      ],
      "geometry": [
        [
          106.8602179751295,
          -6.193454451173421
        ],
        [
          106.87327307490166,
          -6.18142932164177
        ],
        [
          106.88632817467382,
          -6.169404192110118
        ],
        [
          106.89938327444597,
          -6.157379062578466
        ],
        [
          106.91243837421813,
          -6.145353933046814
        ],
        [
          106.92549347399029,
          -6.1333288035151625
        ],
        [
          106.91234441396438,
          -6.1528405429576924
        ],
        [
          106.89919535393848,
          -6.172352282400222
        ],
        [
          106.88604629391257,
          -6.191864021842753
        ],
        [
          106.87289723388668,
          -6.211375761285283
        ],
        [
          106.85974817386077,
          -6.230887500727813
        ],
        [
          86.38572616929525,
          5.402060382488419
        ],
        [
          65.91170416472974,
          17.03500826570465
        ],
        [
          45.43768216016423,
          28.667956148920876
        ],
        [
          24.963660155598717,
          40.30090403213712
        ],
        [
          4.489638151033205,
          51.933851915353344
        ],
        [
          4.48963815103321,
          51.933851915353344
        ],
        [
          23.690039840397866,
          44.30154219593765
        ],
        [
          42.890441529762526,
          36.669232476521955
        ],
        [
          62.09084321912718,
          29.036922757106257
        ],
        [
          81.29124490849183,
          21.40461303769056
        ],
        [
          100.49164659785649,
          13.772303318274865
        ],
        [
          100.49164659785649,
          13.772303318274862
        ],
        [
          100.52635762849509,
          13.759532896711614
        ],
        [
          100.5610686591337,
          13.746762475148365
        ],
        [
          100.59577968977231,
          13.733992053585116
        ],
        [
          100.63049072041092,
          13.721221632021868
        ],
        [
          100.66520175104952,
          13.70845121045862
        ],
        [
          100.63114242448775,
          13.709959584651472
        ],
        [
          100.59708309792597,
          13.711467958844324
        ],
        [
          100.56302377136419,
          13.712976333037178
        ],
        [
          100.52896444480241,
          13.71448470723003
        ],
        [
          100.49490511824064,
          13.715993081422882
        ]
      ],
      "metrics": {
        "avg_days": 3.44,
        "transit_time_variance_days": 9.35,
        "delay_vs_plan_variance_days": 4.91,
        "cost_usd_per_ton": 6495.21,
        "time_distribution": {
          "p10": 0.1,
          "p50": 3.44,
          "p90": 8.33
        },
        "forecast_next_12w": [
          {
            "week_start": "2026-02-13T10:13:53Z",
            "avg_days_forecast": 3.46,
            "variance_days_forecast": 8.67,
            "cost_usd_per_ton_forecast": 6632.82
          },
          {
            "week_start": "2026-02-20T10:13:53Z",
            "avg_days_forecast": 3.08,
            "variance_days_forecast": 8.66,
            "cost_usd_per_ton_forecast": 6680.99
          },
          {
            "week_start": "2026-02-27T10:13:53Z",
            "avg_days_forecast": 3.62,
            "variance_days_forecast": 8.98,
            "cost_usd_per_ton_forecast": 6203.91
          },
          {
            "week_start": "2026-03-06T10:13:53Z",
            "avg_days_forecast": 2.99,
            "variance_days_forecast": 9.04,
            "cost_usd_per_ton_forecast": 6613.17
          },
          {
            "week_start": "2026-03-13T10:13:53Z",
            "avg_days_forecast": 3.0,
            "variance_days_forecast": 9.15,
            "cost_usd_per_ton_forecast": 6379.57
          },
          {
            "week_start": "2026-03-20T10:13:53Z",
            "avg_days_forecast": 3.14,
            "variance_days_forecast": 8.98,
            "cost_usd_per_ton_forecast": 6679.12
          },
          {
            "week_start": "2026-03-27T10:13:53Z",
            "avg_days_forecast": 3.27,
            "variance_days_forecast": 8.45,
            "cost_usd_per_ton_forecast": 6456.14
          },
          {
            "week_start": "2026-04-03T10:13:53Z",
            "avg_days_forecast": 2.78,
            "variance_days_forecast": 9.59,
            "cost_usd_per_ton_forecast": 6551.34
          },
          {
            "week_start": "2026-04-10T10:13:53Z",
            "avg_days_forecast": 2.77,
            "variance_days_forecast": 9.12,
            "cost_usd_per_ton_forecast": 6437.55
          },
          {
            "week_start": "2026-04-17T10:13:53Z",
            "avg_days_forecast": 3.0,
            "variance_days_forecast": 8.86,
            "cost_usd_per_ton_forecast": 6198.18
          },
          {
            "week_start": "2026-04-24T10:13:53Z",
            "avg_days_forecast": 2.78,
            "variance_days_forecast": 8.84,
            "cost_usd_per_ton_forecast": 6395.83
          },
          {
            "week_start": "2026-05-01T10:13:53Z",
            "avg_days_forecast": 2.48,
            "variance_days_forecast": 9.17,
            "cost_usd_per_ton_forecast": 6241.17
          }
        ]
      }
    },
    {
      "id": "TEDGE_003",
      "from_node_id": "TNODE_003",
      "to_node_id": "TNODE_004",
      "label": "Delivery to plant",
      "underlying_segment_ids": [
        "SEG_00382"
      ],
      "mode_mix": [
        "road"
      ],
      "geometry": [
        [
          100.49490511824064,
          13.715993081422882
        ],
        [
          100.52896444480241,
          13.71448470723003
        ],
        [
          100.56302377136419,
          13.712976333037178
        ],
        [
          100.59708309792597,
          13.711467958844324
        ],
        [
          100.63114242448775,
          13.709959584651472
        ],
        [
          100.66520175104952,
          13.70845121045862
        ]
      ],
      "metrics": {
        "avg_days": 0.35,
        "transit_time_variance_days": 0.8,
        "delay_vs_plan_variance_days": 0.47,
        "cost_usd_per_ton": 862.73,
        "time_distribution": {
          "p10": 0.1,
          "p50": 0.35,
          "p90": 1.78
        },
        "forecast_next_12w": [
          {
            "week_start": "2026-02-13T10:13:53Z",
            "avg_days_forecast": 0.44,
            "variance_days_forecast": 0.74,
            "cost_usd_per_ton_forecast": 892.04
          },
          {
            "week_start": "2026-02-20T10:13:53Z",
            "avg_days_forecast": 0.29,
            "variance_days_forecast": 0.74,
            "cost_usd_per_ton_forecast": 838.88
          },
          {
            "week_start": "2026-02-27T10:13:53Z",
            "avg_days_forecast": 0.34,
            "variance_days_forecast": 0.72,
            "cost_usd_per_ton_forecast": 886.97
          },
          {
            "week_start": "2026-03-06T10:13:53Z",
            "avg_days_forecast": 0.1,
            "variance_days_forecast": 0.82,
            "cost_usd_per_ton_forecast": 819.97
          },
          {
            "week_start": "2026-03-13T10:13:53Z",
            "avg_days_forecast": 0.67,
            "variance_days_forecast": 0.73,
            "cost_usd_per_ton_forecast": 876.58
          },
          {
            "week_start": "2026-03-20T10:13:53Z",
            "avg_days_forecast": 0.1,
            "variance_days_forecast": 0.82,
            "cost_usd_per_ton_forecast": 859.81
          },
          {
            "week_start": "2026-03-27T10:13:53Z",
            "avg_days_forecast": 0.1,
            "variance_days_forecast": 0.76,
            "cost_usd_per_ton_forecast": 853.03
          },
          {
            "week_start": "2026-04-03T10:13:53Z",
            "avg_days_forecast": 0.23,
            "variance_days_forecast": 0.82,
            "cost_usd_per_ton_forecast": 878.54
          },
          {
            "week_start": "2026-04-10T10:13:53Z",
            "avg_days_forecast": 0.1,
            "variance_days_forecast": 0.74,
            "cost_usd_per_ton_forecast": 827.71
          },
          {
            "week_start": "2026-04-17T10:13:53Z",
            "avg_days_forecast": 0.58,
            "variance_days_forecast": 0.76,
            "cost_usd_per_ton_forecast": 849.94
          },
          {
            "week_start": "2026-04-24T10:13:53Z",
            "avg_days_forecast": 0.22,
            "variance_days_forecast": 0.77,
            "cost_usd_per_ton_forecast": 833.48
          },
          {
            "week_start": "2026-05-01T10:13:53Z",
            "avg_days_forecast": 0.3,
            "variance_days_forecast": 0.82,
            "cost_usd_per_ton_forecast": 833.65
          }
        ]
      }
    }
  ]
}