{
  "generated_at": "2026-02-13T10:13:53Z",
  "item": {
    "id": "MAT_PAINT_23",
    "type": "material",
    "name": "Paint",
    "category": "Plastics",
    "unit": "kg",
    "description": "Synthetic material record for Paint.",
    "active": true
  },
  "tree_type": "material_supply_chain",
  "metric_options": [
    {
      "id": "avg_days",
      "label": "Avg days (historical)"
    },
    {
      "id": "transit_time_variance_days",
      "label": "Variance of transit time"
    },
    {
      "id": "delay_vs_plan_variance_days",
      "label": "Variance of delay vs plan"
    }
  ],
  "nodes": [
    {
      "id": "TNODE_001",
      "entity_id": "FCT_BAN_06",
      "name": "Bangkok Plant 06",
      "node_type": "supplier_factory",
      "lat": 13.70845121045862,
      "lon": 100.66520175104952,
      "metrics": {
        "dwell_avg_days": 0.1,
        "transit_time_variance_days": 1.26,
        "delay_vs_plan_variance_days": 0.38,
        "handling_cost_usd": 5013.13,
        "dwell_forecast_next_12w": [
          {
            "week_start": "2026-02-13T10:13:53Z",
            "dwell_days_forecast": 0.05
          },
          {
            "week_start": "2026-02-20T10:13:53Z",
            "dwell_days_forecast": 0.05
          },
          {
            "week_start": "2026-02-27T10:13:53Z",
            "dwell_days_forecast": 0.29
          },
          {
            "week_start": "2026-03-06T10:13:53Z",
            "dwell_days_forecast": 0.1
          },
          {
            "week_start": "2026-03-13T10:13:53Z",
            "dwell_days_forecast": 0.05
          },
          {
            "week_start": "2026-03-20T10:13:53Z",
            "dwell_days_forecast": 0.14
          },
          {
            "week_start": "2026-03-27T10:13:53Z",
            "dwell_days_forecast": 0.1
          },
          {
            "week_start": "2026-04-03T10:13:53Z",
            "dwell_days_forecast": 0.21
          },
          {
            "week_start": "2026-04-10T10:13:53Z",
            "dwell_days_forecast": 0.18
          },
          {
            "week_start": "2026-04-17T10:13:53Z",
            "dwell_days_forecast": 0.05
          },
          {
            "week_start": "2026-04-24T10:13:53Z",
            "dwell_days_forecast": 0.05
          },
          {
            "week_start": "2026-05-01T10:13:53Z",
            "dwell_days_forecast": 0.15
          }
        ]
      }
    },
    {
      "id": "TNODE_002",
      "entity_id": "PRT_BAN",
      "name": "Port of Bangkok",
      "node_type": "export_port",
      "lat": 13.715993081422882,
      "lon": 100.49490511824064,
      "metrics": {
        "dwell_avg_days": 3.19,
        "transit_time_variance_days": 0.43,
        "delay_vs_plan_variance_days": 0.33,
        "handling_cost_usd": 1790.47,
        "dwell_forecast_next_12w": [
          {
            "week_start": "2026-02-13T10:13:53Z",
            "dwell_days_forecast": 3.2
          },
          {
            "week_start": "2026-02-20T10:13:53Z",
            "dwell_days_forecast": 3.1
          },
          {
            "week_start": "2026-02-27T10:13:53Z",
            "dwell_days_forecast": 3.24
          },
          {
            "week_start": "2026-03-06T10:13:53Z",
            "dwell_days_forecast": 3.17
          },
          {
            "week_start": "2026-03-13T10:13:53Z",
            "dwell_days_forecast": 3.22
          },
          {
            "week_start": "2026-03-20T10:13:53Z",
            "dwell_days_forecast": 3.1
          },
          {
            "week_start": "2026-03-27T10:13:53Z",
            "dwell_days_forecast": 3.53
          },
          {
            "week_start": "2026-04-03T10:13:53Z",
            "dwell_days_forecast": 2.97
          },
          {
            "week_start": "2026-04-10T10:13:53Z",
            "dwell_days_forecast": 3.41
          },
          {
            "week_start": "2026-04-17T10:13:53Z",
            "dwell_days_forecast": 3.03
          },
          {
            "week_start": "2026-04-24T10:13:53Z",
            "dwell_days_forecast": 3.02
          },
          {
            "week_start": "2026-05-01T10:13:53Z",
            "dwell_days_forecast": 3.24
          }
        ]
      }
    },
    {
      "id": "TNODE_003",
      "entity_id": "PRT_ANT",
      "name": "Port of Antwerp",
      "node_type": "import_port",
      "lat": 51.19609778220491,
      "lon": 4.446165458771249,
      "metrics": {
        "dwell_avg_days": 0.1,
        "transit_time_variance_days": 0.39,
        "delay_vs_plan_variance_days": 0.27,
        "handling_cost_usd": 550.5,
        "dwell_forecast_next_12w": [
          {
            "week_start": "2026-02-13T10:13:53Z",
            "dwell_days_forecast": 0.05
          },
          {
            "week_start": "2026-02-20T10:13:53Z",
            "dwell_days_forecast": 0.18
          },
          {
            "week_start": "2026-02-27T10:13:53Z",
            "dwell_days_forecast": 0.08
          },
          {
            "week_start": "2026-03-06T10:13:53Z",
            "dwell_days_forecast": 0.05
          },
          {
            "week_start": "2026-03-13T10:13:53Z",
            "dwell_days_forecast": 0.05
          },
          {
            "week_start": "2026-03-20T10:13:53Z",
            "dwell_days_forecast": 0.12
          },
          {
            "week_start": "2026-03-27T10:13:53Z",
            "dwell_days_forecast": 0.07
          },
          {
            "week_start": "2026-04-03T10:13:53Z",
            "dwell_days_forecast": 0.05
          },
          {
            "week_start": "2026-04-10T10:13:53Z",
            "dwell_days_forecast": 0.26
          },
          {
            "week_start": "2026-04-17T10:13:53Z",
            "dwell_days_forecast": 0.27
          },
          {
            "week_start": "2026-04-24T10:13:53Z",
            "dwell_days_forecast": 0.05
          },
          {
            "week_start": "2026-05-01T10:13:53Z",
            "dwell_days_forecast": 0.05
          }
        ]
      }
    },
    {
      "id": "TNODE_004",
      "entity_id": "FCT_ANT_18",
      "name": "Antwerp Plant 18",
      "node_type": "consuming_factory",
      "lat": 51.38582911517071,
      "lon": 4.27509565888925,
      "metrics": {
        "dwell_avg_days": 0.78,
        "transit_time_variance_days": 1.26,
        "delay_vs_plan_variance_days": 0.71,
        "handling_cost_usd": 4412.86,
        "dwell_forecast_next_12w": [
          {
            "week_start": "2026-02-13T10:13:53Z",
            "dwell_days_forecast": 0.8
          },
          {
            "week_start": "2026-02-20T10:13:53Z",
            "dwell_days_forecast": 0.72
          },
          {
            "week_start": "2026-02-27T10:13:53Z",
            "dwell_days_forecast": 0.54
          },
          {
            "week_start": "2026-03-06T10:13:53Z",
            "dwell_days_forecast": 0.88
          },
          {
            "week_start": "2026-03-13T10:13:53Z",
            "dwell_days_forecast": 0.59
          },
          {
            "week_start": "2026-03-20T10:13:53Z",
            "dwell_days_forecast": 0.36
          },
          {
            "week_start": "2026-03-27T10:13:53Z",
            "dwell_days_forecast": 0.62
          },
          {
            "week_start": "2026-04-03T10:13:53Z",
            "dwell_days_forecast": 0.78
          },
          {
            "week_start": "2026-04-10T10:13:53Z",
            "dwell_days_forecast": 1.0
          },
          {
            "week_start": "2026-04-17T10:13:53Z",
            "dwell_days_forecast": 0.69
          },
          {
            "week_start": "2026-04-24T10:13:53Z",
            "dwell_days_forecast": 1.06
          },
          {
            "week_start": "2026-05-01T10:13:53Z",
            "dwell_days_forecast": 0.6
          }
        ]
      }
    }
  ],
  "edges": [
    {
      "id": "TEDGE_001",
      "from_node_id": "TNODE_001",
      "to_node_id": "TNODE_002",
      "label": "Pickup to export port",
      "underlying_segment_ids": [
        "SEG_00381"
      ],
      "mode_mix": [
        "road"
      ],
      "geometry": [
        [
          100.66520175104952,
          13.70845121045862
        ],
        [
          100.63114242448775,
          13.709959584651472
        ],
        [
          100.59708309792597,
          13.711467958844324
        ],
        [
          100.56302377136419,
          13.712976333037178
        ],
        [
          100.52896444480241,
          13.71448470723003
        ],
        [
          100.49490511824064,
          13.715993081422882
        ]
      ],
      "metrics": {
        "avg_days": 0.49,
        "transit_time_variance_days": 1.99,
        "delay_vs_plan_variance_days": 1.65,
        "cost_usd_per_ton": 269.53,
        "time_distribution": {
          "p10": 0.1,
          "p50": 0.49,
          "p90": 2.75
        },
        "forecast_next_12w": [
          {
            "week_start": "2026-02-13T10:13:53Z",
            "avg_days_forecast": 0.43,
            "variance_days_forecast": 1.95,
            "cost_usd_per_ton_forecast": 272.69
          },
          {
            "week_start": "2026-02-20T10:13:53Z",
            "avg_days_forecast": 0.27,
            "variance_days_forecast": 1.81,
            "cost_usd_per_ton_forecast": 271.07
          },
          {
            "week_start": "2026-02-27T10:13:53Z",
            "avg_days_forecast": 0.64,
            "variance_days_forecast": 1.9,
            "cost_usd_per_ton_forecast": 265.59
          },
          {
            "week_start": "2026-03-06T10:13:53Z",
            "avg_days_forecast": 0.5,
            "variance_days_forecast": 1.95,
            "cost_usd_per_ton_forecast": 254.73
          },
          {
            "week_start": "2026-03-13T10:13:53Z",
            "avg_days_forecast": 0.35,
            "variance_days_forecast": 1.79,
            "cost_usd_per_ton_forecast": 262.05
          },
          {
            "week_start": "2026-03-20T10:13:53Z",
            "avg_days_forecast": 0.4,
            "variance_days_forecast": 1.81,
            "cost_usd_per_ton_forecast": 262.27
          },
          {
            "week_start": "2026-03-27T10:13:53Z",
            "avg_days_forecast": 0.21,
            "variance_days_forecast": 2.04,
            "cost_usd_per_ton_forecast": 258.57
          },
          {
            "week_start": "2026-04-03T10:13:53Z",
            "avg_days_forecast": 0.69,
            "variance_days_forecast": 1.91,
            "cost_usd_per_ton_forecast": 262.53
          },
          {
            "week_start": "2026-04-10T10:13:53Z",
            "avg_days_forecast": 0.41,
            "variance_days_forecast": 2.05,
            "cost_usd_per_ton_forecast": 259.51
          },
          {
            "week_start": "2026-04-17T10:13:53Z",
            "avg_days_forecast": 0.43,
            "variance_days_forecast": 1.83,
            "cost_usd_per_ton_forecast": 270.01
          },
          {
            "week_start": "2026-04-24T10:13:53Z",
            "avg_days_forecast": 0.58,
            "variance_days_forecast": 1.84,
            "cost_usd_per_ton_forecast": 278.85
          },
          {
            "week_start": "2026-05-01T10:13:53Z",
            "avg_days_forecast": 0.39,
            "variance_days_forecast": 1.91,
            "cost_usd_per_ton_forecast": 263.19
          }
        ]
      }
    },
    {
      "id": "TEDGE_002",
      "from_node_id": "TNODE_002",
      "to_node_id": "TNODE_003",
      "label": "Main leg",
      "underlying_segment_ids": [
        "SEG_00382",
        "SEG_00383",
        "SEG_00593",
        "SEG_00364",
        "SEG_00361"
      ],
      "mode_mix": [
        "air",
        "road"
      ],
      "geometry": [
        [
          100.49490511824064,
          13.715993081422882
        ],
        [
          100.52896444480241,
          13.71448470723003
        ],
        [
          100.56302377136419,
          13.712976333037178
        ],
        [
          100.59708309792597,
          13.711467958844324
        ],
        [
          100.63114242448775,
          13.709959584651472
        ],
        [
          100.66520175104952,
          13.70845121045862
        ],
        [
          100.63049072041092,
          13.721221632021868
        ],
        [
          100.59577968977231,
          13.733992053585116
        ],
        [
          100.5610686591337,
          13.746762475148365
        ],
        [
          100.52635762849509,
          13.759532896711614
        ],
        [
          100.49164659785649,
          13.772303318274862
        ],
        [
          81.29124490849183,
          21.40461303769056
        ],
        [
          62.09084321912717,
          29.036922757106254
        ],
        [
          42.89044152976252,
          36.66923247652195
        ],
        [
          23.69003984039786,
          44.30154219593764
        ],
        [
          4.489638151033205,
          51.933851915353344
        ],
        [
          4.48963815103321,
          51.933851915353344
        ],
        [
          4.4880039122593836,
          51.79523024962656
        ],
        [
          4.486369673485557,
          51.65660858389978
        ],
        [
          4.484735434711731,
          51.51798691817301
        ],
        [
          4.483101195937905,
          51.37936525244623
        ],
        [
          4.481466957164078,
          51.24074358671945
        ],
        [
          4.474406657485512,
          51.23181442581654
        ],
        [
          4.467346357806947,
          51.22288526491363
        ],
        [
          4.46028605812838,
          51.21395610401073
        ],
        [
          4.453225758449815,
          51.20502694310782
        ],
        [
          4.446165458771249,
          51.19609778220491
        ]
      ],
      "metrics": {
        "avg_days": 2.98,
        "transit_time_variance_days": 6.3,
        "delay_vs_plan_variance_days": 4.96,
        "cost_usd_per_ton": 3808.68,
        "time_distribution": {
          "p10": 0.1,
          "p50": 2.98,
          "p90": 7.0
        },
        "forecast_next_12w": [
          {
            "week_start": "2026-02-13T10:13:53Z",
            "avg_days_forecast": 3.13,
            "variance_days_forecast": 5.87,
            "cost_usd_per_ton_forecast": 3805.09
          },
          {
            "week_start": "2026-02-20T10:13:53Z",
            "avg_days_forecast": 3.04,
            "variance_days_forecast": 6.1,
            "cost_usd_per_ton_forecast": 3840.52
          },
          {
            "week_start": "2026-02-27T10:13:53Z",
            "avg_days_forecast": 2.73,
            "variance_days_forecast": 5.93,
            "cost_usd_per_ton_forecast": 3700.73
          },
          {
            "week_start": "2026-03-06T10:13:53Z",
            "avg_days_forecast": 2.91,
            "variance_days_forecast": 6.13,
            "cost_usd_per_ton_forecast": 3939.07
          },
          {
            "week_start": "2026-03-13T10:13:53Z",
            "avg_days_forecast": 2.59,
            "variance_days_forecast": 5.94,
            "cost_usd_per_ton_forecast": 3897.45
          },
          {
            "week_start": "2026-03-20T10:13:53Z",
            "avg_days_forecast": 2.8,
            "variance_days_forecast": 6.04,
            "cost_usd_per_ton_forecast": 3875.11
          },
          {
            "week_start": "2026-03-27T10:13:53Z",
            "avg_days_forecast": 3.03,
            "variance_days_forecast": 6.01,
            "cost_usd_per_ton_forecast": 3634.5
          },
          {
            "week_start": "2026-04-03T10:13:53Z",
            "avg_days_forecast": 3.52,
            "variance_days_forecast": 6.28,
            "cost_usd_per_ton_forecast": 3808.55
          },
          {
            "week_start": "2026-04-10T10:13:53Z",
            "avg_days_forecast": 2.7,
            "variance_days_forecast": 6.17,
            "cost_usd_per_ton_forecast": 3932.29
          },
          {
            "week_start": "2026-04-17T10:13:53Z",
            "avg_days_forecast": 2.83,
            "variance_days_forecast": 5.79,
            "cost_usd_per_ton_forecast": 3786.21
          },
          {
            "week_start": "2026-04-24T10:13:53Z",
            "avg_days_forecast": 2.64,
            "variance_days_forecast": 5.73,
            "cost_usd_per_ton_forecast": 3658.17
          },
          {
            "week_start": "2026-05-01T10:13:53Z",
            "avg_days_forecast": 2.14,
            "variance_days_forecast": 5.72,
            "cost_usd_per_ton_forecast": 3720.41
          }
        ]
      }
    },
    {
      "id": "TEDGE_003",
      "from_node_id": "TNODE_003",
      "to_node_id": "TNODE_004",
      "label": "Delivery to plant",
      "underlying_segment_ids": [
        "SEG_00430"
      ],
      "mode_mix": [
        "road"
      ],
      "geometry": [
        [
          4.446165458771249,
          51.19609778220491
        ],
        [
          4.411951498794849,
          51.23404404879807
        ],
        [
          4.377737538818449,
          51.27199031539123
        ],
        [
          4.34352357884205,
          51.30993658198439
        ],
        [
          4.30930961886565,
          51.34788284857755
        ],
        [
          4.27509565888925,
          51.38582911517071
        ]
      ],
      "metrics": {
        "avg_days": 0.31,
        "transit_time_variance_days": 1.39,
        "delay_vs_plan_variance_days": 1.24,
        "cost_usd_per_ton": 573.5,
        "time_distribution": {
          "p10": 0.1,
          "p50": 0.31,
          "p90": 2.2
        },
        "forecast_next_12w": [
          {
            "week_start": "2026-02-13T10:13:53Z",
            "avg_days_forecast": 0.3,
            "variance_days_forecast": 1.3,
            "cost_usd_per_ton_forecast": 543.29
          },
          {
            "week_start": "2026-02-20T10:13:53Z",
            "avg_days_forecast": 0.1,
            "variance_days_forecast": 1.34,
            "cost_usd_per_ton_forecast": 546.02
          },
          {
            "week_start": "2026-02-27T10:13:53Z",
            "avg_days_forecast": 0.37,
            "variance_days_forecast": 1.32,
            "cost_usd_per_ton_forecast": 582.9
          },
          {
            "week_start": "2026-03-06T10:13:53Z",
            "avg_days_forecast": 0.4,
            "variance_days_forecast": 1.41,
            "cost_usd_per_ton_forecast": 583.25
          },
          {
            "week_start": "2026-03-13T10:13:53Z",
            "avg_days_forecast": 0.34,
            "variance_days_forecast": 1.26,
            "cost_usd_per_ton_forecast": 557.56
          },
          {
            "week_start": "2026-03-20T10:13:53Z",
            "avg_days_forecast": 0.35,
            "variance_days_forecast": 1.39,
            "cost_usd_per_ton_forecast": 547.7
          },
          {
            "week_start": "2026-03-27T10:13:53Z",
            "avg_days_forecast": 0.4,
            "variance_days_forecast": 1.42,
            "cost_usd_per_ton_forecast": 587.44
          },
          {
            "week_start": "2026-04-03T10:13:53Z",
            "avg_days_forecast": 0.3,
            "variance_days_forecast": 1.39,
            "cost_usd_per_ton_forecast": 546.44
          },
          {
            "week_start": "2026-04-10T10:13:53Z",
            "avg_days_forecast": 0.43,
            "variance_days_forecast": 1.41,
            "cost_usd_per_ton_forecast": 550.69
          },
          {
            "week_start": "2026-04-17T10:13:53Z",
            "avg_days_forecast": 0.1,
            "variance_days_forecast": 1.29,
            "cost_usd_per_ton_forecast": 591.33
          },
          {
            "week_start": "2026-04-24T10:13:53Z",
            "avg_days_forecast": 0.24,
            "variance_days_forecast": 1.35,
            "cost_usd_per_ton_forecast": 550.27
          },
          {
            "week_start": "2026-05-01T10:13:53Z",
            "avg_days_forecast": 0.22,
            "variance_days_forecast": 1.39,
            "cost_usd_per_ton_forecast": 581.94
          }
        ]
      }
    }
  ]
}