{
  "generated_at": "2026-02-13T10:13:53Z",
  "item": {
    "id": "MAT_SOLAR_CELLS_28",
    "type": "material",
    "name": "Solar Cells",
    "category": "Metals",
    "unit": "cell",
    "description": "Synthetic material record for Solar Cells.",
    "active": true
  },
  "tree_type": "material_supply_chain",
  "metric_options": [
    {
      "id": "avg_days",
      "label": "Avg days (historical)"
    },
    {
      "id": "transit_time_variance_days",
      "label": "Variance of transit time"
    },
    {
      "id": "delay_vs_plan_variance_days",
      "label": "Variance of delay vs plan"
    }
  ],
  "nodes": [
    {
      "id": "TNODE_001",
      "entity_id": "FCT_SHA_13",
      "name": "Shanghai Plant 13",
      "node_type": "supplier_factory",
      "lat": 31.347451426492963,
      "lon": 121.51171761492776,
      "metrics": {
        "dwell_avg_days": 1.0,
        "transit_time_variance_days": 0.74,
        "delay_vs_plan_variance_days": 0.23,
        "handling_cost_usd": 6702.43,
        "dwell_forecast_next_12w": [
          {
            "week_start": "2026-02-13T10:13:53Z",
            "dwell_days_forecast": 0.83
          },
          {
            "week_start": "2026-02-20T10:13:53Z",
            "dwell_days_forecast": 1.03
          },
          {
            "week_start": "2026-02-27T10:13:53Z",
            "dwell_days_forecast": 0.99
          },
          {
            "week_start": "2026-03-06T10:13:53Z",
            "dwell_days_forecast": 0.8
          },
          {
            "week_start": "2026-03-13T10:13:53Z",
            "dwell_days_forecast": 1.03
          },
          {
            "week_start": "2026-03-20T10:13:53Z",
            "dwell_days_forecast": 1.1
          },
          {
            "week_start": "2026-03-27T10:13:53Z",
            "dwell_days_forecast": 0.79
          },
          {
            "week_start": "2026-04-03T10:13:53Z",
            "dwell_days_forecast": 1.05
          },
          {
            "week_start": "2026-04-10T10:13:53Z",
            "dwell_days_forecast": 1.23
          },
          {
            "week_start": "2026-04-17T10:13:53Z",
            "dwell_days_forecast": 1.0
          },
          {
            "week_start": "2026-04-24T10:13:53Z",
            "dwell_days_forecast": 1.0
          },
          {
            "week_start": "2026-05-01T10:13:53Z",
            "dwell_days_forecast": 0.86
          }
        ]
      }
    },
    {
      "id": "TNODE_002",
      "entity_id": "PRT_SHA",
      "name": "Port of Shanghai",
      "node_type": "export_port",
      "lat": 31.27893213789438,
      "lon": 121.5043774804797,
      "metrics": {
        "dwell_avg_days": 1.33,
        "transit_time_variance_days": 1.25,
        "delay_vs_plan_variance_days": 0.92,
        "handling_cost_usd": 1826.69,
        "dwell_forecast_next_12w": [
          {
            "week_start": "2026-02-13T10:13:53Z",
            "dwell_days_forecast": 1.29
          },
          {
            "week_start": "2026-02-20T10:13:53Z",
            "dwell_days_forecast": 1.3
          },
          {
            "week_start": "2026-02-27T10:13:53Z",
            "dwell_days_forecast": 1.52
          },
          {
            "week_start": "2026-03-06T10:13:53Z",
            "dwell_days_forecast": 1.23
          },
          {
            "week_start": "2026-03-13T10:13:53Z",
            "dwell_days_forecast": 1.14
          },
          {
            "week_start": "2026-03-20T10:13:53Z",
            "dwell_days_forecast": 1.33
          },
          {
            "week_start": "2026-03-27T10:13:53Z",
            "dwell_days_forecast": 1.34
          },
          {
            "week_start": "2026-04-03T10:13:53Z",
            "dwell_days_forecast": 1.15
          },
          {
            "week_start": "2026-04-10T10:13:53Z",
            "dwell_days_forecast": 1.33
          },
          {
            "week_start": "2026-04-17T10:13:53Z",
            "dwell_days_forecast": 1.26
          },
          {
            "week_start": "2026-04-24T10:13:53Z",
            "dwell_days_forecast": 1.1
          },
          {
            "week_start": "2026-05-01T10:13:53Z",
            "dwell_days_forecast": 1.31
          }
        ]
      }
    },
    {
      "id": "TNODE_003",
      "entity_id": "PRT_TOK",
      "name": "Port of Tokyo",
      "node_type": "import_port",
      "lat": 35.70172651966358,
      "lon": 139.66928676320995,
      "metrics": {
        "dwell_avg_days": 2.49,
        "transit_time_variance_days": 0.23,
        "delay_vs_plan_variance_days": 0.13,
        "handling_cost_usd": 706.71,
        "dwell_forecast_next_12w": [
          {
            "week_start": "2026-02-13T10:13:53Z",
            "dwell_days_forecast": 2.3
          },
          {
            "week_start": "2026-02-20T10:13:53Z",
            "dwell_days_forecast": 2.21
          },
          {
            "week_start": "2026-02-27T10:13:53Z",
            "dwell_days_forecast": 2.45
          },
          {
            "week_start": "2026-03-06T10:13:53Z",
            "dwell_days_forecast": 2.59
          },
          {
            "week_start": "2026-03-13T10:13:53Z",
            "dwell_days_forecast": 2.29
          },
          {
            "week_start": "2026-03-20T10:13:53Z",
            "dwell_days_forecast": 2.2
          },
          {
            "week_start": "2026-03-27T10:13:53Z",
            "dwell_days_forecast": 2.32
          },
          {
            "week_start": "2026-04-03T10:13:53Z",
            "dwell_days_forecast": 2.38
          },
          {
            "week_start": "2026-04-10T10:13:53Z",
            "dwell_days_forecast": 2.17
          },
          {
            "week_start": "2026-04-17T10:13:53Z",
            "dwell_days_forecast": 2.14
          },
          {
            "week_start": "2026-04-24T10:13:53Z",
            "dwell_days_forecast": 2.14
          },
          {
            "week_start": "2026-05-01T10:13:53Z",
            "dwell_days_forecast": 2.14
          }
        ]
      }
    },
    {
      "id": "TNODE_004",
      "entity_id": "FCT_TOK_05",
      "name": "Tokyo Plant 05",
      "node_type": "consuming_factory",
      "lat": 35.52358062488459,
      "lon": 139.75607737813047,
      "metrics": {
        "dwell_avg_days": 2.52,
        "transit_time_variance_days": 1.05,
        "delay_vs_plan_variance_days": 0.32,
        "handling_cost_usd": 6310.45,
        "dwell_forecast_next_12w": [
          {
            "week_start": "2026-02-13T10:13:53Z",
            "dwell_days_forecast": 2.58
          },
          {
            "week_start": "2026-02-20T10:13:53Z",
            "dwell_days_forecast": 2.75
          },
          {
            "week_start": "2026-02-27T10:13:53Z",
            "dwell_days_forecast": 2.33
          },
          {
            "week_start": "2026-03-06T10:13:53Z",
            "dwell_days_forecast": 2.51
          },
          {
            "week_start": "2026-03-13T10:13:53Z",
            "dwell_days_forecast": 2.25
          },
          {
            "week_start": "2026-03-20T10:13:53Z",
            "dwell_days_forecast": 2.48
          },
          {
            "week_start": "2026-03-27T10:13:53Z",
            "dwell_days_forecast": 2.31
          },
          {
            "week_start": "2026-04-03T10:13:53Z",
            "dwell_days_forecast": 2.53
          },
          {
            "week_start": "2026-04-10T10:13:53Z",
            "dwell_days_forecast": 2.38
          },
          {
            "week_start": "2026-04-17T10:13:53Z",
            "dwell_days_forecast": 2.47
          },
          {
            "week_start": "2026-04-24T10:13:53Z",
            "dwell_days_forecast": 2.52
          },
          {
            "week_start": "2026-05-01T10:13:53Z",
            "dwell_days_forecast": 2.48
          }
        ]
      }
    }
  ],
  "edges": [
    {
      "id": "TEDGE_001",
      "from_node_id": "TNODE_001",
      "to_node_id": "TNODE_002",
      "label": "Pickup to export port",
      "underlying_segment_ids": [
        "SEG_00409"
      ],
      "mode_mix": [
        "road"
      ],
      "geometry": [
        [
          121.51171761492776,
          31.347451426492963
        ],
        [
          121.51024958803815,
          31.333747568773248
        ],
        [
          121.50878156114854,
          31.32004371105353
        ],
        [
          121.50731353425893,
          31.306339853333814
        ],
        [
          121.50584550736932,
          31.292635995614095
        ],
        [
          121.5043774804797,
          31.27893213789438
        ]
      ],
      "metrics": {
        "avg_days": 0.64,
        "transit_time_variance_days": 0.44,
        "delay_vs_plan_variance_days": 0.17,
        "cost_usd_per_ton": 269.42,
        "time_distribution": {
          "p10": 0.1,
          "p50": 0.64,
          "p90": 1.7
        },
        "forecast_next_12w": [
          {
            "week_start": "2026-02-13T10:13:53Z",
            "avg_days_forecast": 0.61,
            "variance_days_forecast": 0.4,
            "cost_usd_per_ton_forecast": 266.63
          },
          {
            "week_start": "2026-02-20T10:13:53Z",
            "avg_days_forecast": 1.04,
            "variance_days_forecast": 0.4,
            "cost_usd_per_ton_forecast": 256.12
          },
          {
            "week_start": "2026-02-27T10:13:53Z",
            "avg_days_forecast": 0.95,
            "variance_days_forecast": 0.44,
            "cost_usd_per_ton_forecast": 265.07
          },
          {
            "week_start": "2026-03-06T10:13:53Z",
            "avg_days_forecast": 0.69,
            "variance_days_forecast": 0.41,
            "cost_usd_per_ton_forecast": 273.5
          },
          {
            "week_start": "2026-03-13T10:13:53Z",
            "avg_days_forecast": 0.49,
            "variance_days_forecast": 0.45,
            "cost_usd_per_ton_forecast": 277.6
          },
          {
            "week_start": "2026-03-20T10:13:53Z",
            "avg_days_forecast": 0.47,
            "variance_days_forecast": 0.41,
            "cost_usd_per_ton_forecast": 265.82
          },
          {
            "week_start": "2026-03-27T10:13:53Z",
            "avg_days_forecast": 0.62,
            "variance_days_forecast": 0.44,
            "cost_usd_per_ton_forecast": 260.97
          },
          {
            "week_start": "2026-04-03T10:13:53Z",
            "avg_days_forecast": 0.5,
            "variance_days_forecast": 0.4,
            "cost_usd_per_ton_forecast": 276.39
          },
          {
            "week_start": "2026-04-10T10:13:53Z",
            "avg_days_forecast": 0.71,
            "variance_days_forecast": 0.45,
            "cost_usd_per_ton_forecast": 266.06
          },
          {
            "week_start": "2026-04-17T10:13:53Z",
            "avg_days_forecast": 0.3,
            "variance_days_forecast": 0.43,
            "cost_usd_per_ton_forecast": 267.98
          },
          {
            "week_start": "2026-04-24T10:13:53Z",
            "avg_days_forecast": 0.38,
            "variance_days_forecast": 0.4,
            "cost_usd_per_ton_forecast": 262.62
          },
          {
            "week_start": "2026-05-01T10:13:53Z",
            "avg_days_forecast": 0.57,
            "variance_days_forecast": 0.41,
            "cost_usd_per_ton_forecast": 255.51
          }
        ]
      }
    },
    {
      "id": "TEDGE_002",
      "from_node_id": "TNODE_002",
      "to_node_id": "TNODE_003",
      "label": "Main leg",
      "underlying_segment_ids": [
        "SEG_00402",
        "SEG_00403",
        "SEG_00583",
        "SEG_00372",
        "SEG_00369"
      ],
      "mode_mix": [
        "air",
        "road"
      ],
      "geometry": [
        [
          121.5043774804797,
          31.27893213789438
        ],
        [
          121.5082466249569,
          31.29225195244724
        ],
        [
          121.51211576943409,
          31.305571767000103
        ],
        [
          121.5159849139113,
          31.31889158155297
        ],
        [
          121.51985405838849,
          31.33221139610583
        ],
        [
          121.52372320286568,
          31.34553121065869
        ],
        [
          121.51964100839031,
          31.330484598301805
        ],
        [
          121.51555881391494,
          31.315437985944918
        ],
        [
          121.51147661943955,
          31.30039137358803
        ],
        [
          121.50739442496418,
          31.285344761231144
        ],
        [
          121.5033122304888,
          31.270298148874257
        ],
        [
          125.1403381084843,
          32.15769395349822
        ],
        [
          128.7773639864798,
          33.045089758122174
        ],
        [
          132.4143898644753,
          33.93248556274613
        ],
        [
          136.0514157424708,
          34.81988136737009
        ],
        [
          139.6884416204663,
          35.70727717199404
        ],
        [
          139.6790316313543,
          35.73634682533668
        ],
        [
          139.66962164224228,
          35.76541647867932
        ],
        [
          139.6602116531303,
          35.794486132021966
        ],
        [
          139.65080166401827,
          35.823555785364604
        ],
        [
          139.64139167490626,
          35.85262543870724
        ],
        [
          139.646970692567,
          35.82244565489851
        ],
        [
          139.65254971022773,
          35.792265871089775
        ],
        [
          139.65812872788848,
          35.76208608728105
        ],
        [
          139.6637077455492,
          35.731906303472314
        ],
        [
          139.66928676320995,
          35.70172651966358
        ]
      ],
      "metrics": {
        "avg_days": 2.3,
        "transit_time_variance_days": 6.96,
        "delay_vs_plan_variance_days": 4.32,
        "cost_usd_per_ton": 4635.21,
        "time_distribution": {
          "p10": 0.1,
          "p50": 2.3,
          "p90": 6.52
        },
        "forecast_next_12w": [
          {
            "week_start": "2026-02-13T10:13:53Z",
            "avg_days_forecast": 2.13,
            "variance_days_forecast": 6.58,
            "cost_usd_per_ton_forecast": 4485.68
          },
          {
            "week_start": "2026-02-20T10:13:53Z",
            "avg_days_forecast": 2.52,
            "variance_days_forecast": 7.16,
            "cost_usd_per_ton_forecast": 4483.34
          },
          {
            "week_start": "2026-02-27T10:13:53Z",
            "avg_days_forecast": 2.3,
            "variance_days_forecast": 7.02,
            "cost_usd_per_ton_forecast": 4529.31
          },
          {
            "week_start": "2026-03-06T10:13:53Z",
            "avg_days_forecast": 2.28,
            "variance_days_forecast": 6.58,
            "cost_usd_per_ton_forecast": 4406.24
          },
          {
            "week_start": "2026-03-13T10:13:53Z",
            "avg_days_forecast": 2.09,
            "variance_days_forecast": 6.97,
            "cost_usd_per_ton_forecast": 4478.39
          },
          {
            "week_start": "2026-03-20T10:13:53Z",
            "avg_days_forecast": 2.1,
            "variance_days_forecast": 6.59,
            "cost_usd_per_ton_forecast": 4471.56
          },
          {
            "week_start": "2026-03-27T10:13:53Z",
            "avg_days_forecast": 1.87,
            "variance_days_forecast": 6.95,
            "cost_usd_per_ton_forecast": 4800.41
          },
          {
            "week_start": "2026-04-03T10:13:53Z",
            "avg_days_forecast": 2.16,
            "variance_days_forecast": 6.56,
            "cost_usd_per_ton_forecast": 4642.06
          },
          {
            "week_start": "2026-04-10T10:13:53Z",
            "avg_days_forecast": 1.75,
            "variance_days_forecast": 6.88,
            "cost_usd_per_ton_forecast": 4483.36
          },
          {
            "week_start": "2026-04-17T10:13:53Z",
            "avg_days_forecast": 1.87,
            "variance_days_forecast": 6.32,
            "cost_usd_per_ton_forecast": 4753.97
          },
          {
            "week_start": "2026-04-24T10:13:53Z",
            "avg_days_forecast": 2.17,
            "variance_days_forecast": 6.53,
            "cost_usd_per_ton_forecast": 4796.84
          },
          {
            "week_start": "2026-05-01T10:13:53Z",
            "avg_days_forecast": 1.81,
            "variance_days_forecast": 6.75,
            "cost_usd_per_ton_forecast": 4558.75
          }
        ]
      }
    },
    {
      "id": "TEDGE_003",
      "from_node_id": "TNODE_003",
      "to_node_id": "TNODE_004",
      "label": "Delivery to plant",
      "underlying_segment_ids": [
        "SEG_00378"
      ],
      "mode_mix": [
        "road"
      ],
      "geometry": [
        [
          139.66928676320995,
          35.70172651966358
        ],
        [
          139.68664488619405,
          35.66609734070778
        ],
        [
          139.70400300917817,
          35.630468161751985
        ],
        [
          139.72136113216226,
          35.59483898279618
        ],
        [
          139.73871925514638,
          35.55920980384039
        ],
        [
          139.75607737813047,
          35.52358062488459
        ]
      ],
      "metrics": {
        "avg_days": 0.32,
        "transit_time_variance_days": 0.73,
        "delay_vs_plan_variance_days": 0.22,
        "cost_usd_per_ton": 270.7,
        "time_distribution": {
          "p10": 0.1,
          "p50": 0.32,
          "p90": 1.69
        },
        "forecast_next_12w": [
          {
            "week_start": "2026-02-13T10:13:53Z",
            "avg_days_forecast": 0.33,
            "variance_days_forecast": 0.68,
            "cost_usd_per_ton_forecast": 274.63
          },
          {
            "week_start": "2026-02-20T10:13:53Z",
            "avg_days_forecast": 0.51,
            "variance_days_forecast": 0.67,
            "cost_usd_per_ton_forecast": 268.74
          },
          {
            "week_start": "2026-02-27T10:13:53Z",
            "avg_days_forecast": 0.38,
            "variance_days_forecast": 0.74,
            "cost_usd_per_ton_forecast": 262.15
          },
          {
            "week_start": "2026-03-06T10:13:53Z",
            "avg_days_forecast": 0.31,
            "variance_days_forecast": 0.73,
            "cost_usd_per_ton_forecast": 259.48
          },
          {
            "week_start": "2026-03-13T10:13:53Z",
            "avg_days_forecast": 0.6,
            "variance_days_forecast": 0.75,
            "cost_usd_per_ton_forecast": 271.31
          },
          {
            "week_start": "2026-03-20T10:13:53Z",
            "avg_days_forecast": 0.24,
            "variance_days_forecast": 0.75,
            "cost_usd_per_ton_forecast": 262.59
          },
          {
            "week_start": "2026-03-27T10:13:53Z",
            "avg_days_forecast": 0.54,
            "variance_days_forecast": 0.7,
            "cost_usd_per_ton_forecast": 267.95
          },
          {
            "week_start": "2026-04-03T10:13:53Z",
            "avg_days_forecast": 0.24,
            "variance_days_forecast": 0.73,
            "cost_usd_per_ton_forecast": 275.87
          },
          {
            "week_start": "2026-04-10T10:13:53Z",
            "avg_days_forecast": 0.1,
            "variance_days_forecast": 0.74,
            "cost_usd_per_ton_forecast": 280.59
          },
          {
            "week_start": "2026-04-17T10:13:53Z",
            "avg_days_forecast": 0.1,
            "variance_days_forecast": 0.71,
            "cost_usd_per_ton_forecast": 260.76
          },
          {
            "week_start": "2026-04-24T10:13:53Z",
            "avg_days_forecast": 0.13,
            "variance_days_forecast": 0.71,
            "cost_usd_per_ton_forecast": 278.55
          },
          {
            "week_start": "2026-05-01T10:13:53Z",
            "avg_days_forecast": 0.2,
            "variance_days_forecast": 0.66,
            "cost_usd_per_ton_forecast": 269.53
          }
        ]
      }
    }
  ]
}