{
  "generated_at": "2026-02-13T10:13:53Z",
  "item": {
    "id": "MAT_POWER_IC_14",
    "type": "material",
    "name": "Power IC",
    "category": "Electronics",
    "unit": "unit",
    "description": "Synthetic material record for Power IC.",
    "active": true
  },
  "tree_type": "material_supply_chain",
  "metric_options": [
    {
      "id": "avg_days",
      "label": "Avg days (historical)"
    },
    {
      "id": "transit_time_variance_days",
      "label": "Variance of transit time"
    },
    {
      "id": "delay_vs_plan_variance_days",
      "label": "Variance of delay vs plan"
    }
  ],
  "nodes": [
    {
      "id": "TNODE_001",
      "entity_id": "FCT_TOK_03",
      "name": "Tokyo Plant 03",
      "node_type": "supplier_factory",
      "lat": 35.85262543870724,
      "lon": 139.64139167490626,
      "metrics": {
        "dwell_avg_days": 0.2,
        "transit_time_variance_days": 0.67,
        "delay_vs_plan_variance_days": 0.47,
        "handling_cost_usd": 2408.3,
        "dwell_forecast_next_12w": [
          {
            "week_start": "2026-02-13T10:13:53Z",
            "dwell_days_forecast": 0.35
          },
          {
            "week_start": "2026-02-20T10:13:53Z",
            "dwell_days_forecast": 0.26
          },
          {
            "week_start": "2026-02-27T10:13:53Z",
            "dwell_days_forecast": 0.23
          },
          {
            "week_start": "2026-03-06T10:13:53Z",
            "dwell_days_forecast": 0.29
          },
          {
            "week_start": "2026-03-13T10:13:53Z",
            "dwell_days_forecast": 0.25
          },
          {
            "week_start": "2026-03-20T10:13:53Z",
            "dwell_days_forecast": 0.05
          },
          {
            "week_start": "2026-03-27T10:13:53Z",
            "dwell_days_forecast": 0.24
          },
          {
            "week_start": "2026-04-03T10:13:53Z",
            "dwell_days_forecast": 0.14
          },
          {
            "week_start": "2026-04-10T10:13:53Z",
            "dwell_days_forecast": 0.21
          },
          {
            "week_start": "2026-04-17T10:13:53Z",
            "dwell_days_forecast": 0.05
          },
          {
            "week_start": "2026-04-24T10:13:53Z",
            "dwell_days_forecast": 0.05
          },
          {
            "week_start": "2026-05-01T10:13:53Z",
            "dwell_days_forecast": 0.16
          }
        ]
      }
    },
    {
      "id": "TNODE_002",
      "entity_id": "PRT_TOK",
      "name": "Port of Tokyo",
      "node_type": "export_port",
      "lat": 35.70172651966358,
      "lon": 139.66928676320995,
      "metrics": {
        "dwell_avg_days": 2.65,
        "transit_time_variance_days": 0.39,
        "delay_vs_plan_variance_days": 0.2,
        "handling_cost_usd": 3005.69,
        "dwell_forecast_next_12w": [
          {
            "week_start": "2026-02-13T10:13:53Z",
            "dwell_days_forecast": 2.7
          },
          {
            "week_start": "2026-02-20T10:13:53Z",
            "dwell_days_forecast": 2.6
          },
          {
            "week_start": "2026-02-27T10:13:53Z",
            "dwell_days_forecast": 2.71
          },
          {
            "week_start": "2026-03-06T10:13:53Z",
            "dwell_days_forecast": 2.55
          },
          {
            "week_start": "2026-03-13T10:13:53Z",
            "dwell_days_forecast": 2.25
          },
          {
            "week_start": "2026-03-20T10:13:53Z",
            "dwell_days_forecast": 2.39
          },
          {
            "week_start": "2026-03-27T10:13:53Z",
            "dwell_days_forecast": 2.5
          },
          {
            "week_start": "2026-04-03T10:13:53Z",
            "dwell_days_forecast": 2.35
          },
          {
            "week_start": "2026-04-10T10:13:53Z",
            "dwell_days_forecast": 2.52
          },
          {
            "week_start": "2026-04-17T10:13:53Z",
            "dwell_days_forecast": 2.42
          },
          {
            "week_start": "2026-04-24T10:13:53Z",
            "dwell_days_forecast": 1.93
          },
          {
            "week_start": "2026-05-01T10:13:53Z",
            "dwell_days_forecast": 2.49
          }
        ]
      }
    }
  ],
  "edges": [
    {
      "id": "TEDGE_001",
      "from_node_id": "TNODE_001",
      "to_node_id": "TNODE_002",
      "label": "Pickup to export port",
      "underlying_segment_ids": [
        "SEG_00369"
      ],
      "mode_mix": [
        "road"
      ],
      "geometry": [
        [
          139.64139167490626,
          35.85262543870724
        ],
        [
          139.646970692567,
          35.82244565489851
        ],
        [
          139.65254971022773,
          35.792265871089775
        ],
        [
          139.65812872788848,
          35.76208608728105
        ],
        [
          139.6637077455492,
          35.731906303472314
        ],
        [
          139.66928676320995,
          35.70172651966358
        ]
      ],
      "metrics": {
        "avg_days": 0.65,
        "transit_time_variance_days": 1.45,
        "delay_vs_plan_variance_days": 1.21,
        "cost_usd_per_ton": 587.1,
        "time_distribution": {
          "p10": 0.1,
          "p50": 0.65,
          "p90": 2.58
        },
        "forecast_next_12w": [
          {
            "week_start": "2026-02-13T10:13:53Z",
            "avg_days_forecast": 0.95,
            "variance_days_forecast": 1.38,
            "cost_usd_per_ton_forecast": 590.73
          },
          {
            "week_start": "2026-02-20T10:13:53Z",
            "avg_days_forecast": 0.62,
            "variance_days_forecast": 1.34,
            "cost_usd_per_ton_forecast": 582.74
          },
          {
            "week_start": "2026-02-27T10:13:53Z",
            "avg_days_forecast": 0.55,
            "variance_days_forecast": 1.48,
            "cost_usd_per_ton_forecast": 598.97
          },
          {
            "week_start": "2026-03-06T10:13:53Z",
            "avg_days_forecast": 0.53,
            "variance_days_forecast": 1.48,
            "cost_usd_per_ton_forecast": 595.3
          },
          {
            "week_start": "2026-03-13T10:13:53Z",
            "avg_days_forecast": 0.58,
            "variance_days_forecast": 1.34,
            "cost_usd_per_ton_forecast": 564.71
          },
          {
            "week_start": "2026-03-20T10:13:53Z",
            "avg_days_forecast": 0.84,
            "variance_days_forecast": 1.34,
            "cost_usd_per_ton_forecast": 591.2
          },
          {
            "week_start": "2026-03-27T10:13:53Z",
            "avg_days_forecast": 0.48,
            "variance_days_forecast": 1.49,
            "cost_usd_per_ton_forecast": 562.64
          },
          {
            "week_start": "2026-04-03T10:13:53Z",
            "avg_days_forecast": 0.42,
            "variance_days_forecast": 1.48,
            "cost_usd_per_ton_forecast": 587.42
          },
          {
            "week_start": "2026-04-10T10:13:53Z",
            "avg_days_forecast": 0.53,
            "variance_days_forecast": 1.31,
            "cost_usd_per_ton_forecast": 582.3
          },
          {
            "week_start": "2026-04-17T10:13:53Z",
            "avg_days_forecast": 0.73,
            "variance_days_forecast": 1.38,
            "cost_usd_per_ton_forecast": 557.36
          },
          {
            "week_start": "2026-04-24T10:13:53Z",
            "avg_days_forecast": 0.58,
            "variance_days_forecast": 1.4,
            "cost_usd_per_ton_forecast": 566.72
          },
          {
            "week_start": "2026-05-01T10:13:53Z",
            "avg_days_forecast": 0.84,
            "variance_days_forecast": 1.31,
            "cost_usd_per_ton_forecast": 569.54
          }
        ]
      }
    },
    {
      "id": "TEDGE_002",
      "from_node_id": "TNODE_002",
      "to_node_id": "TNODE_001",
      "label": "Delivery to plant",
      "underlying_segment_ids": [
        "SEG_00370"
      ],
      "mode_mix": [
        "road"
      ],
      "geometry": [
        [
          139.66928676320995,
          35.70172651966358
        ],
        [
          139.6637077455492,
          35.731906303472314
        ],
        [
          139.65812872788848,
          35.76208608728105
        ],
        [
          139.65254971022773,
          35.792265871089775
        ],
        [
          139.646970692567,
          35.82244565489851
        ],
        [
          139.64139167490626,
          35.85262543870724
        ]
      ],
      "metrics": {
        "avg_days": 0.74,
        "transit_time_variance_days": 1.11,
        "delay_vs_plan_variance_days": 0.59,
        "cost_usd_per_ton": 159.58,
        "time_distribution": {
          "p10": 0.1,
          "p50": 0.74,
          "p90": 2.43
        },
        "forecast_next_12w": [
          {
            "week_start": "2026-02-13T10:13:53Z",
            "avg_days_forecast": 0.77,
            "variance_days_forecast": 1.07,
            "cost_usd_per_ton_forecast": 155.04
          },
          {
            "week_start": "2026-02-20T10:13:53Z",
            "avg_days_forecast": 0.85,
            "variance_days_forecast": 1.08,
            "cost_usd_per_ton_forecast": 150.4
          },
          {
            "week_start": "2026-02-27T10:13:53Z",
            "avg_days_forecast": 0.53,
            "variance_days_forecast": 1.01,
            "cost_usd_per_ton_forecast": 157.23
          },
          {
            "week_start": "2026-03-06T10:13:53Z",
            "avg_days_forecast": 0.72,
            "variance_days_forecast": 1.13,
            "cost_usd_per_ton_forecast": 150.95
          },
          {
            "week_start": "2026-03-13T10:13:53Z",
            "avg_days_forecast": 0.27,
            "variance_days_forecast": 1.14,
            "cost_usd_per_ton_forecast": 157.99
          },
          {
            "week_start": "2026-03-20T10:13:53Z",
            "avg_days_forecast": 0.46,
            "variance_days_forecast": 1.1,
            "cost_usd_per_ton_forecast": 162.12
          },
          {
            "week_start": "2026-03-27T10:13:53Z",
            "avg_days_forecast": 0.23,
            "variance_days_forecast": 1.13,
            "cost_usd_per_ton_forecast": 157.12
          },
          {
            "week_start": "2026-04-03T10:13:53Z",
            "avg_days_forecast": 0.17,
            "variance_days_forecast": 1.08,
            "cost_usd_per_ton_forecast": 158.97
          },
          {
            "week_start": "2026-04-10T10:13:53Z",
            "avg_days_forecast": 0.78,
            "variance_days_forecast": 1.01,
            "cost_usd_per_ton_forecast": 163.0
          },
          {
            "week_start": "2026-04-17T10:13:53Z",
            "avg_days_forecast": 0.46,
            "variance_days_forecast": 1.12,
            "cost_usd_per_ton_forecast": 164.93
          },
          {
            "week_start": "2026-04-24T10:13:53Z",
            "avg_days_forecast": 0.96,
            "variance_days_forecast": 1.02,
            "cost_usd_per_ton_forecast": 152.76
          },
          {
            "week_start": "2026-05-01T10:13:53Z",
            "avg_days_forecast": 0.94,
            "variance_days_forecast": 1.04,
            "cost_usd_per_ton_forecast": 155.47
          }
        ]
      }
    }
  ]
}