{
  "generated_at": "2026-02-13T10:13:53Z",
  "item": {
    "id": "MAT_LED_BACKLIGHT_25",
    "type": "material",
    "name": "LED Backlight",
    "category": "Chemicals",
    "unit": "unit",
    "description": "Synthetic material record for LED Backlight.",
    "active": true
  },
  "tree_type": "material_supply_chain",
  "metric_options": [
    {
      "id": "avg_days",
      "label": "Avg days (historical)"
    },
    {
      "id": "transit_time_variance_days",
      "label": "Variance of transit time"
    },
    {
      "id": "delay_vs_plan_variance_days",
      "label": "Variance of delay vs plan"
    }
  ],
  "nodes": [
    {
      "id": "TNODE_001",
      "entity_id": "FCT_BAN_06",
      "name": "Bangkok Plant 06",
      "node_type": "supplier_factory",
      "lat": 13.70845121045862,
      "lon": 100.66520175104952,
      "metrics": {
        "dwell_avg_days": 0.2,
        "transit_time_variance_days": 0.72,
        "delay_vs_plan_variance_days": 0.64,
        "handling_cost_usd": 4679.85,
        "dwell_forecast_next_12w": [
          {
            "week_start": "2026-02-13T10:13:53Z",
            "dwell_days_forecast": 0.05
          },
          {
            "week_start": "2026-02-20T10:13:53Z",
            "dwell_days_forecast": 0.56
          },
          {
            "week_start": "2026-02-27T10:13:53Z",
            "dwell_days_forecast": 0.13
          },
          {
            "week_start": "2026-03-06T10:13:53Z",
            "dwell_days_forecast": 0.35
          },
          {
            "week_start": "2026-03-13T10:13:53Z",
            "dwell_days_forecast": 0.31
          },
          {
            "week_start": "2026-03-20T10:13:53Z",
            "dwell_days_forecast": 0.26
          },
          {
            "week_start": "2026-03-27T10:13:53Z",
            "dwell_days_forecast": 0.1
          },
          {
            "week_start": "2026-04-03T10:13:53Z",
            "dwell_days_forecast": 0.05
          },
          {
            "week_start": "2026-04-10T10:13:53Z",
            "dwell_days_forecast": 0.12
          },
          {
            "week_start": "2026-04-17T10:13:53Z",
            "dwell_days_forecast": 0.05
          },
          {
            "week_start": "2026-04-24T10:13:53Z",
            "dwell_days_forecast": 0.39
          },
          {
            "week_start": "2026-05-01T10:13:53Z",
            "dwell_days_forecast": 0.29
          }
        ]
      }
    },
    {
      "id": "TNODE_002",
      "entity_id": "PRT_BAN",
      "name": "Port of Bangkok",
      "node_type": "export_port",
      "lat": 13.715993081422882,
      "lon": 100.49490511824064,
      "metrics": {
        "dwell_avg_days": 0.1,
        "transit_time_variance_days": 0.05,
        "delay_vs_plan_variance_days": 0.05,
        "handling_cost_usd": 1529.49,
        "dwell_forecast_next_12w": [
          {
            "week_start": "2026-02-13T10:13:53Z",
            "dwell_days_forecast": 0.12
          },
          {
            "week_start": "2026-02-20T10:13:53Z",
            "dwell_days_forecast": 0.08
          },
          {
            "week_start": "2026-02-27T10:13:53Z",
            "dwell_days_forecast": 0.05
          },
          {
            "week_start": "2026-03-06T10:13:53Z",
            "dwell_days_forecast": 0.16
          },
          {
            "week_start": "2026-03-13T10:13:53Z",
            "dwell_days_forecast": 0.05
          },
          {
            "week_start": "2026-03-20T10:13:53Z",
            "dwell_days_forecast": 0.05
          },
          {
            "week_start": "2026-03-27T10:13:53Z",
            "dwell_days_forecast": 0.07
          },
          {
            "week_start": "2026-04-03T10:13:53Z",
            "dwell_days_forecast": 0.05
          },
          {
            "week_start": "2026-04-10T10:13:53Z",
            "dwell_days_forecast": 0.19
          },
          {
            "week_start": "2026-04-17T10:13:53Z",
            "dwell_days_forecast": 0.05
          },
          {
            "week_start": "2026-04-24T10:13:53Z",
            "dwell_days_forecast": 0.38
          },
          {
            "week_start": "2026-05-01T10:13:53Z",
            "dwell_days_forecast": 0.05
          }
        ]
      }
    },
    {
      "id": "TNODE_003",
      "entity_id": "PRT_JAK",
      "name": "Port of Jakarta",
      "node_type": "import_port",
      "lat": -6.193454451173421,
      "lon": 106.8602179751295,
      "metrics": {
        "dwell_avg_days": 1.05,
        "transit_time_variance_days": 1.0,
        "delay_vs_plan_variance_days": 0.85,
        "handling_cost_usd": 3693.43,
        "dwell_forecast_next_12w": [
          {
            "week_start": "2026-02-13T10:13:53Z",
            "dwell_days_forecast": 0.85
          },
          {
            "week_start": "2026-02-20T10:13:53Z",
            "dwell_days_forecast": 1.02
          },
          {
            "week_start": "2026-02-27T10:13:53Z",
            "dwell_days_forecast": 1.23
          },
          {
            "week_start": "2026-03-06T10:13:53Z",
            "dwell_days_forecast": 1.26
          },
          {
            "week_start": "2026-03-13T10:13:53Z",
            "dwell_days_forecast": 1.0
          },
          {
            "week_start": "2026-03-20T10:13:53Z",
            "dwell_days_forecast": 1.1
          },
          {
            "week_start": "2026-03-27T10:13:53Z",
            "dwell_days_forecast": 1.3
          },
          {
            "week_start": "2026-04-03T10:13:53Z",
            "dwell_days_forecast": 1.02
          },
          {
            "week_start": "2026-04-10T10:13:53Z",
            "dwell_days_forecast": 1.06
          },
          {
            "week_start": "2026-04-17T10:13:53Z",
            "dwell_days_forecast": 1.12
          },
          {
            "week_start": "2026-04-24T10:13:53Z",
            "dwell_days_forecast": 1.02
          },
          {
            "week_start": "2026-05-01T10:13:53Z",
            "dwell_days_forecast": 0.98
          }
        ]
      }
    },
    {
      "id": "TNODE_004",
      "entity_id": "FCT_JAK_14",
      "name": "Jakarta Plant 14",
      "node_type": "consuming_factory",
      "lat": -6.1333288035151625,
      "lon": 106.92549347399029,
      "metrics": {
        "dwell_avg_days": 1.68,
        "transit_time_variance_days": 1.38,
        "delay_vs_plan_variance_days": 0.92,
        "handling_cost_usd": 6236.6,
        "dwell_forecast_next_12w": [
          {
            "week_start": "2026-02-13T10:13:53Z",
            "dwell_days_forecast": 1.73
          },
          {
            "week_start": "2026-02-20T10:13:53Z",
            "dwell_days_forecast": 1.79
          },
          {
            "week_start": "2026-02-27T10:13:53Z",
            "dwell_days_forecast": 1.83
          },
          {
            "week_start": "2026-03-06T10:13:53Z",
            "dwell_days_forecast": 1.28
          },
          {
            "week_start": "2026-03-13T10:13:53Z",
            "dwell_days_forecast": 1.53
          },
          {
            "week_start": "2026-03-20T10:13:53Z",
            "dwell_days_forecast": 1.64
          },
          {
            "week_start": "2026-03-27T10:13:53Z",
            "dwell_days_forecast": 1.38
          },
          {
            "week_start": "2026-04-03T10:13:53Z",
            "dwell_days_forecast": 1.59
          },
          {
            "week_start": "2026-04-10T10:13:53Z",
            "dwell_days_forecast": 1.61
          },
          {
            "week_start": "2026-04-17T10:13:53Z",
            "dwell_days_forecast": 1.84
          },
          {
            "week_start": "2026-04-24T10:13:53Z",
            "dwell_days_forecast": 1.44
          },
          {
            "week_start": "2026-05-01T10:13:53Z",
            "dwell_days_forecast": 1.31
          }
        ]
      }
    }
  ],
  "edges": [
    {
      "id": "TEDGE_001",
      "from_node_id": "TNODE_001",
      "to_node_id": "TNODE_002",
      "label": "Pickup to export port",
      "underlying_segment_ids": [
        "SEG_00381"
      ],
      "mode_mix": [
        "road"
      ],
      "geometry": [
        [
          100.66520175104952,
          13.70845121045862
        ],
        [
          100.63114242448775,
          13.709959584651472
        ],
        [
          100.59708309792597,
          13.711467958844324
        ],
        [
          100.56302377136419,
          13.712976333037178
        ],
        [
          100.52896444480241,
          13.71448470723003
        ],
        [
          100.49490511824064,
          13.715993081422882
        ]
      ],
      "metrics": {
        "avg_days": 0.49,
        "transit_time_variance_days": 1.99,
        "delay_vs_plan_variance_days": 1.65,
        "cost_usd_per_ton": 269.53,
        "time_distribution": {
          "p10": 0.1,
          "p50": 0.49,
          "p90": 2.75
        },
        "forecast_next_12w": [
          {
            "week_start": "2026-02-13T10:13:53Z",
            "avg_days_forecast": 0.49,
            "variance_days_forecast": 1.94,
            "cost_usd_per_ton_forecast": 254.05
          },
          {
            "week_start": "2026-02-20T10:13:53Z",
            "avg_days_forecast": 0.45,
            "variance_days_forecast": 1.91,
            "cost_usd_per_ton_forecast": 272.17
          },
          {
            "week_start": "2026-02-27T10:13:53Z",
            "avg_days_forecast": 0.68,
            "variance_days_forecast": 1.97,
            "cost_usd_per_ton_forecast": 265.97
          },
          {
            "week_start": "2026-03-06T10:13:53Z",
            "avg_days_forecast": 0.54,
            "variance_days_forecast": 1.79,
            "cost_usd_per_ton_forecast": 268.61
          },
          {
            "week_start": "2026-03-13T10:13:53Z",
            "avg_days_forecast": 0.32,
            "variance_days_forecast": 1.81,
            "cost_usd_per_ton_forecast": 272.94
          },
          {
            "week_start": "2026-03-20T10:13:53Z",
            "avg_days_forecast": 0.69,
            "variance_days_forecast": 1.81,
            "cost_usd_per_ton_forecast": 272.77
          },
          {
            "week_start": "2026-03-27T10:13:53Z",
            "avg_days_forecast": 0.5,
            "variance_days_forecast": 1.81,
            "cost_usd_per_ton_forecast": 259.62
          },
          {
            "week_start": "2026-04-03T10:13:53Z",
            "avg_days_forecast": 0.2,
            "variance_days_forecast": 2.04,
            "cost_usd_per_ton_forecast": 277.92
          },
          {
            "week_start": "2026-04-10T10:13:53Z",
            "avg_days_forecast": 0.29,
            "variance_days_forecast": 1.83,
            "cost_usd_per_ton_forecast": 278.98
          },
          {
            "week_start": "2026-04-17T10:13:53Z",
            "avg_days_forecast": 0.41,
            "variance_days_forecast": 1.93,
            "cost_usd_per_ton_forecast": 259.73
          },
          {
            "week_start": "2026-04-24T10:13:53Z",
            "avg_days_forecast": 0.53,
            "variance_days_forecast": 2.02,
            "cost_usd_per_ton_forecast": 277.55
          },
          {
            "week_start": "2026-05-01T10:13:53Z",
            "avg_days_forecast": 0.35,
            "variance_days_forecast": 2.02,
            "cost_usd_per_ton_forecast": 263.19
          }
        ]
      }
    },
    {
      "id": "TEDGE_002",
      "from_node_id": "TNODE_002",
      "to_node_id": "TNODE_003",
      "label": "Main leg",
      "underlying_segment_ids": [
        "SEG_00533",
        "SEG_00250",
        "SEG_00251",
        "SEG_00187",
        "SEG_00416",
        "SEG_00413"
      ],
      "mode_mix": [
        "air",
        "road",
        "sea"
      ],
      "geometry": [
        [
          100.49490511824064,
          13.715993081422882
        ],
        [
          101.72328495645901,
          13.14612474994992
        ],
        [
          102.9516647946774,
          12.576256418476957
        ],
        [
          104.18004463289577,
          12.006388087003993
        ],
        [
          105.40842447111416,
          11.43651975553103
        ],
        [
          106.63680430933253,
          10.866651424058068
        ],
        [
          106.62185395874907,
          10.851130570918311
        ],
        [
          106.60690360816561,
          10.835609717778555
        ],
        [
          106.59195325758216,
          10.8200888646388
        ],
        [
          106.5770029069987,
          10.804568011499043
        ],
        [
          106.56205255641524,
          10.789047158359287
        ],
        [
          106.57478810982577,
          10.802189458799369
        ],
        [
          106.5875236632363,
          10.815331759239449
        ],
        [
          106.60025921664683,
          10.82847405967953
        ],
        [
          106.61299477005736,
          10.84161636011961
        ],
        [
          106.62573032346789,
          10.854758660559693
        ],
        [
          106.67253389354647,
          7.437629428302191
        ],
        [
          106.71933746362504,
          4.02050019604469
        ],
        [
          106.76614103370362,
          0.6033709637871887
        ],
        [
          106.81294460378219,
          -2.8137582684703126
        ],
        [
          106.85974817386077,
          -6.230887500727814
        ],
        [
          106.85974817386077,
          -6.230887500727813
        ],
        [
          106.87289723388668,
          -6.211375761285283
        ],
        [
          106.88604629391257,
          -6.191864021842753
        ],
        [
          106.89919535393848,
          -6.172352282400222
        ],
        [
          106.91234441396438,
          -6.1528405429576924
        ],
        [
          106.92549347399029,
          -6.1333288035151625
        ],
        [
          106.91243837421813,
          -6.145353933046814
        ],
        [
          106.89938327444597,
          -6.157379062578466
        ],
        [
          106.88632817467382,
          -6.169404192110118
        ],
        [
          106.87327307490166,
          -6.18142932164177
        ],
        [
          106.8602179751295,
          -6.193454451173421
        ]
      ],
      "metrics": {
        "avg_days": 4.4,
        "transit_time_variance_days": 10.55,
        "delay_vs_plan_variance_days": 4.61,
        "cost_usd_per_ton": 6565.61,
        "time_distribution": {
          "p10": 0.5,
          "p50": 4.4,
          "p90": 9.6
        },
        "forecast_next_12w": [
          {
            "week_start": "2026-02-13T10:13:53Z",
            "avg_days_forecast": 4.3,
            "variance_days_forecast": 10.32,
            "cost_usd_per_ton_forecast": 6267.52
          },
          {
            "week_start": "2026-02-20T10:13:53Z",
            "avg_days_forecast": 4.26,
            "variance_days_forecast": 9.65,
            "cost_usd_per_ton_forecast": 6571.05
          },
          {
            "week_start": "2026-02-27T10:13:53Z",
            "avg_days_forecast": 4.39,
            "variance_days_forecast": 9.54,
            "cost_usd_per_ton_forecast": 6708.54
          },
          {
            "week_start": "2026-03-06T10:13:53Z",
            "avg_days_forecast": 4.3,
            "variance_days_forecast": 10.74,
            "cost_usd_per_ton_forecast": 6816.36
          },
          {
            "week_start": "2026-03-13T10:13:53Z",
            "avg_days_forecast": 4.29,
            "variance_days_forecast": 10.47,
            "cost_usd_per_ton_forecast": 6403.75
          },
          {
            "week_start": "2026-03-20T10:13:53Z",
            "avg_days_forecast": 4.25,
            "variance_days_forecast": 10.31,
            "cost_usd_per_ton_forecast": 6337.72
          },
          {
            "week_start": "2026-03-27T10:13:53Z",
            "avg_days_forecast": 4.27,
            "variance_days_forecast": 10.15,
            "cost_usd_per_ton_forecast": 6364.78
          },
          {
            "week_start": "2026-04-03T10:13:53Z",
            "avg_days_forecast": 4.2,
            "variance_days_forecast": 10.12,
            "cost_usd_per_ton_forecast": 6333.94
          },
          {
            "week_start": "2026-04-10T10:13:53Z",
            "avg_days_forecast": 4.01,
            "variance_days_forecast": 10.67,
            "cost_usd_per_ton_forecast": 6642.32
          },
          {
            "week_start": "2026-04-17T10:13:53Z",
            "avg_days_forecast": 3.68,
            "variance_days_forecast": 9.62,
            "cost_usd_per_ton_forecast": 6261.71
          },
          {
            "week_start": "2026-04-24T10:13:53Z",
            "avg_days_forecast": 3.92,
            "variance_days_forecast": 10.59,
            "cost_usd_per_ton_forecast": 6573.2
          },
          {
            "week_start": "2026-05-01T10:13:53Z",
            "avg_days_forecast": 3.78,
            "variance_days_forecast": 10.46,
            "cost_usd_per_ton_forecast": 6605.81
          }
        ]
      }
    },
    {
      "id": "TEDGE_003",
      "from_node_id": "TNODE_003",
      "to_node_id": "TNODE_004",
      "label": "Delivery to plant",
      "underlying_segment_ids": [
        "SEG_00414"
      ],
      "mode_mix": [
        "road"
      ],
      "geometry": [
        [
          106.8602179751295,
          -6.193454451173421
        ],
        [
          106.87327307490166,
          -6.18142932164177
        ],
        [
          106.88632817467382,
          -6.169404192110118
        ],
        [
          106.89938327444597,
          -6.157379062578466
        ],
        [
          106.91243837421813,
          -6.145353933046814
        ],
        [
          106.92549347399029,
          -6.1333288035151625
        ]
      ],
      "metrics": {
        "avg_days": 0.27,
        "transit_time_variance_days": 1.07,
        "delay_vs_plan_variance_days": 0.83,
        "cost_usd_per_ton": 762.93,
        "time_distribution": {
          "p10": 0.1,
          "p50": 0.27,
          "p90": 1.93
        },
        "forecast_next_12w": [
          {
            "week_start": "2026-02-13T10:13:53Z",
            "avg_days_forecast": 0.31,
            "variance_days_forecast": 1.01,
            "cost_usd_per_ton_forecast": 774.17
          },
          {
            "week_start": "2026-02-20T10:13:53Z",
            "avg_days_forecast": 0.42,
            "variance_days_forecast": 1.0,
            "cost_usd_per_ton_forecast": 784.87
          },
          {
            "week_start": "2026-02-27T10:13:53Z",
            "avg_days_forecast": 0.27,
            "variance_days_forecast": 1.04,
            "cost_usd_per_ton_forecast": 740.56
          },
          {
            "week_start": "2026-03-06T10:13:53Z",
            "avg_days_forecast": 0.47,
            "variance_days_forecast": 0.98,
            "cost_usd_per_ton_forecast": 777.46
          },
          {
            "week_start": "2026-03-13T10:13:53Z",
            "avg_days_forecast": 0.8,
            "variance_days_forecast": 1.09,
            "cost_usd_per_ton_forecast": 737.44
          },
          {
            "week_start": "2026-03-20T10:13:53Z",
            "avg_days_forecast": 0.51,
            "variance_days_forecast": 1.03,
            "cost_usd_per_ton_forecast": 759.74
          },
          {
            "week_start": "2026-03-27T10:13:53Z",
            "avg_days_forecast": 0.32,
            "variance_days_forecast": 1.05,
            "cost_usd_per_ton_forecast": 723.85
          },
          {
            "week_start": "2026-04-03T10:13:53Z",
            "avg_days_forecast": 0.26,
            "variance_days_forecast": 1.07,
            "cost_usd_per_ton_forecast": 725.33
          },
          {
            "week_start": "2026-04-10T10:13:53Z",
            "avg_days_forecast": 0.19,
            "variance_days_forecast": 1.04,
            "cost_usd_per_ton_forecast": 776.82
          },
          {
            "week_start": "2026-04-17T10:13:53Z",
            "avg_days_forecast": 0.51,
            "variance_days_forecast": 1.05,
            "cost_usd_per_ton_forecast": 784.21
          },
          {
            "week_start": "2026-04-24T10:13:53Z",
            "avg_days_forecast": 0.1,
            "variance_days_forecast": 0.99,
            "cost_usd_per_ton_forecast": 764.44
          },
          {
            "week_start": "2026-05-01T10:13:53Z",
            "avg_days_forecast": 0.1,
            "variance_days_forecast": 1.06,
            "cost_usd_per_ton_forecast": 731.46
          }
        ]
      }
    }
  ]
}