{
  "generated_at": "2026-02-13T10:13:53Z",
  "item": {
    "id": "MAT_RUBBER_GASKET_16",
    "type": "material",
    "name": "Rubber Gasket",
    "category": "Mechanical",
    "unit": "kg",
    "description": "Synthetic material record for Rubber Gasket.",
    "active": true
  },
  "tree_type": "material_supply_chain",
  "metric_options": [
    {
      "id": "avg_days",
      "label": "Avg days (historical)"
    },
    {
      "id": "transit_time_variance_days",
      "label": "Variance of transit time"
    },
    {
      "id": "delay_vs_plan_variance_days",
      "label": "Variance of delay vs plan"
    }
  ],
  "nodes": [
    {
      "id": "TNODE_001",
      "entity_id": "FCT_SHA_13",
      "name": "Shanghai Plant 13",
      "node_type": "supplier_factory",
      "lat": 31.347451426492963,
      "lon": 121.51171761492776,
      "metrics": {
        "dwell_avg_days": 1.33,
        "transit_time_variance_days": 1.5,
        "delay_vs_plan_variance_days": 1.03,
        "handling_cost_usd": 7793.12,
        "dwell_forecast_next_12w": [
          {
            "week_start": "2026-02-13T10:13:53Z",
            "dwell_days_forecast": 1.37
          },
          {
            "week_start": "2026-02-20T10:13:53Z",
            "dwell_days_forecast": 1.46
          },
          {
            "week_start": "2026-02-27T10:13:53Z",
            "dwell_days_forecast": 1.27
          },
          {
            "week_start": "2026-03-06T10:13:53Z",
            "dwell_days_forecast": 1.07
          },
          {
            "week_start": "2026-03-13T10:13:53Z",
            "dwell_days_forecast": 1.67
          },
          {
            "week_start": "2026-03-20T10:13:53Z",
            "dwell_days_forecast": 1.13
          },
          {
            "week_start": "2026-03-27T10:13:53Z",
            "dwell_days_forecast": 1.33
          },
          {
            "week_start": "2026-04-03T10:13:53Z",
            "dwell_days_forecast": 1.33
          },
          {
            "week_start": "2026-04-10T10:13:53Z",
            "dwell_days_forecast": 1.13
          },
          {
            "week_start": "2026-04-17T10:13:53Z",
            "dwell_days_forecast": 1.33
          },
          {
            "week_start": "2026-04-24T10:13:53Z",
            "dwell_days_forecast": 1.16
          },
          {
            "week_start": "2026-05-01T10:13:53Z",
            "dwell_days_forecast": 1.17
          }
        ]
      }
    },
    {
      "id": "TNODE_002",
      "entity_id": "PRT_SHA",
      "name": "Port of Shanghai",
      "node_type": "export_port",
      "lat": 31.27893213789438,
      "lon": 121.5043774804797,
      "metrics": {
        "dwell_avg_days": 0.1,
        "transit_time_variance_days": 0.42,
        "delay_vs_plan_variance_days": 0.16,
        "handling_cost_usd": 6101.12,
        "dwell_forecast_next_12w": [
          {
            "week_start": "2026-02-13T10:13:53Z",
            "dwell_days_forecast": 0.23
          },
          {
            "week_start": "2026-02-20T10:13:53Z",
            "dwell_days_forecast": 0.11
          },
          {
            "week_start": "2026-02-27T10:13:53Z",
            "dwell_days_forecast": 0.08
          },
          {
            "week_start": "2026-03-06T10:13:53Z",
            "dwell_days_forecast": 0.14
          },
          {
            "week_start": "2026-03-13T10:13:53Z",
            "dwell_days_forecast": 0.12
          },
          {
            "week_start": "2026-03-20T10:13:53Z",
            "dwell_days_forecast": 0.05
          },
          {
            "week_start": "2026-03-27T10:13:53Z",
            "dwell_days_forecast": 0.11
          },
          {
            "week_start": "2026-04-03T10:13:53Z",
            "dwell_days_forecast": 0.22
          },
          {
            "week_start": "2026-04-10T10:13:53Z",
            "dwell_days_forecast": 0.19
          },
          {
            "week_start": "2026-04-17T10:13:53Z",
            "dwell_days_forecast": 0.05
          },
          {
            "week_start": "2026-04-24T10:13:53Z",
            "dwell_days_forecast": 0.23
          },
          {
            "week_start": "2026-05-01T10:13:53Z",
            "dwell_days_forecast": 0.05
          }
        ]
      }
    },
    {
      "id": "TNODE_003",
      "entity_id": "PRT_HON",
      "name": "Port of Hong Kong",
      "node_type": "import_port",
      "lat": 22.316828237809872,
      "lon": 114.17438035934948,
      "metrics": {
        "dwell_avg_days": 1.17,
        "transit_time_variance_days": 1.26,
        "delay_vs_plan_variance_days": 0.86,
        "handling_cost_usd": 7545.56,
        "dwell_forecast_next_12w": [
          {
            "week_start": "2026-02-13T10:13:53Z",
            "dwell_days_forecast": 1.33
          },
          {
            "week_start": "2026-02-20T10:13:53Z",
            "dwell_days_forecast": 1.42
          },
          {
            "week_start": "2026-02-27T10:13:53Z",
            "dwell_days_forecast": 1.07
          },
          {
            "week_start": "2026-03-06T10:13:53Z",
            "dwell_days_forecast": 1.23
          },
          {
            "week_start": "2026-03-13T10:13:53Z",
            "dwell_days_forecast": 0.93
          },
          {
            "week_start": "2026-03-20T10:13:53Z",
            "dwell_days_forecast": 1.43
          },
          {
            "week_start": "2026-03-27T10:13:53Z",
            "dwell_days_forecast": 1.31
          },
          {
            "week_start": "2026-04-03T10:13:53Z",
            "dwell_days_forecast": 1.16
          },
          {
            "week_start": "2026-04-10T10:13:53Z",
            "dwell_days_forecast": 1.28
          },
          {
            "week_start": "2026-04-17T10:13:53Z",
            "dwell_days_forecast": 1.38
          },
          {
            "week_start": "2026-04-24T10:13:53Z",
            "dwell_days_forecast": 1.23
          },
          {
            "week_start": "2026-05-01T10:13:53Z",
            "dwell_days_forecast": 1.3
          }
        ]
      }
    },
    {
      "id": "TNODE_004",
      "entity_id": "FCT_HON_19",
      "name": "Hong Kong Plant 19",
      "node_type": "consuming_factory",
      "lat": 22.25848442251786,
      "lon": 114.10272335746603,
      "metrics": {
        "dwell_avg_days": 1.02,
        "transit_time_variance_days": 0.64,
        "delay_vs_plan_variance_days": 0.2,
        "handling_cost_usd": 2100.69,
        "dwell_forecast_next_12w": [
          {
            "week_start": "2026-02-13T10:13:53Z",
            "dwell_days_forecast": 0.98
          },
          {
            "week_start": "2026-02-20T10:13:53Z",
            "dwell_days_forecast": 0.81
          },
          {
            "week_start": "2026-02-27T10:13:53Z",
            "dwell_days_forecast": 1.12
          },
          {
            "week_start": "2026-03-06T10:13:53Z",
            "dwell_days_forecast": 1.01
          },
          {
            "week_start": "2026-03-13T10:13:53Z",
            "dwell_days_forecast": 0.85
          },
          {
            "week_start": "2026-03-20T10:13:53Z",
            "dwell_days_forecast": 1.22
          },
          {
            "week_start": "2026-03-27T10:13:53Z",
            "dwell_days_forecast": 0.82
          },
          {
            "week_start": "2026-04-03T10:13:53Z",
            "dwell_days_forecast": 0.78
          },
          {
            "week_start": "2026-04-10T10:13:53Z",
            "dwell_days_forecast": 0.81
          },
          {
            "week_start": "2026-04-17T10:13:53Z",
            "dwell_days_forecast": 1.05
          },
          {
            "week_start": "2026-04-24T10:13:53Z",
            "dwell_days_forecast": 0.95
          },
          {
            "week_start": "2026-05-01T10:13:53Z",
            "dwell_days_forecast": 1.07
          }
        ]
      }
    }
  ],
  "edges": [
    {
      "id": "TEDGE_001",
      "from_node_id": "TNODE_001",
      "to_node_id": "TNODE_002",
      "label": "Pickup to export port",
      "underlying_segment_ids": [
        "SEG_00409"
      ],
      "mode_mix": [
        "road"
      ],
      "geometry": [
        [
          121.51171761492776,
          31.347451426492963
        ],
        [
          121.51024958803815,
          31.333747568773248
        ],
        [
          121.50878156114854,
          31.32004371105353
        ],
        [
          121.50731353425893,
          31.306339853333814
        ],
        [
          121.50584550736932,
          31.292635995614095
        ],
        [
          121.5043774804797,
          31.27893213789438
        ]
      ],
      "metrics": {
        "avg_days": 0.64,
        "transit_time_variance_days": 0.44,
        "delay_vs_plan_variance_days": 0.17,
        "cost_usd_per_ton": 269.42,
        "time_distribution": {
          "p10": 0.1,
          "p50": 0.64,
          "p90": 1.7
        },
        "forecast_next_12w": [
          {
            "week_start": "2026-02-13T10:13:53Z",
            "avg_days_forecast": 1.02,
            "variance_days_forecast": 0.4,
            "cost_usd_per_ton_forecast": 260.84
          },
          {
            "week_start": "2026-02-20T10:13:53Z",
            "avg_days_forecast": 0.86,
            "variance_days_forecast": 0.42,
            "cost_usd_per_ton_forecast": 279.25
          },
          {
            "week_start": "2026-02-27T10:13:53Z",
            "avg_days_forecast": 0.43,
            "variance_days_forecast": 0.44,
            "cost_usd_per_ton_forecast": 276.87
          },
          {
            "week_start": "2026-03-06T10:13:53Z",
            "avg_days_forecast": 0.51,
            "variance_days_forecast": 0.43,
            "cost_usd_per_ton_forecast": 262.82
          },
          {
            "week_start": "2026-03-13T10:13:53Z",
            "avg_days_forecast": 0.63,
            "variance_days_forecast": 0.45,
            "cost_usd_per_ton_forecast": 272.49
          },
          {
            "week_start": "2026-03-20T10:13:53Z",
            "avg_days_forecast": 0.94,
            "variance_days_forecast": 0.44,
            "cost_usd_per_ton_forecast": 268.18
          },
          {
            "week_start": "2026-03-27T10:13:53Z",
            "avg_days_forecast": 0.75,
            "variance_days_forecast": 0.43,
            "cost_usd_per_ton_forecast": 277.16
          },
          {
            "week_start": "2026-04-03T10:13:53Z",
            "avg_days_forecast": 0.66,
            "variance_days_forecast": 0.43,
            "cost_usd_per_ton_forecast": 277.39
          },
          {
            "week_start": "2026-04-10T10:13:53Z",
            "avg_days_forecast": 0.55,
            "variance_days_forecast": 0.44,
            "cost_usd_per_ton_forecast": 266.28
          },
          {
            "week_start": "2026-04-17T10:13:53Z",
            "avg_days_forecast": 0.74,
            "variance_days_forecast": 0.41,
            "cost_usd_per_ton_forecast": 276.74
          },
          {
            "week_start": "2026-04-24T10:13:53Z",
            "avg_days_forecast": 0.39,
            "variance_days_forecast": 0.41,
            "cost_usd_per_ton_forecast": 269.66
          },
          {
            "week_start": "2026-05-01T10:13:53Z",
            "avg_days_forecast": 0.6,
            "variance_days_forecast": 0.43,
            "cost_usd_per_ton_forecast": 268.77
          }
        ]
      }
    },
    {
      "id": "TEDGE_002",
      "from_node_id": "TNODE_002",
      "to_node_id": "TNODE_003",
      "label": "Main leg",
      "underlying_segment_ids": [
        "SEG_00402",
        "SEG_00403",
        "SEG_00643",
        "SEG_00177",
        "SEG_00256",
        "SEG_00253"
      ],
      "mode_mix": [
        "air",
        "road"
      ],
      "geometry": [
        [
          121.5043774804797,
          31.27893213789438
        ],
        [
          121.5082466249569,
          31.29225195244724
        ],
        [
          121.51211576943409,
          31.305571767000103
        ],
        [
          121.5159849139113,
          31.31889158155297
        ],
        [
          121.51985405838849,
          31.33221139610583
        ],
        [
          121.52372320286568,
          31.34553121065869
        ],
        [
          121.51964100839031,
          31.330484598301805
        ],
        [
          121.51555881391494,
          31.315437985944918
        ],
        [
          121.51147661943955,
          31.30039137358803
        ],
        [
          121.50739442496418,
          31.285344761231144
        ],
        [
          121.5033122304888,
          31.270298148874257
        ],
        [
          97.18052358885024,
          35.31563423603523
        ],
        [
          72.85773494721167,
          39.3609703231962
        ],
        [
          48.534946305573115,
          43.406306410357175
        ],
        [
          24.212157663934548,
          47.45164249751815
        ],
        [
          -0.11063097770400532,
          51.49697858467912
        ],
        [
          -0.11063097770400288,
          51.49697858467912
        ],
        [
          22.75389049428819,
          45.66643241996616
        ],
        [
          45.61841196628038,
          39.835886255253214
        ],
        [
          68.48293343827257,
          34.00534009054026
        ],
        [
          91.34745491026476,
          28.174793925827306
        ],
        [
          114.21197638225695,
          22.344247761114353
        ],
        [
          114.22504476759073,
          22.330416353904837
        ],
        [
          114.23811315292451,
          22.316584946695322
        ],
        [
          114.2511815382583,
          22.302753539485806
        ],
        [
          114.26424992359208,
          22.28892213227629
        ],
        [
          114.27731830892586,
          22.275090725066775
        ],
        [
          114.25673071901058,
          22.283438227615395
        ],
        [
          114.23614312909531,
          22.291785730164015
        ],
        [
          114.21555553918003,
          22.300133232712632
        ],
        [
          114.19496794926476,
          22.308480735261252
        ],
        [
          114.17438035934948,
          22.316828237809872
        ]
      ],
      "metrics": {
        "avg_days": 3.7,
        "transit_time_variance_days": 7.54,
        "delay_vs_plan_variance_days": 4.4,
        "cost_usd_per_ton": 6180.94,
        "time_distribution": {
          "p10": 0.4,
          "p50": 3.7,
          "p90": 8.09
        },
        "forecast_next_12w": [
          {
            "week_start": "2026-02-13T10:13:53Z",
            "avg_days_forecast": 3.54,
            "variance_days_forecast": 7.7,
            "cost_usd_per_ton_forecast": 6418.41
          },
          {
            "week_start": "2026-02-20T10:13:53Z",
            "avg_days_forecast": 3.57,
            "variance_days_forecast": 7.72,
            "cost_usd_per_ton_forecast": 6321.71
          },
          {
            "week_start": "2026-02-27T10:13:53Z",
            "avg_days_forecast": 3.43,
            "variance_days_forecast": 7.64,
            "cost_usd_per_ton_forecast": 6037.93
          },
          {
            "week_start": "2026-03-06T10:13:53Z",
            "avg_days_forecast": 3.41,
            "variance_days_forecast": 7.26,
            "cost_usd_per_ton_forecast": 5903.85
          },
          {
            "week_start": "2026-03-13T10:13:53Z",
            "avg_days_forecast": 3.4,
            "variance_days_forecast": 7.35,
            "cost_usd_per_ton_forecast": 6112.75
          },
          {
            "week_start": "2026-03-20T10:13:53Z",
            "avg_days_forecast": 3.6,
            "variance_days_forecast": 7.7,
            "cost_usd_per_ton_forecast": 5894.19
          },
          {
            "week_start": "2026-03-27T10:13:53Z",
            "avg_days_forecast": 3.5,
            "variance_days_forecast": 6.95,
            "cost_usd_per_ton_forecast": 6285.23
          },
          {
            "week_start": "2026-04-03T10:13:53Z",
            "avg_days_forecast": 3.48,
            "variance_days_forecast": 7.62,
            "cost_usd_per_ton_forecast": 5913.79
          },
          {
            "week_start": "2026-04-10T10:13:53Z",
            "avg_days_forecast": 3.29,
            "variance_days_forecast": 7.03,
            "cost_usd_per_ton_forecast": 5837.58
          },
          {
            "week_start": "2026-04-17T10:13:53Z",
            "avg_days_forecast": 2.89,
            "variance_days_forecast": 7.55,
            "cost_usd_per_ton_forecast": 6073.62
          },
          {
            "week_start": "2026-04-24T10:13:53Z",
            "avg_days_forecast": 3.32,
            "variance_days_forecast": 6.91,
            "cost_usd_per_ton_forecast": 6177.59
          },
          {
            "week_start": "2026-05-01T10:13:53Z",
            "avg_days_forecast": 2.89,
            "variance_days_forecast": 7.61,
            "cost_usd_per_ton_forecast": 5836.09
          }
        ]
      }
    },
    {
      "id": "TEDGE_003",
      "from_node_id": "TNODE_003",
      "to_node_id": "TNODE_004",
      "label": "Delivery to plant",
      "underlying_segment_ids": [
        "SEG_00434"
      ],
      "mode_mix": [
        "road"
      ],
      "geometry": [
        [
          114.17438035934948,
          22.316828237809872
        ],
        [
          114.1600489589728,
          22.30515947475147
        ],
        [
          114.1457175585961,
          22.293490711693067
        ],
        [
          114.13138615821941,
          22.281821948634665
        ],
        [
          114.11705475784272,
          22.270153185576262
        ],
        [
          114.10272335746603,
          22.25848442251786
        ]
      ],
      "metrics": {
        "avg_days": 0.15,
        "transit_time_variance_days": 1.03,
        "delay_vs_plan_variance_days": 0.82,
        "cost_usd_per_ton": 626.91,
        "time_distribution": {
          "p10": 0.1,
          "p50": 0.15,
          "p90": 1.77
        },
        "forecast_next_12w": [
          {
            "week_start": "2026-02-13T10:13:53Z",
            "avg_days_forecast": 0.1,
            "variance_days_forecast": 0.99,
            "cost_usd_per_ton_forecast": 645.1
          },
          {
            "week_start": "2026-02-20T10:13:53Z",
            "avg_days_forecast": 0.12,
            "variance_days_forecast": 1.05,
            "cost_usd_per_ton_forecast": 596.81
          },
          {
            "week_start": "2026-02-27T10:13:53Z",
            "avg_days_forecast": 0.16,
            "variance_days_forecast": 1.01,
            "cost_usd_per_ton_forecast": 613.12
          },
          {
            "week_start": "2026-03-06T10:13:53Z",
            "avg_days_forecast": 0.31,
            "variance_days_forecast": 1.01,
            "cost_usd_per_ton_forecast": 617.38
          },
          {
            "week_start": "2026-03-13T10:13:53Z",
            "avg_days_forecast": 0.1,
            "variance_days_forecast": 0.94,
            "cost_usd_per_ton_forecast": 618.61
          },
          {
            "week_start": "2026-03-20T10:13:53Z",
            "avg_days_forecast": 0.28,
            "variance_days_forecast": 1.0,
            "cost_usd_per_ton_forecast": 631.07
          },
          {
            "week_start": "2026-03-27T10:13:53Z",
            "avg_days_forecast": 0.2,
            "variance_days_forecast": 0.98,
            "cost_usd_per_ton_forecast": 633.26
          },
          {
            "week_start": "2026-04-03T10:13:53Z",
            "avg_days_forecast": 0.24,
            "variance_days_forecast": 0.96,
            "cost_usd_per_ton_forecast": 603.31
          },
          {
            "week_start": "2026-04-10T10:13:53Z",
            "avg_days_forecast": 0.1,
            "variance_days_forecast": 0.99,
            "cost_usd_per_ton_forecast": 636.08
          },
          {
            "week_start": "2026-04-17T10:13:53Z",
            "avg_days_forecast": 0.2,
            "variance_days_forecast": 1.05,
            "cost_usd_per_ton_forecast": 602.5
          },
          {
            "week_start": "2026-04-24T10:13:53Z",
            "avg_days_forecast": 0.38,
            "variance_days_forecast": 0.96,
            "cost_usd_per_ton_forecast": 626.63
          },
          {
            "week_start": "2026-05-01T10:13:53Z",
            "avg_days_forecast": 0.19,
            "variance_days_forecast": 0.98,
            "cost_usd_per_ton_forecast": 601.44
          }
        ]
      }
    }
  ]
}