{
  "generated_at": "2026-02-13T10:13:53Z",
  "item": {
    "id": "MAT_SCREW_SET_22",
    "type": "material",
    "name": "Screw Set",
    "category": "Metals",
    "unit": "kg",
    "description": "Synthetic material record for Screw Set.",
    "active": true
  },
  "tree_type": "material_supply_chain",
  "metric_options": [
    {
      "id": "avg_days",
      "label": "Avg days (historical)"
    },
    {
      "id": "transit_time_variance_days",
      "label": "Variance of transit time"
    },
    {
      "id": "delay_vs_plan_variance_days",
      "label": "Variance of delay vs plan"
    }
  ],
  "nodes": [
    {
      "id": "TNODE_001",
      "entity_id": "FCT_SHA_11",
      "name": "Shanghai Plant 11",
      "node_type": "supplier_factory",
      "lat": 31.34553121065869,
      "lon": 121.52372320286568,
      "metrics": {
        "dwell_avg_days": 1.21,
        "transit_time_variance_days": 0.98,
        "delay_vs_plan_variance_days": 0.63,
        "handling_cost_usd": 3144.38,
        "dwell_forecast_next_12w": [
          {
            "week_start": "2026-02-13T10:13:53Z",
            "dwell_days_forecast": 1.06
          },
          {
            "week_start": "2026-02-20T10:13:53Z",
            "dwell_days_forecast": 1.09
          },
          {
            "week_start": "2026-02-27T10:13:53Z",
            "dwell_days_forecast": 1.34
          },
          {
            "week_start": "2026-03-06T10:13:53Z",
            "dwell_days_forecast": 1.36
          },
          {
            "week_start": "2026-03-13T10:13:53Z",
            "dwell_days_forecast": 1.09
          },
          {
            "week_start": "2026-03-20T10:13:53Z",
            "dwell_days_forecast": 1.29
          },
          {
            "week_start": "2026-03-27T10:13:53Z",
            "dwell_days_forecast": 1.11
          },
          {
            "week_start": "2026-04-03T10:13:53Z",
            "dwell_days_forecast": 1.33
          },
          {
            "week_start": "2026-04-10T10:13:53Z",
            "dwell_days_forecast": 1.38
          },
          {
            "week_start": "2026-04-17T10:13:53Z",
            "dwell_days_forecast": 1.32
          },
          {
            "week_start": "2026-04-24T10:13:53Z",
            "dwell_days_forecast": 1.48
          },
          {
            "week_start": "2026-05-01T10:13:53Z",
            "dwell_days_forecast": 1.07
          }
        ]
      }
    },
    {
      "id": "TNODE_002",
      "entity_id": "PRT_SHA",
      "name": "Port of Shanghai",
      "node_type": "export_port",
      "lat": 31.27893213789438,
      "lon": 121.5043774804797,
      "metrics": {
        "dwell_avg_days": 1.57,
        "transit_time_variance_days": 1.71,
        "delay_vs_plan_variance_days": 0.97,
        "handling_cost_usd": 5224.12,
        "dwell_forecast_next_12w": [
          {
            "week_start": "2026-02-13T10:13:53Z",
            "dwell_days_forecast": 1.65
          },
          {
            "week_start": "2026-02-20T10:13:53Z",
            "dwell_days_forecast": 1.58
          },
          {
            "week_start": "2026-02-27T10:13:53Z",
            "dwell_days_forecast": 1.77
          },
          {
            "week_start": "2026-03-06T10:13:53Z",
            "dwell_days_forecast": 1.55
          },
          {
            "week_start": "2026-03-13T10:13:53Z",
            "dwell_days_forecast": 1.52
          },
          {
            "week_start": "2026-03-20T10:13:53Z",
            "dwell_days_forecast": 1.7
          },
          {
            "week_start": "2026-03-27T10:13:53Z",
            "dwell_days_forecast": 1.55
          },
          {
            "week_start": "2026-04-03T10:13:53Z",
            "dwell_days_forecast": 1.28
          },
          {
            "week_start": "2026-04-10T10:13:53Z",
            "dwell_days_forecast": 1.44
          },
          {
            "week_start": "2026-04-17T10:13:53Z",
            "dwell_days_forecast": 1.35
          },
          {
            "week_start": "2026-04-24T10:13:53Z",
            "dwell_days_forecast": 1.55
          },
          {
            "week_start": "2026-05-01T10:13:53Z",
            "dwell_days_forecast": 1.44
          }
        ]
      }
    },
    {
      "id": "TNODE_003",
      "entity_id": "PRT_HON",
      "name": "Port of Hong Kong",
      "node_type": "import_port",
      "lat": 22.316828237809872,
      "lon": 114.17438035934948,
      "metrics": {
        "dwell_avg_days": 1.53,
        "transit_time_variance_days": 0.05,
        "delay_vs_plan_variance_days": 0.05,
        "handling_cost_usd": 7947.92,
        "dwell_forecast_next_12w": [
          {
            "week_start": "2026-02-13T10:13:53Z",
            "dwell_days_forecast": 1.71
          },
          {
            "week_start": "2026-02-20T10:13:53Z",
            "dwell_days_forecast": 1.19
          },
          {
            "week_start": "2026-02-27T10:13:53Z",
            "dwell_days_forecast": 1.66
          },
          {
            "week_start": "2026-03-06T10:13:53Z",
            "dwell_days_forecast": 1.68
          },
          {
            "week_start": "2026-03-13T10:13:53Z",
            "dwell_days_forecast": 1.32
          },
          {
            "week_start": "2026-03-20T10:13:53Z",
            "dwell_days_forecast": 1.34
          },
          {
            "week_start": "2026-03-27T10:13:53Z",
            "dwell_days_forecast": 1.5
          },
          {
            "week_start": "2026-04-03T10:13:53Z",
            "dwell_days_forecast": 1.42
          },
          {
            "week_start": "2026-04-10T10:13:53Z",
            "dwell_days_forecast": 1.41
          },
          {
            "week_start": "2026-04-17T10:13:53Z",
            "dwell_days_forecast": 1.35
          },
          {
            "week_start": "2026-04-24T10:13:53Z",
            "dwell_days_forecast": 1.65
          },
          {
            "week_start": "2026-05-01T10:13:53Z",
            "dwell_days_forecast": 1.35
          }
        ]
      }
    },
    {
      "id": "TNODE_004",
      "entity_id": "FCT_HON_19",
      "name": "Hong Kong Plant 19",
      "node_type": "consuming_factory",
      "lat": 22.25848442251786,
      "lon": 114.10272335746603,
      "metrics": {
        "dwell_avg_days": 2.11,
        "transit_time_variance_days": 1.0,
        "delay_vs_plan_variance_days": 0.66,
        "handling_cost_usd": 7706.53,
        "dwell_forecast_next_12w": [
          {
            "week_start": "2026-02-13T10:13:53Z",
            "dwell_days_forecast": 2.31
          },
          {
            "week_start": "2026-02-20T10:13:53Z",
            "dwell_days_forecast": 1.73
          },
          {
            "week_start": "2026-02-27T10:13:53Z",
            "dwell_days_forecast": 2.19
          },
          {
            "week_start": "2026-03-06T10:13:53Z",
            "dwell_days_forecast": 1.93
          },
          {
            "week_start": "2026-03-13T10:13:53Z",
            "dwell_days_forecast": 1.97
          },
          {
            "week_start": "2026-03-20T10:13:53Z",
            "dwell_days_forecast": 1.72
          },
          {
            "week_start": "2026-03-27T10:13:53Z",
            "dwell_days_forecast": 2.06
          },
          {
            "week_start": "2026-04-03T10:13:53Z",
            "dwell_days_forecast": 1.81
          },
          {
            "week_start": "2026-04-10T10:13:53Z",
            "dwell_days_forecast": 2.06
          },
          {
            "week_start": "2026-04-17T10:13:53Z",
            "dwell_days_forecast": 1.94
          },
          {
            "week_start": "2026-04-24T10:13:53Z",
            "dwell_days_forecast": 2.07
          },
          {
            "week_start": "2026-05-01T10:13:53Z",
            "dwell_days_forecast": 1.99
          }
        ]
      }
    }
  ],
  "edges": [
    {
      "id": "TEDGE_001",
      "from_node_id": "TNODE_001",
      "to_node_id": "TNODE_002",
      "label": "Pickup to export port",
      "underlying_segment_ids": [
        "SEG_00401"
      ],
      "mode_mix": [
        "road"
      ],
      "geometry": [
        [
          121.52372320286568,
          31.34553121065869
        ],
        [
          121.51985405838849,
          31.33221139610583
        ],
        [
          121.5159849139113,
          31.31889158155297
        ],
        [
          121.51211576943409,
          31.305571767000103
        ],
        [
          121.5082466249569,
          31.29225195244724
        ],
        [
          121.5043774804797,
          31.27893213789438
        ]
      ],
      "metrics": {
        "avg_days": 0.34,
        "transit_time_variance_days": 1.68,
        "delay_vs_plan_variance_days": 1.47,
        "cost_usd_per_ton": 670.09,
        "time_distribution": {
          "p10": 0.1,
          "p50": 0.34,
          "p90": 2.41
        },
        "forecast_next_12w": [
          {
            "week_start": "2026-02-13T10:13:53Z",
            "avg_days_forecast": 0.1,
            "variance_days_forecast": 1.52,
            "cost_usd_per_ton_forecast": 669.52
          },
          {
            "week_start": "2026-02-20T10:13:53Z",
            "avg_days_forecast": 0.36,
            "variance_days_forecast": 1.57,
            "cost_usd_per_ton_forecast": 672.69
          },
          {
            "week_start": "2026-02-27T10:13:53Z",
            "avg_days_forecast": 0.1,
            "variance_days_forecast": 1.61,
            "cost_usd_per_ton_forecast": 670.34
          },
          {
            "week_start": "2026-03-06T10:13:53Z",
            "avg_days_forecast": 0.66,
            "variance_days_forecast": 1.67,
            "cost_usd_per_ton_forecast": 680.63
          },
          {
            "week_start": "2026-03-13T10:13:53Z",
            "avg_days_forecast": 0.56,
            "variance_days_forecast": 1.64,
            "cost_usd_per_ton_forecast": 680.46
          },
          {
            "week_start": "2026-03-20T10:13:53Z",
            "avg_days_forecast": 0.39,
            "variance_days_forecast": 1.57,
            "cost_usd_per_ton_forecast": 656.2
          },
          {
            "week_start": "2026-03-27T10:13:53Z",
            "avg_days_forecast": 0.43,
            "variance_days_forecast": 1.56,
            "cost_usd_per_ton_forecast": 654.84
          },
          {
            "week_start": "2026-04-03T10:13:53Z",
            "avg_days_forecast": 0.23,
            "variance_days_forecast": 1.7,
            "cost_usd_per_ton_forecast": 681.56
          },
          {
            "week_start": "2026-04-10T10:13:53Z",
            "avg_days_forecast": 0.37,
            "variance_days_forecast": 1.7,
            "cost_usd_per_ton_forecast": 665.35
          },
          {
            "week_start": "2026-04-17T10:13:53Z",
            "avg_days_forecast": 0.1,
            "variance_days_forecast": 1.7,
            "cost_usd_per_ton_forecast": 692.0
          },
          {
            "week_start": "2026-04-24T10:13:53Z",
            "avg_days_forecast": 0.98,
            "variance_days_forecast": 1.61,
            "cost_usd_per_ton_forecast": 684.85
          },
          {
            "week_start": "2026-05-01T10:13:53Z",
            "avg_days_forecast": 0.48,
            "variance_days_forecast": 1.52,
            "cost_usd_per_ton_forecast": 692.86
          }
        ]
      }
    },
    {
      "id": "TEDGE_002",
      "from_node_id": "TNODE_002",
      "to_node_id": "TNODE_003",
      "label": "Main leg",
      "underlying_segment_ids": [
        "SEG_00402",
        "SEG_00403",
        "SEG_00643",
        "SEG_00177",
        "SEG_00256",
        "SEG_00253"
      ],
      "mode_mix": [
        "air",
        "road"
      ],
      "geometry": [
        [
          121.5043774804797,
          31.27893213789438
        ],
        [
          121.5082466249569,
          31.29225195244724
        ],
        [
          121.51211576943409,
          31.305571767000103
        ],
        [
          121.5159849139113,
          31.31889158155297
        ],
        [
          121.51985405838849,
          31.33221139610583
        ],
        [
          121.52372320286568,
          31.34553121065869
        ],
        [
          121.51964100839031,
          31.330484598301805
        ],
        [
          121.51555881391494,
          31.315437985944918
        ],
        [
          121.51147661943955,
          31.30039137358803
        ],
        [
          121.50739442496418,
          31.285344761231144
        ],
        [
          121.5033122304888,
          31.270298148874257
        ],
        [
          97.18052358885024,
          35.31563423603523
        ],
        [
          72.85773494721167,
          39.3609703231962
        ],
        [
          48.534946305573115,
          43.406306410357175
        ],
        [
          24.212157663934548,
          47.45164249751815
        ],
        [
          -0.11063097770400532,
          51.49697858467912
        ],
        [
          -0.11063097770400288,
          51.49697858467912
        ],
        [
          22.75389049428819,
          45.66643241996616
        ],
        [
          45.61841196628038,
          39.835886255253214
        ],
        [
          68.48293343827257,
          34.00534009054026
        ],
        [
          91.34745491026476,
          28.174793925827306
        ],
        [
          114.21197638225695,
          22.344247761114353
        ],
        [
          114.22504476759073,
          22.330416353904837
        ],
        [
          114.23811315292451,
          22.316584946695322
        ],
        [
          114.2511815382583,
          22.302753539485806
        ],
        [
          114.26424992359208,
          22.28892213227629
        ],
        [
          114.27731830892586,
          22.275090725066775
        ],
        [
          114.25673071901058,
          22.283438227615395
        ],
        [
          114.23614312909531,
          22.291785730164015
        ],
        [
          114.21555553918003,
          22.300133232712632
        ],
        [
          114.19496794926476,
          22.308480735261252
        ],
        [
          114.17438035934948,
          22.316828237809872
        ]
      ],
      "metrics": {
        "avg_days": 3.7,
        "transit_time_variance_days": 7.54,
        "delay_vs_plan_variance_days": 4.4,
        "cost_usd_per_ton": 6180.94,
        "time_distribution": {
          "p10": 0.4,
          "p50": 3.7,
          "p90": 8.09
        },
        "forecast_next_12w": [
          {
            "week_start": "2026-02-13T10:13:53Z",
            "avg_days_forecast": 3.9,
            "variance_days_forecast": 7.3,
            "cost_usd_per_ton_forecast": 6124.02
          },
          {
            "week_start": "2026-02-20T10:13:53Z",
            "avg_days_forecast": 3.17,
            "variance_days_forecast": 6.93,
            "cost_usd_per_ton_forecast": 6031.73
          },
          {
            "week_start": "2026-02-27T10:13:53Z",
            "avg_days_forecast": 3.68,
            "variance_days_forecast": 6.85,
            "cost_usd_per_ton_forecast": 6336.18
          },
          {
            "week_start": "2026-03-06T10:13:53Z",
            "avg_days_forecast": 3.45,
            "variance_days_forecast": 7.01,
            "cost_usd_per_ton_forecast": 5974.1
          },
          {
            "week_start": "2026-03-13T10:13:53Z",
            "avg_days_forecast": 3.66,
            "variance_days_forecast": 7.22,
            "cost_usd_per_ton_forecast": 6424.03
          },
          {
            "week_start": "2026-03-20T10:13:53Z",
            "avg_days_forecast": 3.57,
            "variance_days_forecast": 7.69,
            "cost_usd_per_ton_forecast": 5973.29
          },
          {
            "week_start": "2026-03-27T10:13:53Z",
            "avg_days_forecast": 3.66,
            "variance_days_forecast": 7.19,
            "cost_usd_per_ton_forecast": 6305.66
          },
          {
            "week_start": "2026-04-03T10:13:53Z",
            "avg_days_forecast": 3.49,
            "variance_days_forecast": 7.57,
            "cost_usd_per_ton_forecast": 6043.39
          },
          {
            "week_start": "2026-04-10T10:13:53Z",
            "avg_days_forecast": 3.13,
            "variance_days_forecast": 7.61,
            "cost_usd_per_ton_forecast": 5874.25
          },
          {
            "week_start": "2026-04-17T10:13:53Z",
            "avg_days_forecast": 3.04,
            "variance_days_forecast": 7.2,
            "cost_usd_per_ton_forecast": 6227.11
          },
          {
            "week_start": "2026-04-24T10:13:53Z",
            "avg_days_forecast": 2.73,
            "variance_days_forecast": 7.15,
            "cost_usd_per_ton_forecast": 6206.0
          },
          {
            "week_start": "2026-05-01T10:13:53Z",
            "avg_days_forecast": 3.18,
            "variance_days_forecast": 7.38,
            "cost_usd_per_ton_forecast": 6320.87
          }
        ]
      }
    },
    {
      "id": "TEDGE_003",
      "from_node_id": "TNODE_003",
      "to_node_id": "TNODE_004",
      "label": "Delivery to plant",
      "underlying_segment_ids": [
        "SEG_00434"
      ],
      "mode_mix": [
        "road"
      ],
      "geometry": [
        [
          114.17438035934948,
          22.316828237809872
        ],
        [
          114.1600489589728,
          22.30515947475147
        ],
        [
          114.1457175585961,
          22.293490711693067
        ],
        [
          114.13138615821941,
          22.281821948634665
        ],
        [
          114.11705475784272,
          22.270153185576262
        ],
        [
          114.10272335746603,
          22.25848442251786
        ]
      ],
      "metrics": {
        "avg_days": 0.15,
        "transit_time_variance_days": 1.03,
        "delay_vs_plan_variance_days": 0.82,
        "cost_usd_per_ton": 626.91,
        "time_distribution": {
          "p10": 0.1,
          "p50": 0.15,
          "p90": 1.77
        },
        "forecast_next_12w": [
          {
            "week_start": "2026-02-13T10:13:53Z",
            "avg_days_forecast": 0.1,
            "variance_days_forecast": 0.93,
            "cost_usd_per_ton_forecast": 631.51
          },
          {
            "week_start": "2026-02-20T10:13:53Z",
            "avg_days_forecast": 0.11,
            "variance_days_forecast": 1.0,
            "cost_usd_per_ton_forecast": 633.13
          },
          {
            "week_start": "2026-02-27T10:13:53Z",
            "avg_days_forecast": 0.15,
            "variance_days_forecast": 0.98,
            "cost_usd_per_ton_forecast": 628.2
          },
          {
            "week_start": "2026-03-06T10:13:53Z",
            "avg_days_forecast": 0.12,
            "variance_days_forecast": 1.05,
            "cost_usd_per_ton_forecast": 620.44
          },
          {
            "week_start": "2026-03-13T10:13:53Z",
            "avg_days_forecast": 0.15,
            "variance_days_forecast": 1.0,
            "cost_usd_per_ton_forecast": 630.27
          },
          {
            "week_start": "2026-03-20T10:13:53Z",
            "avg_days_forecast": 0.34,
            "variance_days_forecast": 0.98,
            "cost_usd_per_ton_forecast": 645.19
          },
          {
            "week_start": "2026-03-27T10:13:53Z",
            "avg_days_forecast": 0.1,
            "variance_days_forecast": 0.95,
            "cost_usd_per_ton_forecast": 611.62
          },
          {
            "week_start": "2026-04-03T10:13:53Z",
            "avg_days_forecast": 0.1,
            "variance_days_forecast": 1.03,
            "cost_usd_per_ton_forecast": 606.87
          },
          {
            "week_start": "2026-04-10T10:13:53Z",
            "avg_days_forecast": 0.1,
            "variance_days_forecast": 1.0,
            "cost_usd_per_ton_forecast": 628.09
          },
          {
            "week_start": "2026-04-17T10:13:53Z",
            "avg_days_forecast": 0.29,
            "variance_days_forecast": 0.98,
            "cost_usd_per_ton_forecast": 642.55
          },
          {
            "week_start": "2026-04-24T10:13:53Z",
            "avg_days_forecast": 0.1,
            "variance_days_forecast": 1.06,
            "cost_usd_per_ton_forecast": 598.81
          },
          {
            "week_start": "2026-05-01T10:13:53Z",
            "avg_days_forecast": 0.15,
            "variance_days_forecast": 0.99,
            "cost_usd_per_ton_forecast": 623.9
          }
        ]
      }
    }
  ]
}