{
  "generated_at": "2026-02-13T10:13:53Z",
  "item": {
    "id": "MAT_BATTERY_BMS_30",
    "type": "material",
    "name": "Battery BMS",
    "category": "Plastics",
    "unit": "unit",
    "description": "Synthetic material record for Battery BMS.",
    "active": true
  },
  "tree_type": "material_supply_chain",
  "metric_options": [
    {
      "id": "avg_days",
      "label": "Avg days (historical)"
    },
    {
      "id": "transit_time_variance_days",
      "label": "Variance of transit time"
    },
    {
      "id": "delay_vs_plan_variance_days",
      "label": "Variance of delay vs plan"
    }
  ],
  "nodes": [
    {
      "id": "TNODE_001",
      "entity_id": "FCT_KAO_15",
      "name": "Kaohsiung Plant 15",
      "node_type": "supplier_factory",
      "lat": 22.666514664816443,
      "lon": 120.45716915571698,
      "metrics": {
        "dwell_avg_days": 1.35,
        "transit_time_variance_days": 1.51,
        "delay_vs_plan_variance_days": 0.82,
        "handling_cost_usd": 4946.35,
        "dwell_forecast_next_12w": [
          {
            "week_start": "2026-02-13T10:13:53Z",
            "dwell_days_forecast": 1.54
          },
          {
            "week_start": "2026-02-20T10:13:53Z",
            "dwell_days_forecast": 1.25
          },
          {
            "week_start": "2026-02-27T10:13:53Z",
            "dwell_days_forecast": 1.36
          },
          {
            "week_start": "2026-03-06T10:13:53Z",
            "dwell_days_forecast": 1.51
          },
          {
            "week_start": "2026-03-13T10:13:53Z",
            "dwell_days_forecast": 1.15
          },
          {
            "week_start": "2026-03-20T10:13:53Z",
            "dwell_days_forecast": 1.07
          },
          {
            "week_start": "2026-03-27T10:13:53Z",
            "dwell_days_forecast": 1.14
          },
          {
            "week_start": "2026-04-03T10:13:53Z",
            "dwell_days_forecast": 1.57
          },
          {
            "week_start": "2026-04-10T10:13:53Z",
            "dwell_days_forecast": 1.22
          },
          {
            "week_start": "2026-04-17T10:13:53Z",
            "dwell_days_forecast": 1.02
          },
          {
            "week_start": "2026-04-24T10:13:53Z",
            "dwell_days_forecast": 1.33
          },
          {
            "week_start": "2026-05-01T10:13:53Z",
            "dwell_days_forecast": 1.3
          }
        ]
      }
    },
    {
      "id": "TNODE_002",
      "entity_id": "PRT_KAO",
      "name": "Port of Kaohsiung",
      "node_type": "export_port",
      "lat": 22.63269215224245,
      "lon": 120.31024401144104,
      "metrics": {
        "dwell_avg_days": 0.97,
        "transit_time_variance_days": 0.52,
        "delay_vs_plan_variance_days": 0.41,
        "handling_cost_usd": 6169.24,
        "dwell_forecast_next_12w": [
          {
            "week_start": "2026-02-13T10:13:53Z",
            "dwell_days_forecast": 0.79
          },
          {
            "week_start": "2026-02-20T10:13:53Z",
            "dwell_days_forecast": 0.97
          },
          {
            "week_start": "2026-02-27T10:13:53Z",
            "dwell_days_forecast": 0.95
          },
          {
            "week_start": "2026-03-06T10:13:53Z",
            "dwell_days_forecast": 0.73
          },
          {
            "week_start": "2026-03-13T10:13:53Z",
            "dwell_days_forecast": 0.86
          },
          {
            "week_start": "2026-03-20T10:13:53Z",
            "dwell_days_forecast": 1.05
          },
          {
            "week_start": "2026-03-27T10:13:53Z",
            "dwell_days_forecast": 1.06
          },
          {
            "week_start": "2026-04-03T10:13:53Z",
            "dwell_days_forecast": 0.77
          },
          {
            "week_start": "2026-04-10T10:13:53Z",
            "dwell_days_forecast": 1.15
          },
          {
            "week_start": "2026-04-17T10:13:53Z",
            "dwell_days_forecast": 0.74
          },
          {
            "week_start": "2026-04-24T10:13:53Z",
            "dwell_days_forecast": 0.7
          },
          {
            "week_start": "2026-05-01T10:13:53Z",
            "dwell_days_forecast": 1.11
          }
        ]
      }
    },
    {
      "id": "TNODE_003",
      "entity_id": "PRT_TOK",
      "name": "Port of Tokyo",
      "node_type": "import_port",
      "lat": 35.70172651966358,
      "lon": 139.66928676320995,
      "metrics": {
        "dwell_avg_days": 1.56,
        "transit_time_variance_days": 0.82,
        "delay_vs_plan_variance_days": 0.73,
        "handling_cost_usd": 6443.84,
        "dwell_forecast_next_12w": [
          {
            "week_start": "2026-02-13T10:13:53Z",
            "dwell_days_forecast": 1.86
          },
          {
            "week_start": "2026-02-20T10:13:53Z",
            "dwell_days_forecast": 1.6
          },
          {
            "week_start": "2026-02-27T10:13:53Z",
            "dwell_days_forecast": 1.38
          },
          {
            "week_start": "2026-03-06T10:13:53Z",
            "dwell_days_forecast": 1.56
          },
          {
            "week_start": "2026-03-13T10:13:53Z",
            "dwell_days_forecast": 1.63
          },
          {
            "week_start": "2026-03-20T10:13:53Z",
            "dwell_days_forecast": 1.27
          },
          {
            "week_start": "2026-03-27T10:13:53Z",
            "dwell_days_forecast": 1.3
          },
          {
            "week_start": "2026-04-03T10:13:53Z",
            "dwell_days_forecast": 1.45
          },
          {
            "week_start": "2026-04-10T10:13:53Z",
            "dwell_days_forecast": 1.25
          },
          {
            "week_start": "2026-04-17T10:13:53Z",
            "dwell_days_forecast": 1.7
          },
          {
            "week_start": "2026-04-24T10:13:53Z",
            "dwell_days_forecast": 1.33
          },
          {
            "week_start": "2026-05-01T10:13:53Z",
            "dwell_days_forecast": 1.27
          }
        ]
      }
    },
    {
      "id": "TNODE_004",
      "entity_id": "FCT_TOK_05",
      "name": "Tokyo Plant 05",
      "node_type": "consuming_factory",
      "lat": 35.52358062488459,
      "lon": 139.75607737813047,
      "metrics": {
        "dwell_avg_days": 0.1,
        "transit_time_variance_days": 1.56,
        "delay_vs_plan_variance_days": 1.12,
        "handling_cost_usd": 2447.59,
        "dwell_forecast_next_12w": [
          {
            "week_start": "2026-02-13T10:13:53Z",
            "dwell_days_forecast": 0.22
          },
          {
            "week_start": "2026-02-20T10:13:53Z",
            "dwell_days_forecast": 0.12
          },
          {
            "week_start": "2026-02-27T10:13:53Z",
            "dwell_days_forecast": 0.17
          },
          {
            "week_start": "2026-03-06T10:13:53Z",
            "dwell_days_forecast": 0.05
          },
          {
            "week_start": "2026-03-13T10:13:53Z",
            "dwell_days_forecast": 0.1
          },
          {
            "week_start": "2026-03-20T10:13:53Z",
            "dwell_days_forecast": 0.05
          },
          {
            "week_start": "2026-03-27T10:13:53Z",
            "dwell_days_forecast": 0.07
          },
          {
            "week_start": "2026-04-03T10:13:53Z",
            "dwell_days_forecast": 0.15
          },
          {
            "week_start": "2026-04-10T10:13:53Z",
            "dwell_days_forecast": 0.08
          },
          {
            "week_start": "2026-04-17T10:13:53Z",
            "dwell_days_forecast": 0.09
          },
          {
            "week_start": "2026-04-24T10:13:53Z",
            "dwell_days_forecast": 0.08
          },
          {
            "week_start": "2026-05-01T10:13:53Z",
            "dwell_days_forecast": 0.05
          }
        ]
      }
    }
  ],
  "edges": [
    {
      "id": "TEDGE_001",
      "from_node_id": "TNODE_001",
      "to_node_id": "TNODE_002",
      "label": "Pickup to export port",
      "underlying_segment_ids": [
        "SEG_00417"
      ],
      "mode_mix": [
        "road"
      ],
      "geometry": [
        [
          120.45716915571698,
          22.666514664816443
        ],
        [
          120.4277841268618,
          22.659750162301645
        ],
        [
          120.3983990980066,
          22.652985659786847
        ],
        [
          120.36901406915142,
          22.646221157272045
        ],
        [
          120.33962904029623,
          22.639456654757247
        ],
        [
          120.31024401144104,
          22.63269215224245
        ]
      ],
      "metrics": {
        "avg_days": 0.59,
        "transit_time_variance_days": 1.25,
        "delay_vs_plan_variance_days": 0.47,
        "cost_usd_per_ton": 593.09,
        "time_distribution": {
          "p10": 0.1,
          "p50": 0.59,
          "p90": 2.38
        },
        "forecast_next_12w": [
          {
            "week_start": "2026-02-13T10:13:53Z",
            "avg_days_forecast": 0.54,
            "variance_days_forecast": 1.16,
            "cost_usd_per_ton_forecast": 599.8
          },
          {
            "week_start": "2026-02-20T10:13:53Z",
            "avg_days_forecast": 0.55,
            "variance_days_forecast": 1.19,
            "cost_usd_per_ton_forecast": 616.05
          },
          {
            "week_start": "2026-02-27T10:13:53Z",
            "avg_days_forecast": 0.46,
            "variance_days_forecast": 1.15,
            "cost_usd_per_ton_forecast": 584.09
          },
          {
            "week_start": "2026-03-06T10:13:53Z",
            "avg_days_forecast": 0.57,
            "variance_days_forecast": 1.14,
            "cost_usd_per_ton_forecast": 569.54
          },
          {
            "week_start": "2026-03-13T10:13:53Z",
            "avg_days_forecast": 0.4,
            "variance_days_forecast": 1.28,
            "cost_usd_per_ton_forecast": 608.66
          },
          {
            "week_start": "2026-03-20T10:13:53Z",
            "avg_days_forecast": 0.28,
            "variance_days_forecast": 1.14,
            "cost_usd_per_ton_forecast": 563.83
          },
          {
            "week_start": "2026-03-27T10:13:53Z",
            "avg_days_forecast": 0.1,
            "variance_days_forecast": 1.18,
            "cost_usd_per_ton_forecast": 585.44
          },
          {
            "week_start": "2026-04-03T10:13:53Z",
            "avg_days_forecast": 0.26,
            "variance_days_forecast": 1.22,
            "cost_usd_per_ton_forecast": 574.58
          },
          {
            "week_start": "2026-04-10T10:13:53Z",
            "avg_days_forecast": 0.41,
            "variance_days_forecast": 1.19,
            "cost_usd_per_ton_forecast": 589.08
          },
          {
            "week_start": "2026-04-17T10:13:53Z",
            "avg_days_forecast": 0.39,
            "variance_days_forecast": 1.23,
            "cost_usd_per_ton_forecast": 583.89
          },
          {
            "week_start": "2026-04-24T10:13:53Z",
            "avg_days_forecast": 0.1,
            "variance_days_forecast": 1.17,
            "cost_usd_per_ton_forecast": 582.37
          },
          {
            "week_start": "2026-05-01T10:13:53Z",
            "avg_days_forecast": 0.7,
            "variance_days_forecast": 1.14,
            "cost_usd_per_ton_forecast": 575.99
          }
        ]
      }
    },
    {
      "id": "TEDGE_002",
      "from_node_id": "TNODE_002",
      "to_node_id": "TNODE_003",
      "label": "Main leg",
      "underlying_segment_ids": [
        "SEG_00418",
        "SEG_00419",
        "SEG_00630",
        "SEG_00191",
        "SEG_00583",
        "SEG_00372",
        "SEG_00369"
      ],
      "mode_mix": [
        "air",
        "road"
      ],
      "geometry": [
        [
          120.31024401144104,
          22.63269215224245
        ],
        [
          120.33962904029623,
          22.639456654757247
        ],
        [
          120.36901406915142,
          22.646221157272045
        ],
        [
          120.3983990980066,
          22.652985659786847
        ],
        [
          120.4277841268618,
          22.659750162301645
        ],
        [
          120.45716915571698,
          22.666514664816443
        ],
        [
          119.20813060102498,
          22.602061284076026
        ],
        [
          117.95909204633297,
          22.53760790333561
        ],
        [
          116.71005349164096,
          22.473154522595188
        ],
        [
          115.46101493694896,
          22.40870114185477
        ],
        [
          114.21197638225695,
          22.344247761114353
        ],
        [
          91.34745491026476,
          28.174793925827306
        ],
        [
          68.48293343827257,
          34.00534009054026
        ],
        [
          45.61841196628038,
          39.835886255253214
        ],
        [
          22.753890494288186,
          45.66643241996617
        ],
        [
          -0.11063097770400532,
          51.49697858467912
        ],
        [
          -0.11063097770400288,
          51.49697858467912
        ],
        [
          24.212157663934562,
          47.45164249751815
        ],
        [
          48.53494630557312,
          43.406306410357175
        ],
        [
          72.85773494721168,
          39.3609703231962
        ],
        [
          97.18052358885025,
          35.31563423603523
        ],
        [
          121.5033122304888,
          31.270298148874257
        ],
        [
          125.1403381084843,
          32.15769395349822
        ],
        [
          128.7773639864798,
          33.045089758122174
        ],
        [
          132.4143898644753,
          33.93248556274613
        ],
        [
          136.0514157424708,
          34.81988136737009
        ],
        [
          139.6884416204663,
          35.70727717199404
        ],
        [
          139.6790316313543,
          35.73634682533668
        ],
        [
          139.66962164224228,
          35.76541647867932
        ],
        [
          139.6602116531303,
          35.794486132021966
        ],
        [
          139.65080166401827,
          35.823555785364604
        ],
        [
          139.64139167490626,
          35.85262543870724
        ],
        [
          139.646970692567,
          35.82244565489851
        ],
        [
          139.65254971022773,
          35.792265871089775
        ],
        [
          139.65812872788848,
          35.76208608728105
        ],
        [
          139.6637077455492,
          35.731906303472314
        ],
        [
          139.66928676320995,
          35.70172651966358
        ]
      ],
      "metrics": {
        "avg_days": 4.93,
        "transit_time_variance_days": 7.7,
        "delay_vs_plan_variance_days": 5.24,
        "cost_usd_per_ton": 10070.95,
        "time_distribution": {
          "p10": 1.6,
          "p50": 4.93,
          "p90": 9.37
        },
        "forecast_next_12w": [
          {
            "week_start": "2026-02-13T10:13:53Z",
            "avg_days_forecast": 4.97,
            "variance_days_forecast": 7.57,
            "cost_usd_per_ton_forecast": 9915.15
          },
          {
            "week_start": "2026-02-20T10:13:53Z",
            "avg_days_forecast": 4.51,
            "variance_days_forecast": 7.46,
            "cost_usd_per_ton_forecast": 10038.18
          },
          {
            "week_start": "2026-02-27T10:13:53Z",
            "avg_days_forecast": 4.38,
            "variance_days_forecast": 7.44,
            "cost_usd_per_ton_forecast": 9903.25
          },
          {
            "week_start": "2026-03-06T10:13:53Z",
            "avg_days_forecast": 4.78,
            "variance_days_forecast": 7.73,
            "cost_usd_per_ton_forecast": 9936.49
          },
          {
            "week_start": "2026-03-13T10:13:53Z",
            "avg_days_forecast": 4.55,
            "variance_days_forecast": 7.62,
            "cost_usd_per_ton_forecast": 9761.49
          },
          {
            "week_start": "2026-03-20T10:13:53Z",
            "avg_days_forecast": 4.23,
            "variance_days_forecast": 7.92,
            "cost_usd_per_ton_forecast": 9708.02
          },
          {
            "week_start": "2026-03-27T10:13:53Z",
            "avg_days_forecast": 4.54,
            "variance_days_forecast": 7.05,
            "cost_usd_per_ton_forecast": 9524.65
          },
          {
            "week_start": "2026-04-03T10:13:53Z",
            "avg_days_forecast": 4.36,
            "variance_days_forecast": 7.56,
            "cost_usd_per_ton_forecast": 10329.06
          },
          {
            "week_start": "2026-04-10T10:13:53Z",
            "avg_days_forecast": 3.95,
            "variance_days_forecast": 7.84,
            "cost_usd_per_ton_forecast": 9977.64
          },
          {
            "week_start": "2026-04-17T10:13:53Z",
            "avg_days_forecast": 4.12,
            "variance_days_forecast": 7.24,
            "cost_usd_per_ton_forecast": 10292.12
          },
          {
            "week_start": "2026-04-24T10:13:53Z",
            "avg_days_forecast": 4.2,
            "variance_days_forecast": 7.44,
            "cost_usd_per_ton_forecast": 10082.88
          },
          {
            "week_start": "2026-05-01T10:13:53Z",
            "avg_days_forecast": 3.7,
            "variance_days_forecast": 7.01,
            "cost_usd_per_ton_forecast": 9991.0
          }
        ]
      }
    },
    {
      "id": "TEDGE_003",
      "from_node_id": "TNODE_003",
      "to_node_id": "TNODE_004",
      "label": "Delivery to plant",
      "underlying_segment_ids": [
        "SEG_00378"
      ],
      "mode_mix": [
        "road"
      ],
      "geometry": [
        [
          139.66928676320995,
          35.70172651966358
        ],
        [
          139.68664488619405,
          35.66609734070778
        ],
        [
          139.70400300917817,
          35.630468161751985
        ],
        [
          139.72136113216226,
          35.59483898279618
        ],
        [
          139.73871925514638,
          35.55920980384039
        ],
        [
          139.75607737813047,
          35.52358062488459
        ]
      ],
      "metrics": {
        "avg_days": 0.32,
        "transit_time_variance_days": 0.73,
        "delay_vs_plan_variance_days": 0.22,
        "cost_usd_per_ton": 270.7,
        "time_distribution": {
          "p10": 0.1,
          "p50": 0.32,
          "p90": 1.69
        },
        "forecast_next_12w": [
          {
            "week_start": "2026-02-13T10:13:53Z",
            "avg_days_forecast": 0.1,
            "variance_days_forecast": 0.68,
            "cost_usd_per_ton_forecast": 257.42
          },
          {
            "week_start": "2026-02-20T10:13:53Z",
            "avg_days_forecast": 0.21,
            "variance_days_forecast": 0.73,
            "cost_usd_per_ton_forecast": 269.46
          },
          {
            "week_start": "2026-02-27T10:13:53Z",
            "avg_days_forecast": 0.33,
            "variance_days_forecast": 0.68,
            "cost_usd_per_ton_forecast": 271.45
          },
          {
            "week_start": "2026-03-06T10:13:53Z",
            "avg_days_forecast": 0.29,
            "variance_days_forecast": 0.7,
            "cost_usd_per_ton_forecast": 278.44
          },
          {
            "week_start": "2026-03-13T10:13:53Z",
            "avg_days_forecast": 0.13,
            "variance_days_forecast": 0.66,
            "cost_usd_per_ton_forecast": 266.84
          },
          {
            "week_start": "2026-03-20T10:13:53Z",
            "avg_days_forecast": 0.41,
            "variance_days_forecast": 0.75,
            "cost_usd_per_ton_forecast": 277.28
          },
          {
            "week_start": "2026-03-27T10:13:53Z",
            "avg_days_forecast": 0.54,
            "variance_days_forecast": 0.72,
            "cost_usd_per_ton_forecast": 271.78
          },
          {
            "week_start": "2026-04-03T10:13:53Z",
            "avg_days_forecast": 0.1,
            "variance_days_forecast": 0.67,
            "cost_usd_per_ton_forecast": 265.26
          },
          {
            "week_start": "2026-04-10T10:13:53Z",
            "avg_days_forecast": 0.35,
            "variance_days_forecast": 0.67,
            "cost_usd_per_ton_forecast": 258.77
          },
          {
            "week_start": "2026-04-17T10:13:53Z",
            "avg_days_forecast": 0.14,
            "variance_days_forecast": 0.7,
            "cost_usd_per_ton_forecast": 263.7
          },
          {
            "week_start": "2026-04-24T10:13:53Z",
            "avg_days_forecast": 0.3,
            "variance_days_forecast": 0.75,
            "cost_usd_per_ton_forecast": 266.31
          },
          {
            "week_start": "2026-05-01T10:13:53Z",
            "avg_days_forecast": 0.54,
            "variance_days_forecast": 0.69,
            "cost_usd_per_ton_forecast": 280.81
          }
        ]
      }
    }
  ]
}