{
  "generated_at": "2026-02-13T10:13:53Z",
  "item": {
    "id": "MAT_INSULATION_FOAM_24",
    "type": "material",
    "name": "Insulation Foam",
    "category": "Plastics",
    "unit": "kg",
    "description": "Synthetic material record for Insulation Foam.",
    "active": true
  },
  "tree_type": "material_supply_chain",
  "metric_options": [
    {
      "id": "avg_days",
      "label": "Avg days (historical)"
    },
    {
      "id": "transit_time_variance_days",
      "label": "Variance of transit time"
    },
    {
      "id": "delay_vs_plan_variance_days",
      "label": "Variance of delay vs plan"
    }
  ],
  "nodes": [
    {
      "id": "TNODE_001",
      "entity_id": "FCT_TOK_05",
      "name": "Tokyo Plant 05",
      "node_type": "supplier_factory",
      "lat": 35.52358062488459,
      "lon": 139.75607737813047,
      "metrics": {
        "dwell_avg_days": 2.37,
        "transit_time_variance_days": 1.12,
        "delay_vs_plan_variance_days": 0.63,
        "handling_cost_usd": 5968.24,
        "dwell_forecast_next_12w": [
          {
            "week_start": "2026-02-13T10:13:53Z",
            "dwell_days_forecast": 2.61
          },
          {
            "week_start": "2026-02-20T10:13:53Z",
            "dwell_days_forecast": 2.63
          },
          {
            "week_start": "2026-02-27T10:13:53Z",
            "dwell_days_forecast": 2.41
          },
          {
            "week_start": "2026-03-06T10:13:53Z",
            "dwell_days_forecast": 2.31
          },
          {
            "week_start": "2026-03-13T10:13:53Z",
            "dwell_days_forecast": 2.43
          },
          {
            "week_start": "2026-03-20T10:13:53Z",
            "dwell_days_forecast": 2.52
          },
          {
            "week_start": "2026-03-27T10:13:53Z",
            "dwell_days_forecast": 2.46
          },
          {
            "week_start": "2026-04-03T10:13:53Z",
            "dwell_days_forecast": 2.49
          },
          {
            "week_start": "2026-04-10T10:13:53Z",
            "dwell_days_forecast": 2.29
          },
          {
            "week_start": "2026-04-17T10:13:53Z",
            "dwell_days_forecast": 2.48
          },
          {
            "week_start": "2026-04-24T10:13:53Z",
            "dwell_days_forecast": 2.38
          },
          {
            "week_start": "2026-05-01T10:13:53Z",
            "dwell_days_forecast": 2.22
          }
        ]
      }
    },
    {
      "id": "TNODE_002",
      "entity_id": "PRT_TOK",
      "name": "Port of Tokyo",
      "node_type": "export_port",
      "lat": 35.70172651966358,
      "lon": 139.66928676320995,
      "metrics": {
        "dwell_avg_days": 1.02,
        "transit_time_variance_days": 0.59,
        "delay_vs_plan_variance_days": 0.22,
        "handling_cost_usd": 3743.81,
        "dwell_forecast_next_12w": [
          {
            "week_start": "2026-02-13T10:13:53Z",
            "dwell_days_forecast": 0.98
          },
          {
            "week_start": "2026-02-20T10:13:53Z",
            "dwell_days_forecast": 0.94
          },
          {
            "week_start": "2026-02-27T10:13:53Z",
            "dwell_days_forecast": 1.12
          },
          {
            "week_start": "2026-03-06T10:13:53Z",
            "dwell_days_forecast": 0.94
          },
          {
            "week_start": "2026-03-13T10:13:53Z",
            "dwell_days_forecast": 0.85
          },
          {
            "week_start": "2026-03-20T10:13:53Z",
            "dwell_days_forecast": 0.97
          },
          {
            "week_start": "2026-03-27T10:13:53Z",
            "dwell_days_forecast": 0.88
          },
          {
            "week_start": "2026-04-03T10:13:53Z",
            "dwell_days_forecast": 1.18
          },
          {
            "week_start": "2026-04-10T10:13:53Z",
            "dwell_days_forecast": 1.15
          },
          {
            "week_start": "2026-04-17T10:13:53Z",
            "dwell_days_forecast": 1.11
          },
          {
            "week_start": "2026-04-24T10:13:53Z",
            "dwell_days_forecast": 0.84
          },
          {
            "week_start": "2026-05-01T10:13:53Z",
            "dwell_days_forecast": 1.08
          }
        ]
      }
    },
    {
      "id": "TNODE_003",
      "entity_id": "FCT_TOK_09",
      "name": "Tokyo Plant 09",
      "node_type": "consuming_factory",
      "lat": 35.63960702906401,
      "lon": 139.72604845431388,
      "metrics": {
        "dwell_avg_days": 1.42,
        "transit_time_variance_days": 0.05,
        "delay_vs_plan_variance_days": 0.05,
        "handling_cost_usd": 2191.22,
        "dwell_forecast_next_12w": [
          {
            "week_start": "2026-02-13T10:13:53Z",
            "dwell_days_forecast": 1.09
          },
          {
            "week_start": "2026-02-20T10:13:53Z",
            "dwell_days_forecast": 1.55
          },
          {
            "week_start": "2026-02-27T10:13:53Z",
            "dwell_days_forecast": 1.7
          },
          {
            "week_start": "2026-03-06T10:13:53Z",
            "dwell_days_forecast": 1.4
          },
          {
            "week_start": "2026-03-13T10:13:53Z",
            "dwell_days_forecast": 1.51
          },
          {
            "week_start": "2026-03-20T10:13:53Z",
            "dwell_days_forecast": 1.41
          },
          {
            "week_start": "2026-03-27T10:13:53Z",
            "dwell_days_forecast": 1.63
          },
          {
            "week_start": "2026-04-03T10:13:53Z",
            "dwell_days_forecast": 1.36
          },
          {
            "week_start": "2026-04-10T10:13:53Z",
            "dwell_days_forecast": 1.5
          },
          {
            "week_start": "2026-04-17T10:13:53Z",
            "dwell_days_forecast": 1.46
          },
          {
            "week_start": "2026-04-24T10:13:53Z",
            "dwell_days_forecast": 1.4
          },
          {
            "week_start": "2026-05-01T10:13:53Z",
            "dwell_days_forecast": 1.48
          }
        ]
      }
    }
  ],
  "edges": [
    {
      "id": "TEDGE_001",
      "from_node_id": "TNODE_001",
      "to_node_id": "TNODE_002",
      "label": "Pickup to export port",
      "underlying_segment_ids": [
        "SEG_00377"
      ],
      "mode_mix": [
        "road"
      ],
      "geometry": [
        [
          139.75607737813047,
          35.52358062488459
        ],
        [
          139.73871925514638,
          35.55920980384039
        ],
        [
          139.72136113216226,
          35.59483898279618
        ],
        [
          139.70400300917817,
          35.630468161751985
        ],
        [
          139.68664488619405,
          35.66609734070778
        ],
        [
          139.66928676320995,
          35.70172651966358
        ]
      ],
      "metrics": {
        "avg_days": 0.26,
        "transit_time_variance_days": 1.18,
        "delay_vs_plan_variance_days": 0.44,
        "cost_usd_per_ton": 887.59,
        "time_distribution": {
          "p10": 0.1,
          "p50": 0.26,
          "p90": 2.0
        },
        "forecast_next_12w": [
          {
            "week_start": "2026-02-13T10:13:53Z",
            "avg_days_forecast": 0.5,
            "variance_days_forecast": 1.12,
            "cost_usd_per_ton_forecast": 896.46
          },
          {
            "week_start": "2026-02-20T10:13:53Z",
            "avg_days_forecast": 0.14,
            "variance_days_forecast": 1.14,
            "cost_usd_per_ton_forecast": 867.42
          },
          {
            "week_start": "2026-02-27T10:13:53Z",
            "avg_days_forecast": 0.35,
            "variance_days_forecast": 1.1,
            "cost_usd_per_ton_forecast": 882.62
          },
          {
            "week_start": "2026-03-06T10:13:53Z",
            "avg_days_forecast": 0.65,
            "variance_days_forecast": 1.11,
            "cost_usd_per_ton_forecast": 892.3
          },
          {
            "week_start": "2026-03-13T10:13:53Z",
            "avg_days_forecast": 0.29,
            "variance_days_forecast": 1.21,
            "cost_usd_per_ton_forecast": 899.38
          },
          {
            "week_start": "2026-03-20T10:13:53Z",
            "avg_days_forecast": 0.39,
            "variance_days_forecast": 1.08,
            "cost_usd_per_ton_forecast": 855.04
          },
          {
            "week_start": "2026-03-27T10:13:53Z",
            "avg_days_forecast": 0.16,
            "variance_days_forecast": 1.15,
            "cost_usd_per_ton_forecast": 856.16
          },
          {
            "week_start": "2026-04-03T10:13:53Z",
            "avg_days_forecast": 0.1,
            "variance_days_forecast": 1.2,
            "cost_usd_per_ton_forecast": 865.62
          },
          {
            "week_start": "2026-04-10T10:13:53Z",
            "avg_days_forecast": 0.47,
            "variance_days_forecast": 1.21,
            "cost_usd_per_ton_forecast": 872.77
          },
          {
            "week_start": "2026-04-17T10:13:53Z",
            "avg_days_forecast": 0.27,
            "variance_days_forecast": 1.16,
            "cost_usd_per_ton_forecast": 843.72
          },
          {
            "week_start": "2026-04-24T10:13:53Z",
            "avg_days_forecast": 0.1,
            "variance_days_forecast": 1.12,
            "cost_usd_per_ton_forecast": 886.08
          },
          {
            "week_start": "2026-05-01T10:13:53Z",
            "avg_days_forecast": 0.1,
            "variance_days_forecast": 1.14,
            "cost_usd_per_ton_forecast": 910.1
          }
        ]
      }
    },
    {
      "id": "TEDGE_002",
      "from_node_id": "TNODE_002",
      "to_node_id": "TNODE_003",
      "label": "Delivery to plant",
      "underlying_segment_ids": [
        "SEG_00394"
      ],
      "mode_mix": [
        "road"
      ],
      "geometry": [
        [
          139.66928676320995,
          35.70172651966358
        ],
        [
          139.68063910143073,
          35.68930262154367
        ],
        [
          139.69199143965153,
          35.676878723423755
        ],
        [
          139.7033437778723,
          35.664454825303835
        ],
        [
          139.7146961160931,
          35.65203092718392
        ],
        [
          139.72604845431388,
          35.63960702906401
        ]
      ],
      "metrics": {
        "avg_days": 0.71,
        "transit_time_variance_days": 0.81,
        "delay_vs_plan_variance_days": 0.67,
        "cost_usd_per_ton": 625.53,
        "time_distribution": {
          "p10": 0.1,
          "p50": 0.71,
          "p90": 2.15
        },
        "forecast_next_12w": [
          {
            "week_start": "2026-02-13T10:13:53Z",
            "avg_days_forecast": 0.98,
            "variance_days_forecast": 0.76,
            "cost_usd_per_ton_forecast": 628.49
          },
          {
            "week_start": "2026-02-20T10:13:53Z",
            "avg_days_forecast": 0.43,
            "variance_days_forecast": 0.74,
            "cost_usd_per_ton_forecast": 634.56
          },
          {
            "week_start": "2026-02-27T10:13:53Z",
            "avg_days_forecast": 0.65,
            "variance_days_forecast": 0.8,
            "cost_usd_per_ton_forecast": 600.19
          },
          {
            "week_start": "2026-03-06T10:13:53Z",
            "avg_days_forecast": 0.41,
            "variance_days_forecast": 0.77,
            "cost_usd_per_ton_forecast": 595.98
          },
          {
            "week_start": "2026-03-13T10:13:53Z",
            "avg_days_forecast": 0.62,
            "variance_days_forecast": 0.73,
            "cost_usd_per_ton_forecast": 649.93
          },
          {
            "week_start": "2026-03-20T10:13:53Z",
            "avg_days_forecast": 0.7,
            "variance_days_forecast": 0.76,
            "cost_usd_per_ton_forecast": 638.47
          },
          {
            "week_start": "2026-03-27T10:13:53Z",
            "avg_days_forecast": 0.82,
            "variance_days_forecast": 0.77,
            "cost_usd_per_ton_forecast": 614.53
          },
          {
            "week_start": "2026-04-03T10:13:53Z",
            "avg_days_forecast": 0.36,
            "variance_days_forecast": 0.77,
            "cost_usd_per_ton_forecast": 600.78
          },
          {
            "week_start": "2026-04-10T10:13:53Z",
            "avg_days_forecast": 0.74,
            "variance_days_forecast": 0.79,
            "cost_usd_per_ton_forecast": 593.11
          },
          {
            "week_start": "2026-04-17T10:13:53Z",
            "avg_days_forecast": 0.53,
            "variance_days_forecast": 0.8,
            "cost_usd_per_ton_forecast": 605.19
          },
          {
            "week_start": "2026-04-24T10:13:53Z",
            "avg_days_forecast": 0.27,
            "variance_days_forecast": 0.79,
            "cost_usd_per_ton_forecast": 591.73
          },
          {
            "week_start": "2026-05-01T10:13:53Z",
            "avg_days_forecast": 0.52,
            "variance_days_forecast": 0.81,
            "cost_usd_per_ton_forecast": 633.5
          }
        ]
      }
    }
  ]
}