{
  "generated_at": "2026-02-13T10:13:53Z",
  "item": {
    "id": "PRD_BATTERY_PACK_11",
    "type": "product",
    "name": "Battery Pack Model X4",
    "category": "Automotive",
    "unit": "unit",
    "description": "Synthetic product record for Battery Pack.",
    "active": true
  },
  "tree_type": "product_supply_chain",
  "metric_options": [
    {
      "id": "avg_days",
      "label": "Avg days (historical)"
    },
    {
      "id": "transit_time_variance_days",
      "label": "Variance of transit time"
    },
    {
      "id": "delay_vs_plan_variance_days",
      "label": "Variance of delay vs plan"
    }
  ],
  "nodes": [
    {
      "id": "TNODE_001",
      "entity_id": "FCT_TOK_03",
      "name": "Tokyo Plant 03",
      "node_type": "supplier_factory",
      "lat": 35.85262543870724,
      "lon": 139.64139167490626,
      "metrics": {
        "dwell_avg_days": 0.51,
        "transit_time_variance_days": 0.66,
        "delay_vs_plan_variance_days": 0.2,
        "handling_cost_usd": 6778.9,
        "dwell_forecast_next_12w": [
          {
            "week_start": "2026-02-13T10:13:53Z",
            "dwell_days_forecast": 0.6
          },
          {
            "week_start": "2026-02-20T10:13:53Z",
            "dwell_days_forecast": 0.4
          },
          {
            "week_start": "2026-02-27T10:13:53Z",
            "dwell_days_forecast": 0.23
          },
          {
            "week_start": "2026-03-06T10:13:53Z",
            "dwell_days_forecast": 0.32
          },
          {
            "week_start": "2026-03-13T10:13:53Z",
            "dwell_days_forecast": 0.7
          },
          {
            "week_start": "2026-03-20T10:13:53Z",
            "dwell_days_forecast": 0.28
          },
          {
            "week_start": "2026-03-27T10:13:53Z",
            "dwell_days_forecast": 0.62
          },
          {
            "week_start": "2026-04-03T10:13:53Z",
            "dwell_days_forecast": 0.48
          },
          {
            "week_start": "2026-04-10T10:13:53Z",
            "dwell_days_forecast": 0.47
          },
          {
            "week_start": "2026-04-17T10:13:53Z",
            "dwell_days_forecast": 0.45
          },
          {
            "week_start": "2026-04-24T10:13:53Z",
            "dwell_days_forecast": 0.58
          },
          {
            "week_start": "2026-05-01T10:13:53Z",
            "dwell_days_forecast": 0.49
          }
        ]
      }
    },
    {
      "id": "TNODE_002",
      "entity_id": "PRT_TOK",
      "name": "Port of Tokyo",
      "node_type": "export_port",
      "lat": 35.70172651966358,
      "lon": 139.66928676320995,
      "metrics": {
        "dwell_avg_days": 0.27,
        "transit_time_variance_days": 0.93,
        "delay_vs_plan_variance_days": 0.67,
        "handling_cost_usd": 1751.64,
        "dwell_forecast_next_12w": [
          {
            "week_start": "2026-02-13T10:13:53Z",
            "dwell_days_forecast": 0.35
          },
          {
            "week_start": "2026-02-20T10:13:53Z",
            "dwell_days_forecast": 0.28
          },
          {
            "week_start": "2026-02-27T10:13:53Z",
            "dwell_days_forecast": 0.26
          },
          {
            "week_start": "2026-03-06T10:13:53Z",
            "dwell_days_forecast": 0.48
          },
          {
            "week_start": "2026-03-13T10:13:53Z",
            "dwell_days_forecast": 0.37
          },
          {
            "week_start": "2026-03-20T10:13:53Z",
            "dwell_days_forecast": 0.22
          },
          {
            "week_start": "2026-03-27T10:13:53Z",
            "dwell_days_forecast": 0.21
          },
          {
            "week_start": "2026-04-03T10:13:53Z",
            "dwell_days_forecast": 0.05
          },
          {
            "week_start": "2026-04-10T10:13:53Z",
            "dwell_days_forecast": 0.32
          },
          {
            "week_start": "2026-04-17T10:13:53Z",
            "dwell_days_forecast": 0.27
          },
          {
            "week_start": "2026-04-24T10:13:53Z",
            "dwell_days_forecast": 0.33
          },
          {
            "week_start": "2026-05-01T10:13:53Z",
            "dwell_days_forecast": 0.38
          }
        ]
      }
    },
    {
      "id": "TNODE_003",
      "entity_id": "FCT_TOK_09",
      "name": "Tokyo Plant 09",
      "node_type": "supplier_factory",
      "lat": 35.63960702906401,
      "lon": 139.72604845431388,
      "metrics": {
        "dwell_avg_days": 0.66,
        "transit_time_variance_days": 0.05,
        "delay_vs_plan_variance_days": 0.05,
        "handling_cost_usd": 1122.83,
        "dwell_forecast_next_12w": [
          {
            "week_start": "2026-02-13T10:13:53Z",
            "dwell_days_forecast": 0.63
          },
          {
            "week_start": "2026-02-20T10:13:53Z",
            "dwell_days_forecast": 0.47
          },
          {
            "week_start": "2026-02-27T10:13:53Z",
            "dwell_days_forecast": 0.56
          },
          {
            "week_start": "2026-03-06T10:13:53Z",
            "dwell_days_forecast": 0.86
          },
          {
            "week_start": "2026-03-13T10:13:53Z",
            "dwell_days_forecast": 0.81
          },
          {
            "week_start": "2026-03-20T10:13:53Z",
            "dwell_days_forecast": 0.73
          },
          {
            "week_start": "2026-03-27T10:13:53Z",
            "dwell_days_forecast": 0.42
          },
          {
            "week_start": "2026-04-03T10:13:53Z",
            "dwell_days_forecast": 0.69
          },
          {
            "week_start": "2026-04-10T10:13:53Z",
            "dwell_days_forecast": 0.59
          },
          {
            "week_start": "2026-04-17T10:13:53Z",
            "dwell_days_forecast": 0.41
          },
          {
            "week_start": "2026-04-24T10:13:53Z",
            "dwell_days_forecast": 1.0
          },
          {
            "week_start": "2026-05-01T10:13:53Z",
            "dwell_days_forecast": 0.82
          }
        ]
      }
    },
    {
      "id": "TNODE_004",
      "entity_id": "PRT_HON",
      "name": "Port of Hong Kong",
      "node_type": "export_port",
      "lat": 22.316828237809872,
      "lon": 114.17438035934948,
      "metrics": {
        "dwell_avg_days": 0.25,
        "transit_time_variance_days": 0.4,
        "delay_vs_plan_variance_days": 0.16,
        "handling_cost_usd": 6900.04,
        "dwell_forecast_next_12w": [
          {
            "week_start": "2026-02-13T10:13:53Z",
            "dwell_days_forecast": 0.53
          },
          {
            "week_start": "2026-02-20T10:13:53Z",
            "dwell_days_forecast": 0.18
          },
          {
            "week_start": "2026-02-27T10:13:53Z",
            "dwell_days_forecast": 0.37
          },
          {
            "week_start": "2026-03-06T10:13:53Z",
            "dwell_days_forecast": 0.21
          },
          {
            "week_start": "2026-03-13T10:13:53Z",
            "dwell_days_forecast": 0.05
          },
          {
            "week_start": "2026-03-20T10:13:53Z",
            "dwell_days_forecast": 0.29
          },
          {
            "week_start": "2026-03-27T10:13:53Z",
            "dwell_days_forecast": 0.54
          },
          {
            "week_start": "2026-04-03T10:13:53Z",
            "dwell_days_forecast": 0.4
          },
          {
            "week_start": "2026-04-10T10:13:53Z",
            "dwell_days_forecast": 0.37
          },
          {
            "week_start": "2026-04-17T10:13:53Z",
            "dwell_days_forecast": 0.17
          },
          {
            "week_start": "2026-04-24T10:13:53Z",
            "dwell_days_forecast": 0.05
          },
          {
            "week_start": "2026-05-01T10:13:53Z",
            "dwell_days_forecast": 0.24
          }
        ]
      }
    },
    {
      "id": "TNODE_005",
      "entity_id": "FCT_HON_07",
      "name": "Hong Kong Plant 07",
      "node_type": "assembly_factory",
      "lat": 22.367710928428856,
      "lon": 114.21325236489805,
      "metrics": {
        "dwell_avg_days": 0.48,
        "transit_time_variance_days": 1.14,
        "delay_vs_plan_variance_days": 0.71,
        "handling_cost_usd": 7724.77,
        "dwell_forecast_next_12w": [
          {
            "week_start": "2026-02-13T10:13:53Z",
            "dwell_days_forecast": 0.39
          },
          {
            "week_start": "2026-02-20T10:13:53Z",
            "dwell_days_forecast": 0.37
          },
          {
            "week_start": "2026-02-27T10:13:53Z",
            "dwell_days_forecast": 0.57
          },
          {
            "week_start": "2026-03-06T10:13:53Z",
            "dwell_days_forecast": 0.64
          },
          {
            "week_start": "2026-03-13T10:13:53Z",
            "dwell_days_forecast": 0.53
          },
          {
            "week_start": "2026-03-20T10:13:53Z",
            "dwell_days_forecast": 0.56
          },
          {
            "week_start": "2026-03-27T10:13:53Z",
            "dwell_days_forecast": 0.24
          },
          {
            "week_start": "2026-04-03T10:13:53Z",
            "dwell_days_forecast": 0.57
          },
          {
            "week_start": "2026-04-10T10:13:53Z",
            "dwell_days_forecast": 0.36
          },
          {
            "week_start": "2026-04-17T10:13:53Z",
            "dwell_days_forecast": 0.51
          },
          {
            "week_start": "2026-04-24T10:13:53Z",
            "dwell_days_forecast": 0.6
          },
          {
            "week_start": "2026-05-01T10:13:53Z",
            "dwell_days_forecast": 0.53
          }
        ]
      }
    },
    {
      "id": "TNODE_006",
      "entity_id": "PRT_LOS",
      "name": "Port of Los Angeles",
      "node_type": "import_port",
      "lat": 34.06614267984579,
      "lon": -118.29119892447774,
      "metrics": {
        "dwell_avg_days": 2.79,
        "transit_time_variance_days": 0.37,
        "delay_vs_plan_variance_days": 0.3,
        "handling_cost_usd": 4549.42,
        "dwell_forecast_next_12w": [
          {
            "week_start": "2026-02-13T10:13:53Z",
            "dwell_days_forecast": 2.92
          },
          {
            "week_start": "2026-02-20T10:13:53Z",
            "dwell_days_forecast": 2.72
          },
          {
            "week_start": "2026-02-27T10:13:53Z",
            "dwell_days_forecast": 2.73
          },
          {
            "week_start": "2026-03-06T10:13:53Z",
            "dwell_days_forecast": 2.64
          },
          {
            "week_start": "2026-03-13T10:13:53Z",
            "dwell_days_forecast": 2.99
          },
          {
            "week_start": "2026-03-20T10:13:53Z",
            "dwell_days_forecast": 2.83
          },
          {
            "week_start": "2026-03-27T10:13:53Z",
            "dwell_days_forecast": 2.39
          },
          {
            "week_start": "2026-04-03T10:13:53Z",
            "dwell_days_forecast": 3.02
          },
          {
            "week_start": "2026-04-10T10:13:53Z",
            "dwell_days_forecast": 3.01
          },
          {
            "week_start": "2026-04-17T10:13:53Z",
            "dwell_days_forecast": 2.59
          },
          {
            "week_start": "2026-04-24T10:13:53Z",
            "dwell_days_forecast": 2.67
          },
          {
            "week_start": "2026-05-01T10:13:53Z",
            "dwell_days_forecast": 2.74
          }
        ]
      }
    },
    {
      "id": "TNODE_007",
      "entity_id": "WH_LOS_28",
      "name": "Los Angeles DC 28",
      "node_type": "distribution_warehouse",
      "lat": 33.93153191083668,
      "lon": -118.20686085550007,
      "metrics": {
        "dwell_avg_days": 1.49,
        "transit_time_variance_days": 0.66,
        "delay_vs_plan_variance_days": 0.26,
        "handling_cost_usd": 1789.34,
        "dwell_forecast_next_12w": [
          {
            "week_start": "2026-02-13T10:13:53Z",
            "dwell_days_forecast": 1.45
          },
          {
            "week_start": "2026-02-20T10:13:53Z",
            "dwell_days_forecast": 1.14
          },
          {
            "week_start": "2026-02-27T10:13:53Z",
            "dwell_days_forecast": 1.56
          },
          {
            "week_start": "2026-03-06T10:13:53Z",
            "dwell_days_forecast": 1.53
          },
          {
            "week_start": "2026-03-13T10:13:53Z",
            "dwell_days_forecast": 1.28
          },
          {
            "week_start": "2026-03-20T10:13:53Z",
            "dwell_days_forecast": 1.25
          },
          {
            "week_start": "2026-03-27T10:13:53Z",
            "dwell_days_forecast": 1.42
          },
          {
            "week_start": "2026-04-03T10:13:53Z",
            "dwell_days_forecast": 1.67
          },
          {
            "week_start": "2026-04-10T10:13:53Z",
            "dwell_days_forecast": 1.42
          },
          {
            "week_start": "2026-04-17T10:13:53Z",
            "dwell_days_forecast": 1.39
          },
          {
            "week_start": "2026-04-24T10:13:53Z",
            "dwell_days_forecast": 1.29
          },
          {
            "week_start": "2026-05-01T10:13:53Z",
            "dwell_days_forecast": 1.32
          }
        ]
      }
    }
  ],
  "edges": [
    {
      "id": "TEDGE_001",
      "from_node_id": "TNODE_001",
      "to_node_id": "TNODE_002",
      "label": "Supplier pickup",
      "underlying_segment_ids": [
        "SEG_00369"
      ],
      "mode_mix": [
        "road"
      ],
      "geometry": [
        [
          139.64139167490626,
          35.85262543870724
        ],
        [
          139.646970692567,
          35.82244565489851
        ],
        [
          139.65254971022773,
          35.792265871089775
        ],
        [
          139.65812872788848,
          35.76208608728105
        ],
        [
          139.6637077455492,
          35.731906303472314
        ],
        [
          139.66928676320995,
          35.70172651966358
        ]
      ],
      "metrics": {
        "avg_days": 0.65,
        "transit_time_variance_days": 1.45,
        "delay_vs_plan_variance_days": 1.21,
        "cost_usd_per_ton": 587.1,
        "time_distribution": {
          "p10": 0.1,
          "p50": 0.65,
          "p90": 2.58
        },
        "forecast_next_12w": [
          {
            "week_start": "2026-02-13T10:13:53Z",
            "avg_days_forecast": 0.35,
            "variance_days_forecast": 1.35,
            "cost_usd_per_ton_forecast": 572.36
          },
          {
            "week_start": "2026-02-20T10:13:53Z",
            "avg_days_forecast": 0.58,
            "variance_days_forecast": 1.38,
            "cost_usd_per_ton_forecast": 600.21
          },
          {
            "week_start": "2026-02-27T10:13:53Z",
            "avg_days_forecast": 0.25,
            "variance_days_forecast": 1.35,
            "cost_usd_per_ton_forecast": 565.5
          },
          {
            "week_start": "2026-03-06T10:13:53Z",
            "avg_days_forecast": 0.19,
            "variance_days_forecast": 1.41,
            "cost_usd_per_ton_forecast": 583.45
          },
          {
            "week_start": "2026-03-13T10:13:53Z",
            "avg_days_forecast": 0.34,
            "variance_days_forecast": 1.35,
            "cost_usd_per_ton_forecast": 558.7
          },
          {
            "week_start": "2026-03-20T10:13:53Z",
            "avg_days_forecast": 0.47,
            "variance_days_forecast": 1.36,
            "cost_usd_per_ton_forecast": 583.22
          },
          {
            "week_start": "2026-03-27T10:13:53Z",
            "avg_days_forecast": 0.62,
            "variance_days_forecast": 1.46,
            "cost_usd_per_ton_forecast": 599.49
          },
          {
            "week_start": "2026-04-03T10:13:53Z",
            "avg_days_forecast": 0.64,
            "variance_days_forecast": 1.38,
            "cost_usd_per_ton_forecast": 558.95
          },
          {
            "week_start": "2026-04-10T10:13:53Z",
            "avg_days_forecast": 0.83,
            "variance_days_forecast": 1.38,
            "cost_usd_per_ton_forecast": 587.62
          },
          {
            "week_start": "2026-04-17T10:13:53Z",
            "avg_days_forecast": 0.62,
            "variance_days_forecast": 1.4,
            "cost_usd_per_ton_forecast": 595.91
          },
          {
            "week_start": "2026-04-24T10:13:53Z",
            "avg_days_forecast": 0.47,
            "variance_days_forecast": 1.47,
            "cost_usd_per_ton_forecast": 552.99
          },
          {
            "week_start": "2026-05-01T10:13:53Z",
            "avg_days_forecast": 0.79,
            "variance_days_forecast": 1.43,
            "cost_usd_per_ton_forecast": 556.0
          }
        ]
      }
    },
    {
      "id": "TEDGE_002",
      "from_node_id": "TNODE_002",
      "to_node_id": "TNODE_004",
      "label": "Move to export port",
      "underlying_segment_ids": [
        "SEG_00370",
        "SEG_00371",
        "SEG_00137",
        "SEG_00607",
        "SEG_00198",
        "SEG_00224",
        "SEG_00221"
      ],
      "mode_mix": [
        "air",
        "road"
      ],
      "geometry": [
        [
          139.66928676320995,
          35.70172651966358
        ],
        [
          139.6637077455492,
          35.731906303472314
        ],
        [
          139.65812872788848,
          35.76208608728105
        ],
        [
          139.65254971022773,
          35.792265871089775
        ],
        [
          139.646970692567,
          35.82244565489851
        ],
        [
          139.64139167490626,
          35.85262543870724
        ],
        [
          139.65080166401827,
          35.823555785364604
        ],
        [
          139.6602116531303,
          35.794486132021966
        ],
        [
          139.66962164224228,
          35.76541647867932
        ],
        [
          139.6790316313543,
          35.73634682533668
        ],
        [
          139.6884416204663,
          35.70727717199404
        ],
        [
          132.5068752089011,
          28.841989227777944
        ],
        [
          125.32530879733591,
          21.976701283561844
        ],
        [
          118.14374238577071,
          15.111413339345745
        ],
        [
          110.9621759742055,
          8.246125395129646
        ],
        [
          103.7806095626403,
          1.3808374509135461
        ],
        [
          103.7806095626403,
          1.3808374509135473
        ],
        [
          94.07291073635757,
          6.13709517515283
        ],
        [
          84.36521191007486,
          10.893352899392115
        ],
        [
          74.65751308379214,
          15.649610623631398
        ],
        [
          64.94981425750942,
          20.40586834787068
        ],
        [
          55.24211543122671,
          25.162126072109963
        ],
        [
          66.9973282174148,
          24.63331145247243
        ],
        [
          78.7525410036029,
          24.104496832834894
        ],
        [
          90.507753789791,
          23.57568221319736
        ],
        [
          102.26296657597909,
          23.046867593559824
        ],
        [
          114.01817936216719,
          22.51805297392229
        ],
        [
          114.012440960545,
          22.479738999173332
        ],
        [
          114.00670255892281,
          22.441425024424372
        ],
        [
          114.00096415730063,
          22.403111049675413
        ],
        [
          113.99522575567843,
          22.364797074926454
        ],
        [
          113.98948735405625,
          22.326483100177494
        ],
        [
          114.0264659551149,
          22.32455212770397
        ],
        [
          114.06344455617355,
          22.322621155230447
        ],
        [
          114.10042315723219,
          22.32069018275692
        ],
        [
          114.13740175829084,
          22.318759210283396
        ],
        [
          114.17438035934948,
          22.316828237809872
        ]
      ],
      "metrics": {
        "avg_days": 4.36,
        "transit_time_variance_days": 5.86,
        "delay_vs_plan_variance_days": 3.68,
        "cost_usd_per_ton": 11322.68,
        "time_distribution": {
          "p10": 1.46,
          "p50": 4.36,
          "p90": 8.23
        },
        "forecast_next_12w": [
          {
            "week_start": "2026-02-13T10:13:53Z",
            "avg_days_forecast": 4.44,
            "variance_days_forecast": 5.31,
            "cost_usd_per_ton_forecast": 10823.06
          },
          {
            "week_start": "2026-02-20T10:13:53Z",
            "avg_days_forecast": 4.41,
            "variance_days_forecast": 5.69,
            "cost_usd_per_ton_forecast": 11202.56
          },
          {
            "week_start": "2026-02-27T10:13:53Z",
            "avg_days_forecast": 3.98,
            "variance_days_forecast": 5.52,
            "cost_usd_per_ton_forecast": 11540.94
          },
          {
            "week_start": "2026-03-06T10:13:53Z",
            "avg_days_forecast": 3.95,
            "variance_days_forecast": 5.85,
            "cost_usd_per_ton_forecast": 10985.54
          },
          {
            "week_start": "2026-03-13T10:13:53Z",
            "avg_days_forecast": 4.27,
            "variance_days_forecast": 5.3,
            "cost_usd_per_ton_forecast": 11545.97
          },
          {
            "week_start": "2026-03-20T10:13:53Z",
            "avg_days_forecast": 3.87,
            "variance_days_forecast": 5.71,
            "cost_usd_per_ton_forecast": 11373.65
          },
          {
            "week_start": "2026-03-27T10:13:53Z",
            "avg_days_forecast": 4.25,
            "variance_days_forecast": 5.85,
            "cost_usd_per_ton_forecast": 11493.9
          },
          {
            "week_start": "2026-04-03T10:13:53Z",
            "avg_days_forecast": 3.79,
            "variance_days_forecast": 5.53,
            "cost_usd_per_ton_forecast": 11359.64
          },
          {
            "week_start": "2026-04-10T10:13:53Z",
            "avg_days_forecast": 3.89,
            "variance_days_forecast": 5.83,
            "cost_usd_per_ton_forecast": 11029.52
          },
          {
            "week_start": "2026-04-17T10:13:53Z",
            "avg_days_forecast": 4.03,
            "variance_days_forecast": 5.78,
            "cost_usd_per_ton_forecast": 11701.56
          },
          {
            "week_start": "2026-04-24T10:13:53Z",
            "avg_days_forecast": 3.73,
            "variance_days_forecast": 5.87,
            "cost_usd_per_ton_forecast": 11190.38
          },
          {
            "week_start": "2026-05-01T10:13:53Z",
            "avg_days_forecast": 3.81,
            "variance_days_forecast": 5.91,
            "cost_usd_per_ton_forecast": 11644.59
          }
        ]
      }
    },
    {
      "id": "TEDGE_003",
      "from_node_id": "TNODE_003",
      "to_node_id": "TNODE_002",
      "label": "Supplier pickup",
      "underlying_segment_ids": [
        "SEG_00393"
      ],
      "mode_mix": [
        "road"
      ],
      "geometry": [
        [
          139.72604845431388,
          35.63960702906401
        ],
        [
          139.7146961160931,
          35.65203092718392
        ],
        [
          139.7033437778723,
          35.664454825303835
        ],
        [
          139.69199143965153,
          35.676878723423755
        ],
        [
          139.68063910143073,
          35.68930262154367
        ],
        [
          139.66928676320995,
          35.70172651966358
        ]
      ],
      "metrics": {
        "avg_days": 0.76,
        "transit_time_variance_days": 1.02,
        "delay_vs_plan_variance_days": 0.76,
        "cost_usd_per_ton": 766.59,
        "time_distribution": {
          "p10": 0.1,
          "p50": 0.76,
          "p90": 2.38
        },
        "forecast_next_12w": [
          {
            "week_start": "2026-02-13T10:13:53Z",
            "avg_days_forecast": 0.86,
            "variance_days_forecast": 0.92,
            "cost_usd_per_ton_forecast": 771.08
          },
          {
            "week_start": "2026-02-20T10:13:53Z",
            "avg_days_forecast": 0.87,
            "variance_days_forecast": 0.95,
            "cost_usd_per_ton_forecast": 779.42
          },
          {
            "week_start": "2026-02-27T10:13:53Z",
            "avg_days_forecast": 0.91,
            "variance_days_forecast": 1.02,
            "cost_usd_per_ton_forecast": 759.88
          },
          {
            "week_start": "2026-03-06T10:13:53Z",
            "avg_days_forecast": 0.8,
            "variance_days_forecast": 0.95,
            "cost_usd_per_ton_forecast": 776.27
          },
          {
            "week_start": "2026-03-13T10:13:53Z",
            "avg_days_forecast": 0.83,
            "variance_days_forecast": 1.04,
            "cost_usd_per_ton_forecast": 792.87
          },
          {
            "week_start": "2026-03-20T10:13:53Z",
            "avg_days_forecast": 0.53,
            "variance_days_forecast": 0.94,
            "cost_usd_per_ton_forecast": 770.02
          },
          {
            "week_start": "2026-03-27T10:13:53Z",
            "avg_days_forecast": 0.67,
            "variance_days_forecast": 1.0,
            "cost_usd_per_ton_forecast": 780.03
          },
          {
            "week_start": "2026-04-03T10:13:53Z",
            "avg_days_forecast": 0.71,
            "variance_days_forecast": 0.94,
            "cost_usd_per_ton_forecast": 753.48
          },
          {
            "week_start": "2026-04-10T10:13:53Z",
            "avg_days_forecast": 0.57,
            "variance_days_forecast": 0.93,
            "cost_usd_per_ton_forecast": 773.97
          },
          {
            "week_start": "2026-04-17T10:13:53Z",
            "avg_days_forecast": 0.77,
            "variance_days_forecast": 0.93,
            "cost_usd_per_ton_forecast": 767.39
          },
          {
            "week_start": "2026-04-24T10:13:53Z",
            "avg_days_forecast": 0.5,
            "variance_days_forecast": 1.04,
            "cost_usd_per_ton_forecast": 762.64
          },
          {
            "week_start": "2026-05-01T10:13:53Z",
            "avg_days_forecast": 0.31,
            "variance_days_forecast": 1.05,
            "cost_usd_per_ton_forecast": 763.08
          }
        ]
      }
    },
    {
      "id": "TEDGE_004",
      "from_node_id": "TNODE_002",
      "to_node_id": "TNODE_004",
      "label": "Move to export port",
      "underlying_segment_ids": [
        "SEG_00370",
        "SEG_00371",
        "SEG_00137",
        "SEG_00607",
        "SEG_00198",
        "SEG_00224",
        "SEG_00221"
      ],
      "mode_mix": [
        "air",
        "road"
      ],
      "geometry": [
        [
          139.66928676320995,
          35.70172651966358
        ],
        [
          139.6637077455492,
          35.731906303472314
        ],
        [
          139.65812872788848,
          35.76208608728105
        ],
        [
          139.65254971022773,
          35.792265871089775
        ],
        [
          139.646970692567,
          35.82244565489851
        ],
        [
          139.64139167490626,
          35.85262543870724
        ],
        [
          139.65080166401827,
          35.823555785364604
        ],
        [
          139.6602116531303,
          35.794486132021966
        ],
        [
          139.66962164224228,
          35.76541647867932
        ],
        [
          139.6790316313543,
          35.73634682533668
        ],
        [
          139.6884416204663,
          35.70727717199404
        ],
        [
          132.5068752089011,
          28.841989227777944
        ],
        [
          125.32530879733591,
          21.976701283561844
        ],
        [
          118.14374238577071,
          15.111413339345745
        ],
        [
          110.9621759742055,
          8.246125395129646
        ],
        [
          103.7806095626403,
          1.3808374509135461
        ],
        [
          103.7806095626403,
          1.3808374509135473
        ],
        [
          94.07291073635757,
          6.13709517515283
        ],
        [
          84.36521191007486,
          10.893352899392115
        ],
        [
          74.65751308379214,
          15.649610623631398
        ],
        [
          64.94981425750942,
          20.40586834787068
        ],
        [
          55.24211543122671,
          25.162126072109963
        ],
        [
          66.9973282174148,
          24.63331145247243
        ],
        [
          78.7525410036029,
          24.104496832834894
        ],
        [
          90.507753789791,
          23.57568221319736
        ],
        [
          102.26296657597909,
          23.046867593559824
        ],
        [
          114.01817936216719,
          22.51805297392229
        ],
        [
          114.012440960545,
          22.479738999173332
        ],
        [
          114.00670255892281,
          22.441425024424372
        ],
        [
          114.00096415730063,
          22.403111049675413
        ],
        [
          113.99522575567843,
          22.364797074926454
        ],
        [
          113.98948735405625,
          22.326483100177494
        ],
        [
          114.0264659551149,
          22.32455212770397
        ],
        [
          114.06344455617355,
          22.322621155230447
        ],
        [
          114.10042315723219,
          22.32069018275692
        ],
        [
          114.13740175829084,
          22.318759210283396
        ],
        [
          114.17438035934948,
          22.316828237809872
        ]
      ],
      "metrics": {
        "avg_days": 4.36,
        "transit_time_variance_days": 5.86,
        "delay_vs_plan_variance_days": 3.68,
        "cost_usd_per_ton": 11322.68,
        "time_distribution": {
          "p10": 1.46,
          "p50": 4.36,
          "p90": 8.23
        },
        "forecast_next_12w": [
          {
            "week_start": "2026-02-13T10:13:53Z",
            "avg_days_forecast": 4.29,
            "variance_days_forecast": 5.74,
            "cost_usd_per_ton_forecast": 11559.35
          },
          {
            "week_start": "2026-02-20T10:13:53Z",
            "avg_days_forecast": 3.84,
            "variance_days_forecast": 5.39,
            "cost_usd_per_ton_forecast": 11529.18
          },
          {
            "week_start": "2026-02-27T10:13:53Z",
            "avg_days_forecast": 3.77,
            "variance_days_forecast": 5.8,
            "cost_usd_per_ton_forecast": 10839.9
          },
          {
            "week_start": "2026-03-06T10:13:53Z",
            "avg_days_forecast": 4.01,
            "variance_days_forecast": 5.96,
            "cost_usd_per_ton_forecast": 11162.01
          },
          {
            "week_start": "2026-03-13T10:13:53Z",
            "avg_days_forecast": 4.14,
            "variance_days_forecast": 5.61,
            "cost_usd_per_ton_forecast": 11480.67
          },
          {
            "week_start": "2026-03-20T10:13:53Z",
            "avg_days_forecast": 3.85,
            "variance_days_forecast": 5.79,
            "cost_usd_per_ton_forecast": 11410.74
          },
          {
            "week_start": "2026-03-27T10:13:53Z",
            "avg_days_forecast": 3.65,
            "variance_days_forecast": 5.98,
            "cost_usd_per_ton_forecast": 11612.33
          },
          {
            "week_start": "2026-04-03T10:13:53Z",
            "avg_days_forecast": 3.9,
            "variance_days_forecast": 5.43,
            "cost_usd_per_ton_forecast": 10881.69
          },
          {
            "week_start": "2026-04-10T10:13:53Z",
            "avg_days_forecast": 3.86,
            "variance_days_forecast": 5.81,
            "cost_usd_per_ton_forecast": 10813.97
          },
          {
            "week_start": "2026-04-17T10:13:53Z",
            "avg_days_forecast": 3.71,
            "variance_days_forecast": 5.45,
            "cost_usd_per_ton_forecast": 11361.96
          },
          {
            "week_start": "2026-04-24T10:13:53Z",
            "avg_days_forecast": 3.75,
            "variance_days_forecast": 5.84,
            "cost_usd_per_ton_forecast": 11614.2
          },
          {
            "week_start": "2026-05-01T10:13:53Z",
            "avg_days_forecast": 3.48,
            "variance_days_forecast": 5.35,
            "cost_usd_per_ton_forecast": 11624.9
          }
        ]
      }
    },
    {
      "id": "TEDGE_005",
      "from_node_id": "TNODE_003",
      "to_node_id": "TNODE_002",
      "label": "Supplier pickup",
      "underlying_segment_ids": [
        "SEG_00393"
      ],
      "mode_mix": [
        "road"
      ],
      "geometry": [
        [
          139.72604845431388,
          35.63960702906401
        ],
        [
          139.7146961160931,
          35.65203092718392
        ],
        [
          139.7033437778723,
          35.664454825303835
        ],
        [
          139.69199143965153,
          35.676878723423755
        ],
        [
          139.68063910143073,
          35.68930262154367
        ],
        [
          139.66928676320995,
          35.70172651966358
        ]
      ],
      "metrics": {
        "avg_days": 0.76,
        "transit_time_variance_days": 1.02,
        "delay_vs_plan_variance_days": 0.76,
        "cost_usd_per_ton": 766.59,
        "time_distribution": {
          "p10": 0.1,
          "p50": 0.76,
          "p90": 2.38
        },
        "forecast_next_12w": [
          {
            "week_start": "2026-02-13T10:13:53Z",
            "avg_days_forecast": 0.47,
            "variance_days_forecast": 1.03,
            "cost_usd_per_ton_forecast": 783.13
          },
          {
            "week_start": "2026-02-20T10:13:53Z",
            "avg_days_forecast": 0.32,
            "variance_days_forecast": 0.98,
            "cost_usd_per_ton_forecast": 790.27
          },
          {
            "week_start": "2026-02-27T10:13:53Z",
            "avg_days_forecast": 0.94,
            "variance_days_forecast": 0.94,
            "cost_usd_per_ton_forecast": 726.32
          },
          {
            "week_start": "2026-03-06T10:13:53Z",
            "avg_days_forecast": 0.47,
            "variance_days_forecast": 0.93,
            "cost_usd_per_ton_forecast": 793.39
          },
          {
            "week_start": "2026-03-13T10:13:53Z",
            "avg_days_forecast": 0.84,
            "variance_days_forecast": 1.03,
            "cost_usd_per_ton_forecast": 776.81
          },
          {
            "week_start": "2026-03-20T10:13:53Z",
            "avg_days_forecast": 0.72,
            "variance_days_forecast": 0.92,
            "cost_usd_per_ton_forecast": 777.77
          },
          {
            "week_start": "2026-03-27T10:13:53Z",
            "avg_days_forecast": 0.88,
            "variance_days_forecast": 1.05,
            "cost_usd_per_ton_forecast": 785.58
          },
          {
            "week_start": "2026-04-03T10:13:53Z",
            "avg_days_forecast": 1.07,
            "variance_days_forecast": 1.01,
            "cost_usd_per_ton_forecast": 748.12
          },
          {
            "week_start": "2026-04-10T10:13:53Z",
            "avg_days_forecast": 0.8,
            "variance_days_forecast": 1.02,
            "cost_usd_per_ton_forecast": 768.24
          },
          {
            "week_start": "2026-04-17T10:13:53Z",
            "avg_days_forecast": 0.57,
            "variance_days_forecast": 0.94,
            "cost_usd_per_ton_forecast": 793.74
          },
          {
            "week_start": "2026-04-24T10:13:53Z",
            "avg_days_forecast": 0.83,
            "variance_days_forecast": 0.93,
            "cost_usd_per_ton_forecast": 773.65
          },
          {
            "week_start": "2026-05-01T10:13:53Z",
            "avg_days_forecast": 0.64,
            "variance_days_forecast": 1.02,
            "cost_usd_per_ton_forecast": 750.16
          }
        ]
      }
    },
    {
      "id": "TEDGE_006",
      "from_node_id": "TNODE_002",
      "to_node_id": "TNODE_004",
      "label": "Move to export port",
      "underlying_segment_ids": [
        "SEG_00370",
        "SEG_00371",
        "SEG_00137",
        "SEG_00607",
        "SEG_00198",
        "SEG_00224",
        "SEG_00221"
      ],
      "mode_mix": [
        "air",
        "road"
      ],
      "geometry": [
        [
          139.66928676320995,
          35.70172651966358
        ],
        [
          139.6637077455492,
          35.731906303472314
        ],
        [
          139.65812872788848,
          35.76208608728105
        ],
        [
          139.65254971022773,
          35.792265871089775
        ],
        [
          139.646970692567,
          35.82244565489851
        ],
        [
          139.64139167490626,
          35.85262543870724
        ],
        [
          139.65080166401827,
          35.823555785364604
        ],
        [
          139.6602116531303,
          35.794486132021966
        ],
        [
          139.66962164224228,
          35.76541647867932
        ],
        [
          139.6790316313543,
          35.73634682533668
        ],
        [
          139.6884416204663,
          35.70727717199404
        ],
        [
          132.5068752089011,
          28.841989227777944
        ],
        [
          125.32530879733591,
          21.976701283561844
        ],
        [
          118.14374238577071,
          15.111413339345745
        ],
        [
          110.9621759742055,
          8.246125395129646
        ],
        [
          103.7806095626403,
          1.3808374509135461
        ],
        [
          103.7806095626403,
          1.3808374509135473
        ],
        [
          94.07291073635757,
          6.13709517515283
        ],
        [
          84.36521191007486,
          10.893352899392115
        ],
        [
          74.65751308379214,
          15.649610623631398
        ],
        [
          64.94981425750942,
          20.40586834787068
        ],
        [
          55.24211543122671,
          25.162126072109963
        ],
        [
          66.9973282174148,
          24.63331145247243
        ],
        [
          78.7525410036029,
          24.104496832834894
        ],
        [
          90.507753789791,
          23.57568221319736
        ],
        [
          102.26296657597909,
          23.046867593559824
        ],
        [
          114.01817936216719,
          22.51805297392229
        ],
        [
          114.012440960545,
          22.479738999173332
        ],
        [
          114.00670255892281,
          22.441425024424372
        ],
        [
          114.00096415730063,
          22.403111049675413
        ],
        [
          113.99522575567843,
          22.364797074926454
        ],
        [
          113.98948735405625,
          22.326483100177494
        ],
        [
          114.0264659551149,
          22.32455212770397
        ],
        [
          114.06344455617355,
          22.322621155230447
        ],
        [
          114.10042315723219,
          22.32069018275692
        ],
        [
          114.13740175829084,
          22.318759210283396
        ],
        [
          114.17438035934948,
          22.316828237809872
        ]
      ],
      "metrics": {
        "avg_days": 4.36,
        "transit_time_variance_days": 5.86,
        "delay_vs_plan_variance_days": 3.68,
        "cost_usd_per_ton": 11322.68,
        "time_distribution": {
          "p10": 1.46,
          "p50": 4.36,
          "p90": 8.23
        },
        "forecast_next_12w": [
          {
            "week_start": "2026-02-13T10:13:53Z",
            "avg_days_forecast": 4.1,
            "variance_days_forecast": 5.67,
            "cost_usd_per_ton_forecast": 10946.76
          },
          {
            "week_start": "2026-02-20T10:13:53Z",
            "avg_days_forecast": 4.51,
            "variance_days_forecast": 5.57,
            "cost_usd_per_ton_forecast": 11720.67
          },
          {
            "week_start": "2026-02-27T10:13:53Z",
            "avg_days_forecast": 4.08,
            "variance_days_forecast": 5.67,
            "cost_usd_per_ton_forecast": 11409.18
          },
          {
            "week_start": "2026-03-06T10:13:53Z",
            "avg_days_forecast": 4.28,
            "variance_days_forecast": 5.65,
            "cost_usd_per_ton_forecast": 11550.71
          },
          {
            "week_start": "2026-03-13T10:13:53Z",
            "avg_days_forecast": 4.18,
            "variance_days_forecast": 5.71,
            "cost_usd_per_ton_forecast": 11088.45
          },
          {
            "week_start": "2026-03-20T10:13:53Z",
            "avg_days_forecast": 3.78,
            "variance_days_forecast": 5.84,
            "cost_usd_per_ton_forecast": 11306.63
          },
          {
            "week_start": "2026-03-27T10:13:53Z",
            "avg_days_forecast": 4.23,
            "variance_days_forecast": 5.97,
            "cost_usd_per_ton_forecast": 10649.95
          },
          {
            "week_start": "2026-04-03T10:13:53Z",
            "avg_days_forecast": 3.72,
            "variance_days_forecast": 5.99,
            "cost_usd_per_ton_forecast": 11124.28
          },
          {
            "week_start": "2026-04-10T10:13:53Z",
            "avg_days_forecast": 3.59,
            "variance_days_forecast": 5.72,
            "cost_usd_per_ton_forecast": 10664.29
          },
          {
            "week_start": "2026-04-17T10:13:53Z",
            "avg_days_forecast": 3.66,
            "variance_days_forecast": 5.88,
            "cost_usd_per_ton_forecast": 10678.54
          },
          {
            "week_start": "2026-04-24T10:13:53Z",
            "avg_days_forecast": 3.6,
            "variance_days_forecast": 5.33,
            "cost_usd_per_ton_forecast": 10987.57
          },
          {
            "week_start": "2026-05-01T10:13:53Z",
            "avg_days_forecast": 3.49,
            "variance_days_forecast": 5.46,
            "cost_usd_per_ton_forecast": 11396.07
          }
        ]
      }
    },
    {
      "id": "TEDGE_007",
      "from_node_id": "TNODE_004",
      "to_node_id": "TNODE_005",
      "label": "Inbound to assembly",
      "underlying_segment_ids": [
        "SEG_00386"
      ],
      "mode_mix": [
        "road"
      ],
      "geometry": [
        [
          114.17438035934948,
          22.316828237809872
        ],
        [
          114.1821547604592,
          22.32700477593367
        ],
        [
          114.18992916156891,
          22.337181314057467
        ],
        [
          114.19770356267863,
          22.34735785218126
        ],
        [
          114.20547796378834,
          22.35753439030506
        ],
        [
          114.21325236489805,
          22.367710928428856
        ]
      ],
      "metrics": {
        "avg_days": 0.56,
        "transit_time_variance_days": 0.87,
        "delay_vs_plan_variance_days": 0.77,
        "cost_usd_per_ton": 211.76,
        "time_distribution": {
          "p10": 0.1,
          "p50": 0.56,
          "p90": 2.05
        },
        "forecast_next_12w": [
          {
            "week_start": "2026-02-13T10:13:53Z",
            "avg_days_forecast": 0.84,
            "variance_days_forecast": 0.82,
            "cost_usd_per_ton_forecast": 207.67
          },
          {
            "week_start": "2026-02-20T10:13:53Z",
            "avg_days_forecast": 0.15,
            "variance_days_forecast": 0.87,
            "cost_usd_per_ton_forecast": 204.9
          },
          {
            "week_start": "2026-02-27T10:13:53Z",
            "avg_days_forecast": 0.46,
            "variance_days_forecast": 0.87,
            "cost_usd_per_ton_forecast": 211.0
          },
          {
            "week_start": "2026-03-06T10:13:53Z",
            "avg_days_forecast": 0.66,
            "variance_days_forecast": 0.8,
            "cost_usd_per_ton_forecast": 218.95
          },
          {
            "week_start": "2026-03-13T10:13:53Z",
            "avg_days_forecast": 0.28,
            "variance_days_forecast": 0.79,
            "cost_usd_per_ton_forecast": 200.4
          },
          {
            "week_start": "2026-03-20T10:13:53Z",
            "avg_days_forecast": 0.1,
            "variance_days_forecast": 0.86,
            "cost_usd_per_ton_forecast": 214.31
          },
          {
            "week_start": "2026-03-27T10:13:53Z",
            "avg_days_forecast": 0.58,
            "variance_days_forecast": 0.8,
            "cost_usd_per_ton_forecast": 212.67
          },
          {
            "week_start": "2026-04-03T10:13:53Z",
            "avg_days_forecast": 0.54,
            "variance_days_forecast": 0.86,
            "cost_usd_per_ton_forecast": 200.52
          },
          {
            "week_start": "2026-04-10T10:13:53Z",
            "avg_days_forecast": 0.55,
            "variance_days_forecast": 0.8,
            "cost_usd_per_ton_forecast": 218.66
          },
          {
            "week_start": "2026-04-17T10:13:53Z",
            "avg_days_forecast": 0.26,
            "variance_days_forecast": 0.79,
            "cost_usd_per_ton_forecast": 199.97
          },
          {
            "week_start": "2026-04-24T10:13:53Z",
            "avg_days_forecast": 0.45,
            "variance_days_forecast": 0.79,
            "cost_usd_per_ton_forecast": 212.92
          },
          {
            "week_start": "2026-05-01T10:13:53Z",
            "avg_days_forecast": 0.45,
            "variance_days_forecast": 0.83,
            "cost_usd_per_ton_forecast": 215.77
          }
        ]
      }
    },
    {
      "id": "TEDGE_008",
      "from_node_id": "TNODE_005",
      "to_node_id": "TNODE_004",
      "label": "Outbound from assembly",
      "underlying_segment_ids": [
        "SEG_00385"
      ],
      "mode_mix": [
        "road"
      ],
      "geometry": [
        [
          114.21325236489805,
          22.367710928428856
        ],
        [
          114.20547796378834,
          22.35753439030506
        ],
        [
          114.19770356267863,
          22.34735785218126
        ],
        [
          114.18992916156891,
          22.337181314057467
        ],
        [
          114.1821547604592,
          22.32700477593367
        ],
        [
          114.17438035934948,
          22.316828237809872
        ]
      ],
      "metrics": {
        "avg_days": 0.62,
        "transit_time_variance_days": 0.16,
        "delay_vs_plan_variance_days": 0.09,
        "cost_usd_per_ton": 537.65,
        "time_distribution": {
          "p10": 0.14,
          "p50": 0.62,
          "p90": 1.26
        },
        "forecast_next_12w": [
          {
            "week_start": "2026-02-13T10:13:53Z",
            "avg_days_forecast": 0.74,
            "variance_days_forecast": 0.16,
            "cost_usd_per_ton_forecast": 528.94
          },
          {
            "week_start": "2026-02-20T10:13:53Z",
            "avg_days_forecast": 0.91,
            "variance_days_forecast": 0.16,
            "cost_usd_per_ton_forecast": 525.7
          },
          {
            "week_start": "2026-02-27T10:13:53Z",
            "avg_days_forecast": 1.18,
            "variance_days_forecast": 0.16,
            "cost_usd_per_ton_forecast": 516.36
          },
          {
            "week_start": "2026-03-06T10:13:53Z",
            "avg_days_forecast": 0.68,
            "variance_days_forecast": 0.15,
            "cost_usd_per_ton_forecast": 514.63
          },
          {
            "week_start": "2026-03-13T10:13:53Z",
            "avg_days_forecast": 0.12,
            "variance_days_forecast": 0.15,
            "cost_usd_per_ton_forecast": 542.78
          },
          {
            "week_start": "2026-03-20T10:13:53Z",
            "avg_days_forecast": 1.04,
            "variance_days_forecast": 0.15,
            "cost_usd_per_ton_forecast": 507.95
          },
          {
            "week_start": "2026-03-27T10:13:53Z",
            "avg_days_forecast": 0.47,
            "variance_days_forecast": 0.15,
            "cost_usd_per_ton_forecast": 514.57
          },
          {
            "week_start": "2026-04-03T10:13:53Z",
            "avg_days_forecast": 0.81,
            "variance_days_forecast": 0.16,
            "cost_usd_per_ton_forecast": 520.55
          },
          {
            "week_start": "2026-04-10T10:13:53Z",
            "avg_days_forecast": 0.65,
            "variance_days_forecast": 0.15,
            "cost_usd_per_ton_forecast": 530.63
          },
          {
            "week_start": "2026-04-17T10:13:53Z",
            "avg_days_forecast": 0.4,
            "variance_days_forecast": 0.15,
            "cost_usd_per_ton_forecast": 514.76
          },
          {
            "week_start": "2026-04-24T10:13:53Z",
            "avg_days_forecast": 0.44,
            "variance_days_forecast": 0.16,
            "cost_usd_per_ton_forecast": 536.8
          },
          {
            "week_start": "2026-05-01T10:13:53Z",
            "avg_days_forecast": 0.43,
            "variance_days_forecast": 0.16,
            "cost_usd_per_ton_forecast": 552.13
          }
        ]
      }
    },
    {
      "id": "TEDGE_009",
      "from_node_id": "TNODE_004",
      "to_node_id": "TNODE_006",
      "label": "Main ocean leg",
      "underlying_segment_ids": [
        "SEG_00434",
        "SEG_00435",
        "SEG_00179",
        "SEG_00208",
        "SEG_00205"
      ],
      "mode_mix": [
        "air",
        "road"
      ],
      "geometry": [
        [
          114.17438035934948,
          22.316828237809872
        ],
        [
          114.1600489589728,
          22.30515947475147
        ],
        [
          114.1457175585961,
          22.293490711693067
        ],
        [
          114.13138615821941,
          22.281821948634665
        ],
        [
          114.11705475784272,
          22.270153185576262
        ],
        [
          114.10272335746603,
          22.25848442251786
        ],
        [
          114.12457396242422,
          22.275637090237158
        ],
        [
          114.1464245673824,
          22.292789757956456
        ],
        [
          114.16827517234059,
          22.309942425675757
        ],
        [
          114.19012577729876,
          22.327095093395055
        ],
        [
          114.21197638225695,
          22.344247761114353
        ],
        [
          67.71886191165655,
          24.680113154875464
        ],
        [
          21.225747441056143,
          27.01597854863658
        ],
        [
          -25.26736702954426,
          29.35184394239769
        ],
        [
          -71.76048150014466,
          31.687709336158804
        ],
        [
          -118.25359597074507,
          34.023574729919915
        ],
        [
          -118.25359597074505,
          34.023574729919915
        ],
        [
          -118.27982845961638,
          34.05382481550203
        ],
        [
          -118.30606094848771,
          34.08407490108415
        ],
        [
          -118.33229343735904,
          34.11432498666627
        ],
        [
          -118.35852592623037,
          34.14457507224839
        ],
        [
          -118.3847584151017,
          34.174825157830504
        ],
        [
          -118.36604651697691,
          34.153088662233564
        ],
        [
          -118.34733461885212,
          34.13135216663662
        ],
        [
          -118.32862272072732,
          34.10961567103968
        ],
        [
          -118.30991082260253,
          34.08787917544273
        ],
        [
          -118.29119892447774,
          34.06614267984579
        ]
      ],
      "metrics": {
        "avg_days": 2.57,
        "transit_time_variance_days": 6.42,
        "delay_vs_plan_variance_days": 4.75,
        "cost_usd_per_ton": 3453.17,
        "time_distribution": {
          "p10": 0.1,
          "p50": 2.57,
          "p90": 6.62
        },
        "forecast_next_12w": [
          {
            "week_start": "2026-02-13T10:13:53Z",
            "avg_days_forecast": 2.64,
            "variance_days_forecast": 5.99,
            "cost_usd_per_ton_forecast": 3351.81
          },
          {
            "week_start": "2026-02-20T10:13:53Z",
            "avg_days_forecast": 2.15,
            "variance_days_forecast": 6.17,
            "cost_usd_per_ton_forecast": 3372.95
          },
          {
            "week_start": "2026-02-27T10:13:53Z",
            "avg_days_forecast": 2.9,
            "variance_days_forecast": 6.04,
            "cost_usd_per_ton_forecast": 3339.7
          },
          {
            "week_start": "2026-03-06T10:13:53Z",
            "avg_days_forecast": 2.39,
            "variance_days_forecast": 6.34,
            "cost_usd_per_ton_forecast": 3402.71
          },
          {
            "week_start": "2026-03-13T10:13:53Z",
            "avg_days_forecast": 1.96,
            "variance_days_forecast": 6.03,
            "cost_usd_per_ton_forecast": 3565.08
          },
          {
            "week_start": "2026-03-20T10:13:53Z",
            "avg_days_forecast": 2.74,
            "variance_days_forecast": 5.98,
            "cost_usd_per_ton_forecast": 3450.01
          },
          {
            "week_start": "2026-03-27T10:13:53Z",
            "avg_days_forecast": 2.15,
            "variance_days_forecast": 6.37,
            "cost_usd_per_ton_forecast": 3503.33
          },
          {
            "week_start": "2026-04-03T10:13:53Z",
            "avg_days_forecast": 1.82,
            "variance_days_forecast": 5.95,
            "cost_usd_per_ton_forecast": 3546.05
          },
          {
            "week_start": "2026-04-10T10:13:53Z",
            "avg_days_forecast": 2.39,
            "variance_days_forecast": 6.33,
            "cost_usd_per_ton_forecast": 3419.07
          },
          {
            "week_start": "2026-04-17T10:13:53Z",
            "avg_days_forecast": 2.06,
            "variance_days_forecast": 6.15,
            "cost_usd_per_ton_forecast": 3253.3
          },
          {
            "week_start": "2026-04-24T10:13:53Z",
            "avg_days_forecast": 2.16,
            "variance_days_forecast": 6.24,
            "cost_usd_per_ton_forecast": 3343.98
          },
          {
            "week_start": "2026-05-01T10:13:53Z",
            "avg_days_forecast": 1.76,
            "variance_days_forecast": 6.06,
            "cost_usd_per_ton_forecast": 3469.28
          }
        ]
      }
    },
    {
      "id": "TEDGE_010",
      "from_node_id": "TNODE_006",
      "to_node_id": "TNODE_007",
      "label": "Last mile to DC",
      "underlying_segment_ids": [
        "SEG_00310"
      ],
      "mode_mix": [
        "road"
      ],
      "geometry": [
        [
          -118.29119892447774,
          34.06614267984579
        ],
        [
          -118.2743313106822,
          34.03922052604397
        ],
        [
          -118.25746369688667,
          34.01229837224215
        ],
        [
          -118.24059608309113,
          33.98537621844032
        ],
        [
          -118.22372846929561,
          33.9584540646385
        ],
        [
          -118.20686085550007,
          33.93153191083668
        ]
      ],
      "metrics": {
        "avg_days": 0.28,
        "transit_time_variance_days": 0.6,
        "delay_vs_plan_variance_days": 0.49,
        "cost_usd_per_ton": 638.69,
        "time_distribution": {
          "p10": 0.1,
          "p50": 0.28,
          "p90": 1.52
        },
        "forecast_next_12w": [
          {
            "week_start": "2026-02-13T10:13:53Z",
            "avg_days_forecast": 0.13,
            "variance_days_forecast": 0.61,
            "cost_usd_per_ton_forecast": 636.89
          },
          {
            "week_start": "2026-02-20T10:13:53Z",
            "avg_days_forecast": 0.63,
            "variance_days_forecast": 0.59,
            "cost_usd_per_ton_forecast": 647.09
          },
          {
            "week_start": "2026-02-27T10:13:53Z",
            "avg_days_forecast": 0.34,
            "variance_days_forecast": 0.58,
            "cost_usd_per_ton_forecast": 606.12
          },
          {
            "week_start": "2026-03-06T10:13:53Z",
            "avg_days_forecast": 0.45,
            "variance_days_forecast": 0.56,
            "cost_usd_per_ton_forecast": 642.49
          },
          {
            "week_start": "2026-03-13T10:13:53Z",
            "avg_days_forecast": 0.1,
            "variance_days_forecast": 0.56,
            "cost_usd_per_ton_forecast": 612.13
          },
          {
            "week_start": "2026-03-20T10:13:53Z",
            "avg_days_forecast": 0.3,
            "variance_days_forecast": 0.56,
            "cost_usd_per_ton_forecast": 662.29
          },
          {
            "week_start": "2026-03-27T10:13:53Z",
            "avg_days_forecast": 0.47,
            "variance_days_forecast": 0.56,
            "cost_usd_per_ton_forecast": 654.42
          },
          {
            "week_start": "2026-04-03T10:13:53Z",
            "avg_days_forecast": 0.21,
            "variance_days_forecast": 0.59,
            "cost_usd_per_ton_forecast": 660.85
          },
          {
            "week_start": "2026-04-10T10:13:53Z",
            "avg_days_forecast": 0.1,
            "variance_days_forecast": 0.58,
            "cost_usd_per_ton_forecast": 636.9
          },
          {
            "week_start": "2026-04-17T10:13:53Z",
            "avg_days_forecast": 0.51,
            "variance_days_forecast": 0.55,
            "cost_usd_per_ton_forecast": 604.36
          },
          {
            "week_start": "2026-04-24T10:13:53Z",
            "avg_days_forecast": 0.23,
            "variance_days_forecast": 0.61,
            "cost_usd_per_ton_forecast": 635.15
          },
          {
            "week_start": "2026-05-01T10:13:53Z",
            "avg_days_forecast": 0.38,
            "variance_days_forecast": 0.61,
            "cost_usd_per_ton_forecast": 659.15
          }
        ]
      }
    }
  ]
}