{
  "generated_at": "2026-02-13T10:13:53Z",
  "item": {
    "id": "PRD_MEDICAL_MONITOR_08",
    "type": "product",
    "name": "Medical Monitor Model A2",
    "category": "Medical",
    "unit": "unit",
    "description": "Synthetic product record for Medical Monitor.",
    "active": true
  },
  "tree_type": "product_supply_chain",
  "metric_options": [
    {
      "id": "avg_days",
      "label": "Avg days (historical)"
    },
    {
      "id": "transit_time_variance_days",
      "label": "Variance of transit time"
    },
    {
      "id": "delay_vs_plan_variance_days",
      "label": "Variance of delay vs plan"
    }
  ],
  "nodes": [
    {
      "id": "TNODE_001",
      "entity_id": "FCT_SHA_11",
      "name": "Shanghai Plant 11",
      "node_type": "supplier_factory",
      "lat": 31.34553121065869,
      "lon": 121.52372320286568,
      "metrics": {
        "dwell_avg_days": 0.87,
        "transit_time_variance_days": 1.36,
        "delay_vs_plan_variance_days": 0.93,
        "handling_cost_usd": 1598.93,
        "dwell_forecast_next_12w": [
          {
            "week_start": "2026-02-13T10:13:53Z",
            "dwell_days_forecast": 0.87
          },
          {
            "week_start": "2026-02-20T10:13:53Z",
            "dwell_days_forecast": 0.63
          },
          {
            "week_start": "2026-02-27T10:13:53Z",
            "dwell_days_forecast": 0.84
          },
          {
            "week_start": "2026-03-06T10:13:53Z",
            "dwell_days_forecast": 0.79
          },
          {
            "week_start": "2026-03-13T10:13:53Z",
            "dwell_days_forecast": 0.77
          },
          {
            "week_start": "2026-03-20T10:13:53Z",
            "dwell_days_forecast": 0.89
          },
          {
            "week_start": "2026-03-27T10:13:53Z",
            "dwell_days_forecast": 0.78
          },
          {
            "week_start": "2026-04-03T10:13:53Z",
            "dwell_days_forecast": 0.68
          },
          {
            "week_start": "2026-04-10T10:13:53Z",
            "dwell_days_forecast": 0.79
          },
          {
            "week_start": "2026-04-17T10:13:53Z",
            "dwell_days_forecast": 0.84
          },
          {
            "week_start": "2026-04-24T10:13:53Z",
            "dwell_days_forecast": 0.76
          },
          {
            "week_start": "2026-05-01T10:13:53Z",
            "dwell_days_forecast": 0.77
          }
        ]
      }
    },
    {
      "id": "TNODE_002",
      "entity_id": "PRT_SHA",
      "name": "Port of Shanghai",
      "node_type": "export_port",
      "lat": 31.27893213789438,
      "lon": 121.5043774804797,
      "metrics": {
        "dwell_avg_days": 0.27,
        "transit_time_variance_days": 0.05,
        "delay_vs_plan_variance_days": 0.05,
        "handling_cost_usd": 2213.19,
        "dwell_forecast_next_12w": [
          {
            "week_start": "2026-02-13T10:13:53Z",
            "dwell_days_forecast": 0.05
          },
          {
            "week_start": "2026-02-20T10:13:53Z",
            "dwell_days_forecast": 0.13
          },
          {
            "week_start": "2026-02-27T10:13:53Z",
            "dwell_days_forecast": 0.3
          },
          {
            "week_start": "2026-03-06T10:13:53Z",
            "dwell_days_forecast": 0.28
          },
          {
            "week_start": "2026-03-13T10:13:53Z",
            "dwell_days_forecast": 0.1
          },
          {
            "week_start": "2026-03-20T10:13:53Z",
            "dwell_days_forecast": 0.05
          },
          {
            "week_start": "2026-03-27T10:13:53Z",
            "dwell_days_forecast": 0.05
          },
          {
            "week_start": "2026-04-03T10:13:53Z",
            "dwell_days_forecast": 0.28
          },
          {
            "week_start": "2026-04-10T10:13:53Z",
            "dwell_days_forecast": 0.32
          },
          {
            "week_start": "2026-04-17T10:13:53Z",
            "dwell_days_forecast": 0.23
          },
          {
            "week_start": "2026-04-24T10:13:53Z",
            "dwell_days_forecast": 0.07
          },
          {
            "week_start": "2026-05-01T10:13:53Z",
            "dwell_days_forecast": 0.24
          }
        ]
      }
    },
    {
      "id": "TNODE_003",
      "entity_id": "FCT_TOK_09",
      "name": "Tokyo Plant 09",
      "node_type": "supplier_factory",
      "lat": 35.63960702906401,
      "lon": 139.72604845431388,
      "metrics": {
        "dwell_avg_days": 3.17,
        "transit_time_variance_days": 1.15,
        "delay_vs_plan_variance_days": 0.9,
        "handling_cost_usd": 7121.05,
        "dwell_forecast_next_12w": [
          {
            "week_start": "2026-02-13T10:13:53Z",
            "dwell_days_forecast": 3.31
          },
          {
            "week_start": "2026-02-20T10:13:53Z",
            "dwell_days_forecast": 3.24
          },
          {
            "week_start": "2026-02-27T10:13:53Z",
            "dwell_days_forecast": 3.36
          },
          {
            "week_start": "2026-03-06T10:13:53Z",
            "dwell_days_forecast": 3.29
          },
          {
            "week_start": "2026-03-13T10:13:53Z",
            "dwell_days_forecast": 3.46
          },
          {
            "week_start": "2026-03-20T10:13:53Z",
            "dwell_days_forecast": 3.23
          },
          {
            "week_start": "2026-03-27T10:13:53Z",
            "dwell_days_forecast": 3.13
          },
          {
            "week_start": "2026-04-03T10:13:53Z",
            "dwell_days_forecast": 3.21
          },
          {
            "week_start": "2026-04-10T10:13:53Z",
            "dwell_days_forecast": 3.01
          },
          {
            "week_start": "2026-04-17T10:13:53Z",
            "dwell_days_forecast": 3.36
          },
          {
            "week_start": "2026-04-24T10:13:53Z",
            "dwell_days_forecast": 2.99
          },
          {
            "week_start": "2026-05-01T10:13:53Z",
            "dwell_days_forecast": 2.89
          }
        ]
      }
    },
    {
      "id": "TNODE_004",
      "entity_id": "PRT_TOK",
      "name": "Port of Tokyo",
      "node_type": "export_port",
      "lat": 35.70172651966358,
      "lon": 139.66928676320995,
      "metrics": {
        "dwell_avg_days": 0.7,
        "transit_time_variance_days": 1.82,
        "delay_vs_plan_variance_days": 1.13,
        "handling_cost_usd": 1190.48,
        "dwell_forecast_next_12w": [
          {
            "week_start": "2026-02-13T10:13:53Z",
            "dwell_days_forecast": 0.73
          },
          {
            "week_start": "2026-02-20T10:13:53Z",
            "dwell_days_forecast": 0.72
          },
          {
            "week_start": "2026-02-27T10:13:53Z",
            "dwell_days_forecast": 1.04
          },
          {
            "week_start": "2026-03-06T10:13:53Z",
            "dwell_days_forecast": 0.67
          },
          {
            "week_start": "2026-03-13T10:13:53Z",
            "dwell_days_forecast": 0.53
          },
          {
            "week_start": "2026-03-20T10:13:53Z",
            "dwell_days_forecast": 0.83
          },
          {
            "week_start": "2026-03-27T10:13:53Z",
            "dwell_days_forecast": 0.59
          },
          {
            "week_start": "2026-04-03T10:13:53Z",
            "dwell_days_forecast": 0.61
          },
          {
            "week_start": "2026-04-10T10:13:53Z",
            "dwell_days_forecast": 0.46
          },
          {
            "week_start": "2026-04-17T10:13:53Z",
            "dwell_days_forecast": 0.71
          },
          {
            "week_start": "2026-04-24T10:13:53Z",
            "dwell_days_forecast": 0.8
          },
          {
            "week_start": "2026-05-01T10:13:53Z",
            "dwell_days_forecast": 0.66
          }
        ]
      }
    },
    {
      "id": "TNODE_005",
      "entity_id": "FCT_HON_07",
      "name": "Hong Kong Plant 07",
      "node_type": "supplier_factory",
      "lat": 22.367710928428856,
      "lon": 114.21325236489805,
      "metrics": {
        "dwell_avg_days": 1.81,
        "transit_time_variance_days": 0.17,
        "delay_vs_plan_variance_days": 0.12,
        "handling_cost_usd": 6590.89,
        "dwell_forecast_next_12w": [
          {
            "week_start": "2026-02-13T10:13:53Z",
            "dwell_days_forecast": 1.77
          },
          {
            "week_start": "2026-02-20T10:13:53Z",
            "dwell_days_forecast": 1.79
          },
          {
            "week_start": "2026-02-27T10:13:53Z",
            "dwell_days_forecast": 1.51
          },
          {
            "week_start": "2026-03-06T10:13:53Z",
            "dwell_days_forecast": 1.83
          },
          {
            "week_start": "2026-03-13T10:13:53Z",
            "dwell_days_forecast": 1.78
          },
          {
            "week_start": "2026-03-20T10:13:53Z",
            "dwell_days_forecast": 1.67
          },
          {
            "week_start": "2026-03-27T10:13:53Z",
            "dwell_days_forecast": 1.81
          },
          {
            "week_start": "2026-04-03T10:13:53Z",
            "dwell_days_forecast": 1.47
          },
          {
            "week_start": "2026-04-10T10:13:53Z",
            "dwell_days_forecast": 1.62
          },
          {
            "week_start": "2026-04-17T10:13:53Z",
            "dwell_days_forecast": 1.66
          },
          {
            "week_start": "2026-04-24T10:13:53Z",
            "dwell_days_forecast": 1.65
          },
          {
            "week_start": "2026-05-01T10:13:53Z",
            "dwell_days_forecast": 1.64
          }
        ]
      }
    },
    {
      "id": "TNODE_006",
      "entity_id": "PRT_HON",
      "name": "Port of Hong Kong",
      "node_type": "export_port",
      "lat": 22.316828237809872,
      "lon": 114.17438035934948,
      "metrics": {
        "dwell_avg_days": 1.04,
        "transit_time_variance_days": 1.55,
        "delay_vs_plan_variance_days": 1.22,
        "handling_cost_usd": 7540.02,
        "dwell_forecast_next_12w": [
          {
            "week_start": "2026-02-13T10:13:53Z",
            "dwell_days_forecast": 1.18
          },
          {
            "week_start": "2026-02-20T10:13:53Z",
            "dwell_days_forecast": 1.21
          },
          {
            "week_start": "2026-02-27T10:13:53Z",
            "dwell_days_forecast": 0.9
          },
          {
            "week_start": "2026-03-06T10:13:53Z",
            "dwell_days_forecast": 1.06
          },
          {
            "week_start": "2026-03-13T10:13:53Z",
            "dwell_days_forecast": 0.82
          },
          {
            "week_start": "2026-03-20T10:13:53Z",
            "dwell_days_forecast": 1.19
          },
          {
            "week_start": "2026-03-27T10:13:53Z",
            "dwell_days_forecast": 0.42
          },
          {
            "week_start": "2026-04-03T10:13:53Z",
            "dwell_days_forecast": 0.49
          },
          {
            "week_start": "2026-04-10T10:13:53Z",
            "dwell_days_forecast": 1.02
          },
          {
            "week_start": "2026-04-17T10:13:53Z",
            "dwell_days_forecast": 1.05
          },
          {
            "week_start": "2026-04-24T10:13:53Z",
            "dwell_days_forecast": 1.19
          },
          {
            "week_start": "2026-05-01T10:13:53Z",
            "dwell_days_forecast": 1.1
          }
        ]
      }
    },
    {
      "id": "TNODE_007",
      "entity_id": "PRT_ANT",
      "name": "Port of Antwerp",
      "node_type": "export_port",
      "lat": 51.19609778220491,
      "lon": 4.446165458771249,
      "metrics": {
        "dwell_avg_days": 0.93,
        "transit_time_variance_days": 1.15,
        "delay_vs_plan_variance_days": 0.67,
        "handling_cost_usd": 3295.06,
        "dwell_forecast_next_12w": [
          {
            "week_start": "2026-02-13T10:13:53Z",
            "dwell_days_forecast": 1.04
          },
          {
            "week_start": "2026-02-20T10:13:53Z",
            "dwell_days_forecast": 1.18
          },
          {
            "week_start": "2026-02-27T10:13:53Z",
            "dwell_days_forecast": 0.77
          },
          {
            "week_start": "2026-03-06T10:13:53Z",
            "dwell_days_forecast": 0.75
          },
          {
            "week_start": "2026-03-13T10:13:53Z",
            "dwell_days_forecast": 0.93
          },
          {
            "week_start": "2026-03-20T10:13:53Z",
            "dwell_days_forecast": 1.02
          },
          {
            "week_start": "2026-03-27T10:13:53Z",
            "dwell_days_forecast": 0.74
          },
          {
            "week_start": "2026-04-03T10:13:53Z",
            "dwell_days_forecast": 0.94
          },
          {
            "week_start": "2026-04-10T10:13:53Z",
            "dwell_days_forecast": 0.75
          },
          {
            "week_start": "2026-04-17T10:13:53Z",
            "dwell_days_forecast": 0.83
          },
          {
            "week_start": "2026-04-24T10:13:53Z",
            "dwell_days_forecast": 0.9
          },
          {
            "week_start": "2026-05-01T10:13:53Z",
            "dwell_days_forecast": 1.04
          }
        ]
      }
    },
    {
      "id": "TNODE_008",
      "entity_id": "FCT_ANT_18",
      "name": "Antwerp Plant 18",
      "node_type": "assembly_factory",
      "lat": 51.38582911517071,
      "lon": 4.27509565888925,
      "metrics": {
        "dwell_avg_days": 0.1,
        "transit_time_variance_days": 0.68,
        "delay_vs_plan_variance_days": 0.44,
        "handling_cost_usd": 999.94,
        "dwell_forecast_next_12w": [
          {
            "week_start": "2026-02-13T10:13:53Z",
            "dwell_days_forecast": 0.05
          },
          {
            "week_start": "2026-02-20T10:13:53Z",
            "dwell_days_forecast": 0.31
          },
          {
            "week_start": "2026-02-27T10:13:53Z",
            "dwell_days_forecast": 0.09
          },
          {
            "week_start": "2026-03-06T10:13:53Z",
            "dwell_days_forecast": 0.15
          },
          {
            "week_start": "2026-03-13T10:13:53Z",
            "dwell_days_forecast": 0.05
          },
          {
            "week_start": "2026-03-20T10:13:53Z",
            "dwell_days_forecast": 0.11
          },
          {
            "week_start": "2026-03-27T10:13:53Z",
            "dwell_days_forecast": 0.05
          },
          {
            "week_start": "2026-04-03T10:13:53Z",
            "dwell_days_forecast": 0.05
          },
          {
            "week_start": "2026-04-10T10:13:53Z",
            "dwell_days_forecast": 0.13
          },
          {
            "week_start": "2026-04-17T10:13:53Z",
            "dwell_days_forecast": 0.05
          },
          {
            "week_start": "2026-04-24T10:13:53Z",
            "dwell_days_forecast": 0.35
          },
          {
            "week_start": "2026-05-01T10:13:53Z",
            "dwell_days_forecast": 0.17
          }
        ]
      }
    },
    {
      "id": "TNODE_009",
      "entity_id": "WH_ANT_29",
      "name": "Antwerp DC 29",
      "node_type": "distribution_warehouse",
      "lat": 51.14003307419507,
      "lon": 4.4762036156666625,
      "metrics": {
        "dwell_avg_days": 0.1,
        "transit_time_variance_days": 1.33,
        "delay_vs_plan_variance_days": 0.69,
        "handling_cost_usd": 6961.83,
        "dwell_forecast_next_12w": [
          {
            "week_start": "2026-02-13T10:13:53Z",
            "dwell_days_forecast": 0.18
          },
          {
            "week_start": "2026-02-20T10:13:53Z",
            "dwell_days_forecast": 0.18
          },
          {
            "week_start": "2026-02-27T10:13:53Z",
            "dwell_days_forecast": 0.22
          },
          {
            "week_start": "2026-03-06T10:13:53Z",
            "dwell_days_forecast": 0.18
          },
          {
            "week_start": "2026-03-13T10:13:53Z",
            "dwell_days_forecast": 0.05
          },
          {
            "week_start": "2026-03-20T10:13:53Z",
            "dwell_days_forecast": 0.08
          },
          {
            "week_start": "2026-03-27T10:13:53Z",
            "dwell_days_forecast": 0.06
          },
          {
            "week_start": "2026-04-03T10:13:53Z",
            "dwell_days_forecast": 0.15
          },
          {
            "week_start": "2026-04-10T10:13:53Z",
            "dwell_days_forecast": 0.1
          },
          {
            "week_start": "2026-04-17T10:13:53Z",
            "dwell_days_forecast": 0.37
          },
          {
            "week_start": "2026-04-24T10:13:53Z",
            "dwell_days_forecast": 0.26
          },
          {
            "week_start": "2026-05-01T10:13:53Z",
            "dwell_days_forecast": 0.05
          }
        ]
      }
    }
  ],
  "edges": [
    {
      "id": "TEDGE_001",
      "from_node_id": "TNODE_001",
      "to_node_id": "TNODE_002",
      "label": "Supplier pickup",
      "underlying_segment_ids": [
        "SEG_00401"
      ],
      "mode_mix": [
        "road"
      ],
      "geometry": [
        [
          121.52372320286568,
          31.34553121065869
        ],
        [
          121.51985405838849,
          31.33221139610583
        ],
        [
          121.5159849139113,
          31.31889158155297
        ],
        [
          121.51211576943409,
          31.305571767000103
        ],
        [
          121.5082466249569,
          31.29225195244724
        ],
        [
          121.5043774804797,
          31.27893213789438
        ]
      ],
      "metrics": {
        "avg_days": 0.34,
        "transit_time_variance_days": 1.68,
        "delay_vs_plan_variance_days": 1.47,
        "cost_usd_per_ton": 670.09,
        "time_distribution": {
          "p10": 0.1,
          "p50": 0.34,
          "p90": 2.41
        },
        "forecast_next_12w": [
          {
            "week_start": "2026-02-13T10:13:53Z",
            "avg_days_forecast": 0.2,
            "variance_days_forecast": 1.62,
            "cost_usd_per_ton_forecast": 687.57
          },
          {
            "week_start": "2026-02-20T10:13:53Z",
            "avg_days_forecast": 0.59,
            "variance_days_forecast": 1.65,
            "cost_usd_per_ton_forecast": 682.43
          },
          {
            "week_start": "2026-02-27T10:13:53Z",
            "avg_days_forecast": 0.44,
            "variance_days_forecast": 1.53,
            "cost_usd_per_ton_forecast": 692.07
          },
          {
            "week_start": "2026-03-06T10:13:53Z",
            "avg_days_forecast": 0.7,
            "variance_days_forecast": 1.62,
            "cost_usd_per_ton_forecast": 667.07
          },
          {
            "week_start": "2026-03-13T10:13:53Z",
            "avg_days_forecast": 0.62,
            "variance_days_forecast": 1.58,
            "cost_usd_per_ton_forecast": 678.02
          },
          {
            "week_start": "2026-03-20T10:13:53Z",
            "avg_days_forecast": 0.3,
            "variance_days_forecast": 1.68,
            "cost_usd_per_ton_forecast": 682.47
          },
          {
            "week_start": "2026-03-27T10:13:53Z",
            "avg_days_forecast": 0.22,
            "variance_days_forecast": 1.66,
            "cost_usd_per_ton_forecast": 659.2
          },
          {
            "week_start": "2026-04-03T10:13:53Z",
            "avg_days_forecast": 0.21,
            "variance_days_forecast": 1.6,
            "cost_usd_per_ton_forecast": 681.17
          },
          {
            "week_start": "2026-04-10T10:13:53Z",
            "avg_days_forecast": 0.17,
            "variance_days_forecast": 1.59,
            "cost_usd_per_ton_forecast": 631.71
          },
          {
            "week_start": "2026-04-17T10:13:53Z",
            "avg_days_forecast": 0.22,
            "variance_days_forecast": 1.66,
            "cost_usd_per_ton_forecast": 658.22
          },
          {
            "week_start": "2026-04-24T10:13:53Z",
            "avg_days_forecast": 0.43,
            "variance_days_forecast": 1.53,
            "cost_usd_per_ton_forecast": 653.62
          },
          {
            "week_start": "2026-05-01T10:13:53Z",
            "avg_days_forecast": 0.65,
            "variance_days_forecast": 1.63,
            "cost_usd_per_ton_forecast": 631.97
          }
        ]
      }
    },
    {
      "id": "TEDGE_002",
      "from_node_id": "TNODE_002",
      "to_node_id": "TNODE_007",
      "label": "Move to export port",
      "underlying_segment_ids": [
        "SEG_00402",
        "SEG_00403",
        "SEG_00148",
        "SEG_00364",
        "SEG_00361"
      ],
      "mode_mix": [
        "air",
        "road"
      ],
      "geometry": [
        [
          121.5043774804797,
          31.27893213789438
        ],
        [
          121.5082466249569,
          31.29225195244724
        ],
        [
          121.51211576943409,
          31.305571767000103
        ],
        [
          121.5159849139113,
          31.31889158155297
        ],
        [
          121.51985405838849,
          31.33221139610583
        ],
        [
          121.52372320286568,
          31.34553121065869
        ],
        [
          121.51964100839031,
          31.330484598301805
        ],
        [
          121.51555881391494,
          31.315437985944918
        ],
        [
          121.51147661943955,
          31.30039137358803
        ],
        [
          121.50739442496418,
          31.285344761231144
        ],
        [
          121.5033122304888,
          31.270298148874257
        ],
        [
          98.10057741459768,
          35.40300890217007
        ],
        [
          74.69784259870656,
          39.53571965546589
        ],
        [
          51.29510778281545,
          43.66843040876171
        ],
        [
          27.892372966924313,
          47.801141162057526
        ],
        [
          4.489638151033205,
          51.933851915353344
        ],
        [
          4.48963815103321,
          51.933851915353344
        ],
        [
          4.4880039122593836,
          51.79523024962656
        ],
        [
          4.486369673485557,
          51.65660858389978
        ],
        [
          4.484735434711731,
          51.51798691817301
        ],
        [
          4.483101195937905,
          51.37936525244623
        ],
        [
          4.481466957164078,
          51.24074358671945
        ],
        [
          4.474406657485512,
          51.23181442581654
        ],
        [
          4.467346357806947,
          51.22288526491363
        ],
        [
          4.46028605812838,
          51.21395610401073
        ],
        [
          4.453225758449815,
          51.20502694310782
        ],
        [
          4.446165458771249,
          51.19609778220491
        ]
      ],
      "metrics": {
        "avg_days": 2.47,
        "transit_time_variance_days": 7.34,
        "delay_vs_plan_variance_days": 4.62,
        "cost_usd_per_ton": 4928.8,
        "time_distribution": {
          "p10": 0.1,
          "p50": 2.47,
          "p90": 6.8
        },
        "forecast_next_12w": [
          {
            "week_start": "2026-02-13T10:13:53Z",
            "avg_days_forecast": 2.59,
            "variance_days_forecast": 6.97,
            "cost_usd_per_ton_forecast": 5022.37
          },
          {
            "week_start": "2026-02-20T10:13:53Z",
            "avg_days_forecast": 2.16,
            "variance_days_forecast": 7.14,
            "cost_usd_per_ton_forecast": 5029.86
          },
          {
            "week_start": "2026-02-27T10:13:53Z",
            "avg_days_forecast": 2.51,
            "variance_days_forecast": 6.81,
            "cost_usd_per_ton_forecast": 4960.17
          },
          {
            "week_start": "2026-03-06T10:13:53Z",
            "avg_days_forecast": 2.15,
            "variance_days_forecast": 7.31,
            "cost_usd_per_ton_forecast": 4918.85
          },
          {
            "week_start": "2026-03-13T10:13:53Z",
            "avg_days_forecast": 2.24,
            "variance_days_forecast": 7.01,
            "cost_usd_per_ton_forecast": 5090.91
          },
          {
            "week_start": "2026-03-20T10:13:53Z",
            "avg_days_forecast": 1.98,
            "variance_days_forecast": 7.26,
            "cost_usd_per_ton_forecast": 5073.73
          },
          {
            "week_start": "2026-03-27T10:13:53Z",
            "avg_days_forecast": 2.57,
            "variance_days_forecast": 7.42,
            "cost_usd_per_ton_forecast": 4902.46
          },
          {
            "week_start": "2026-04-03T10:13:53Z",
            "avg_days_forecast": 2.3,
            "variance_days_forecast": 7.54,
            "cost_usd_per_ton_forecast": 4741.59
          },
          {
            "week_start": "2026-04-10T10:13:53Z",
            "avg_days_forecast": 2.15,
            "variance_days_forecast": 6.74,
            "cost_usd_per_ton_forecast": 5001.72
          },
          {
            "week_start": "2026-04-17T10:13:53Z",
            "avg_days_forecast": 2.3,
            "variance_days_forecast": 7.55,
            "cost_usd_per_ton_forecast": 4796.73
          },
          {
            "week_start": "2026-04-24T10:13:53Z",
            "avg_days_forecast": 2.01,
            "variance_days_forecast": 7.42,
            "cost_usd_per_ton_forecast": 4786.92
          },
          {
            "week_start": "2026-05-01T10:13:53Z",
            "avg_days_forecast": 2.03,
            "variance_days_forecast": 6.71,
            "cost_usd_per_ton_forecast": 4733.78
          }
        ]
      }
    },
    {
      "id": "TEDGE_003",
      "from_node_id": "TNODE_003",
      "to_node_id": "TNODE_004",
      "label": "Supplier pickup",
      "underlying_segment_ids": [
        "SEG_00393"
      ],
      "mode_mix": [
        "road"
      ],
      "geometry": [
        [
          139.72604845431388,
          35.63960702906401
        ],
        [
          139.7146961160931,
          35.65203092718392
        ],
        [
          139.7033437778723,
          35.664454825303835
        ],
        [
          139.69199143965153,
          35.676878723423755
        ],
        [
          139.68063910143073,
          35.68930262154367
        ],
        [
          139.66928676320995,
          35.70172651966358
        ]
      ],
      "metrics": {
        "avg_days": 0.76,
        "transit_time_variance_days": 1.02,
        "delay_vs_plan_variance_days": 0.76,
        "cost_usd_per_ton": 766.59,
        "time_distribution": {
          "p10": 0.1,
          "p50": 0.76,
          "p90": 2.38
        },
        "forecast_next_12w": [
          {
            "week_start": "2026-02-13T10:13:53Z",
            "avg_days_forecast": 0.5,
            "variance_days_forecast": 1.03,
            "cost_usd_per_ton_forecast": 786.44
          },
          {
            "week_start": "2026-02-20T10:13:53Z",
            "avg_days_forecast": 0.68,
            "variance_days_forecast": 0.92,
            "cost_usd_per_ton_forecast": 758.9
          },
          {
            "week_start": "2026-02-27T10:13:53Z",
            "avg_days_forecast": 0.85,
            "variance_days_forecast": 1.04,
            "cost_usd_per_ton_forecast": 760.61
          },
          {
            "week_start": "2026-03-06T10:13:53Z",
            "avg_days_forecast": 0.51,
            "variance_days_forecast": 1.01,
            "cost_usd_per_ton_forecast": 760.03
          },
          {
            "week_start": "2026-03-13T10:13:53Z",
            "avg_days_forecast": 0.86,
            "variance_days_forecast": 0.99,
            "cost_usd_per_ton_forecast": 781.17
          },
          {
            "week_start": "2026-03-20T10:13:53Z",
            "avg_days_forecast": 0.29,
            "variance_days_forecast": 0.97,
            "cost_usd_per_ton_forecast": 794.09
          },
          {
            "week_start": "2026-03-27T10:13:53Z",
            "avg_days_forecast": 0.61,
            "variance_days_forecast": 1.02,
            "cost_usd_per_ton_forecast": 727.47
          },
          {
            "week_start": "2026-04-03T10:13:53Z",
            "avg_days_forecast": 0.49,
            "variance_days_forecast": 1.01,
            "cost_usd_per_ton_forecast": 734.09
          },
          {
            "week_start": "2026-04-10T10:13:53Z",
            "avg_days_forecast": 0.64,
            "variance_days_forecast": 0.93,
            "cost_usd_per_ton_forecast": 747.85
          },
          {
            "week_start": "2026-04-17T10:13:53Z",
            "avg_days_forecast": 0.49,
            "variance_days_forecast": 0.99,
            "cost_usd_per_ton_forecast": 786.39
          },
          {
            "week_start": "2026-04-24T10:13:53Z",
            "avg_days_forecast": 0.56,
            "variance_days_forecast": 1.03,
            "cost_usd_per_ton_forecast": 767.56
          },
          {
            "week_start": "2026-05-01T10:13:53Z",
            "avg_days_forecast": 0.55,
            "variance_days_forecast": 1.04,
            "cost_usd_per_ton_forecast": 722.35
          }
        ]
      }
    },
    {
      "id": "TEDGE_004",
      "from_node_id": "TNODE_004",
      "to_node_id": "TNODE_007",
      "label": "Move to export port",
      "underlying_segment_ids": [
        "SEG_00370",
        "SEG_00371",
        "SEG_00128",
        "SEG_00148",
        "SEG_00364",
        "SEG_00361"
      ],
      "mode_mix": [
        "air",
        "road"
      ],
      "geometry": [
        [
          139.66928676320995,
          35.70172651966358
        ],
        [
          139.6637077455492,
          35.731906303472314
        ],
        [
          139.65812872788848,
          35.76208608728105
        ],
        [
          139.65254971022773,
          35.792265871089775
        ],
        [
          139.646970692567,
          35.82244565489851
        ],
        [
          139.64139167490626,
          35.85262543870724
        ],
        [
          139.65080166401827,
          35.823555785364604
        ],
        [
          139.6602116531303,
          35.794486132021966
        ],
        [
          139.66962164224228,
          35.76541647867932
        ],
        [
          139.6790316313543,
          35.73634682533668
        ],
        [
          139.6884416204663,
          35.70727717199404
        ],
        [
          136.0514157424708,
          34.81988136737009
        ],
        [
          132.4143898644753,
          33.93248556274613
        ],
        [
          128.7773639864798,
          33.045089758122174
        ],
        [
          125.1403381084843,
          32.15769395349822
        ],
        [
          121.5033122304888,
          31.270298148874257
        ],
        [
          98.10057741459768,
          35.40300890217007
        ],
        [
          74.69784259870656,
          39.53571965546589
        ],
        [
          51.29510778281545,
          43.66843040876171
        ],
        [
          27.892372966924313,
          47.801141162057526
        ],
        [
          4.489638151033205,
          51.933851915353344
        ],
        [
          4.48963815103321,
          51.933851915353344
        ],
        [
          4.4880039122593836,
          51.79523024962656
        ],
        [
          4.486369673485557,
          51.65660858389978
        ],
        [
          4.484735434711731,
          51.51798691817301
        ],
        [
          4.483101195937905,
          51.37936525244623
        ],
        [
          4.481466957164078,
          51.24074358671945
        ],
        [
          4.474406657485512,
          51.23181442581654
        ],
        [
          4.467346357806947,
          51.22288526491363
        ],
        [
          4.46028605812838,
          51.21395610401073
        ],
        [
          4.453225758449815,
          51.20502694310782
        ],
        [
          4.446165458771249,
          51.19609778220491
        ]
      ],
      "metrics": {
        "avg_days": 3.35,
        "transit_time_variance_days": 7.53,
        "delay_vs_plan_variance_days": 5.09,
        "cost_usd_per_ton": 6791.9,
        "time_distribution": {
          "p10": 0.1,
          "p50": 3.35,
          "p90": 7.74
        },
        "forecast_next_12w": [
          {
            "week_start": "2026-02-13T10:13:53Z",
            "avg_days_forecast": 3.68,
            "variance_days_forecast": 7.18,
            "cost_usd_per_ton_forecast": 6566.16
          },
          {
            "week_start": "2026-02-20T10:13:53Z",
            "avg_days_forecast": 2.9,
            "variance_days_forecast": 7.33,
            "cost_usd_per_ton_forecast": 6498.68
          },
          {
            "week_start": "2026-02-27T10:13:53Z",
            "avg_days_forecast": 3.01,
            "variance_days_forecast": 6.95,
            "cost_usd_per_ton_forecast": 6771.21
          },
          {
            "week_start": "2026-03-06T10:13:53Z",
            "avg_days_forecast": 3.28,
            "variance_days_forecast": 6.94,
            "cost_usd_per_ton_forecast": 6767.8
          },
          {
            "week_start": "2026-03-13T10:13:53Z",
            "avg_days_forecast": 3.13,
            "variance_days_forecast": 7.37,
            "cost_usd_per_ton_forecast": 7034.86
          },
          {
            "week_start": "2026-03-20T10:13:53Z",
            "avg_days_forecast": 3.26,
            "variance_days_forecast": 7.09,
            "cost_usd_per_ton_forecast": 6693.21
          },
          {
            "week_start": "2026-03-27T10:13:53Z",
            "avg_days_forecast": 2.86,
            "variance_days_forecast": 7.74,
            "cost_usd_per_ton_forecast": 7056.77
          },
          {
            "week_start": "2026-04-03T10:13:53Z",
            "avg_days_forecast": 3.03,
            "variance_days_forecast": 7.0,
            "cost_usd_per_ton_forecast": 6709.93
          },
          {
            "week_start": "2026-04-10T10:13:53Z",
            "avg_days_forecast": 3.0,
            "variance_days_forecast": 7.64,
            "cost_usd_per_ton_forecast": 6798.67
          },
          {
            "week_start": "2026-04-17T10:13:53Z",
            "avg_days_forecast": 2.71,
            "variance_days_forecast": 7.21,
            "cost_usd_per_ton_forecast": 6641.8
          },
          {
            "week_start": "2026-04-24T10:13:53Z",
            "avg_days_forecast": 3.02,
            "variance_days_forecast": 7.6,
            "cost_usd_per_ton_forecast": 6940.48
          },
          {
            "week_start": "2026-05-01T10:13:53Z",
            "avg_days_forecast": 2.92,
            "variance_days_forecast": 7.72,
            "cost_usd_per_ton_forecast": 6702.51
          }
        ]
      }
    },
    {
      "id": "TEDGE_005",
      "from_node_id": "TNODE_005",
      "to_node_id": "TNODE_006",
      "label": "Supplier pickup",
      "underlying_segment_ids": [
        "SEG_00385"
      ],
      "mode_mix": [
        "road"
      ],
      "geometry": [
        [
          114.21325236489805,
          22.367710928428856
        ],
        [
          114.20547796378834,
          22.35753439030506
        ],
        [
          114.19770356267863,
          22.34735785218126
        ],
        [
          114.18992916156891,
          22.337181314057467
        ],
        [
          114.1821547604592,
          22.32700477593367
        ],
        [
          114.17438035934948,
          22.316828237809872
        ]
      ],
      "metrics": {
        "avg_days": 0.62,
        "transit_time_variance_days": 0.16,
        "delay_vs_plan_variance_days": 0.09,
        "cost_usd_per_ton": 537.65,
        "time_distribution": {
          "p10": 0.14,
          "p50": 0.62,
          "p90": 1.26
        },
        "forecast_next_12w": [
          {
            "week_start": "2026-02-13T10:13:53Z",
            "avg_days_forecast": 0.43,
            "variance_days_forecast": 0.16,
            "cost_usd_per_ton_forecast": 514.19
          },
          {
            "week_start": "2026-02-20T10:13:53Z",
            "avg_days_forecast": 0.57,
            "variance_days_forecast": 0.16,
            "cost_usd_per_ton_forecast": 525.77
          },
          {
            "week_start": "2026-02-27T10:13:53Z",
            "avg_days_forecast": 0.89,
            "variance_days_forecast": 0.16,
            "cost_usd_per_ton_forecast": 550.81
          },
          {
            "week_start": "2026-03-06T10:13:53Z",
            "avg_days_forecast": 0.46,
            "variance_days_forecast": 0.14,
            "cost_usd_per_ton_forecast": 506.41
          },
          {
            "week_start": "2026-03-13T10:13:53Z",
            "avg_days_forecast": 0.52,
            "variance_days_forecast": 0.15,
            "cost_usd_per_ton_forecast": 513.47
          },
          {
            "week_start": "2026-03-20T10:13:53Z",
            "avg_days_forecast": 0.96,
            "variance_days_forecast": 0.16,
            "cost_usd_per_ton_forecast": 550.41
          },
          {
            "week_start": "2026-03-27T10:13:53Z",
            "avg_days_forecast": 0.45,
            "variance_days_forecast": 0.16,
            "cost_usd_per_ton_forecast": 536.29
          },
          {
            "week_start": "2026-04-03T10:13:53Z",
            "avg_days_forecast": 0.54,
            "variance_days_forecast": 0.16,
            "cost_usd_per_ton_forecast": 531.19
          },
          {
            "week_start": "2026-04-10T10:13:53Z",
            "avg_days_forecast": 0.53,
            "variance_days_forecast": 0.15,
            "cost_usd_per_ton_forecast": 534.93
          },
          {
            "week_start": "2026-04-17T10:13:53Z",
            "avg_days_forecast": 0.83,
            "variance_days_forecast": 0.15,
            "cost_usd_per_ton_forecast": 529.74
          },
          {
            "week_start": "2026-04-24T10:13:53Z",
            "avg_days_forecast": 0.86,
            "variance_days_forecast": 0.16,
            "cost_usd_per_ton_forecast": 520.85
          },
          {
            "week_start": "2026-05-01T10:13:53Z",
            "avg_days_forecast": 0.16,
            "variance_days_forecast": 0.15,
            "cost_usd_per_ton_forecast": 517.73
          }
        ]
      }
    },
    {
      "id": "TEDGE_006",
      "from_node_id": "TNODE_006",
      "to_node_id": "TNODE_007",
      "label": "Move to export port",
      "underlying_segment_ids": [
        "SEG_00434",
        "SEG_00442",
        "SEG_00219",
        "SEG_00600",
        "SEG_00577",
        "SEG_00364",
        "SEG_00361"
      ],
      "mode_mix": [
        "air",
        "road"
      ],
      "geometry": [
        [
          114.17438035934948,
          22.316828237809872
        ],
        [
          114.1600489589728,
          22.30515947475147
        ],
        [
          114.1457175585961,
          22.293490711693067
        ],
        [
          114.13138615821941,
          22.281821948634665
        ],
        [
          114.11705475784272,
          22.270153185576262
        ],
        [
          114.10272335746603,
          22.25848442251786
        ],
        [
          114.08458566969792,
          22.29225123310021
        ],
        [
          114.06644798192978,
          22.32601804368256
        ],
        [
          114.04831029416167,
          22.35978485426491
        ],
        [
          114.03017260639353,
          22.39355166484726
        ],
        [
          114.01203491862542,
          22.427318475429608
        ],
        [
          114.01326380733377,
          22.445465375128144
        ],
        [
          114.01449269604213,
          22.46361227482668
        ],
        [
          114.01572158475048,
          22.48175917452522
        ],
        [
          114.01695047345883,
          22.499906074223755
        ],
        [
          114.01817936216719,
          22.51805297392229
        ],
        [
          117.03306163231952,
          25.048596642468866
        ],
        [
          120.04794390247184,
          27.579140311015436
        ],
        [
          123.06282617262417,
          30.10968397956201
        ],
        [
          126.0777084427765,
          32.640227648108585
        ],
        [
          129.09259071292882,
          35.170771316655156
        ],
        [
          104.1720002005497,
          38.52338743639479
        ],
        [
          79.25140968817058,
          41.876003556134435
        ],
        [
          54.33081917579146,
          45.22861967587407
        ],
        [
          29.410228663412326,
          48.58123579561371
        ],
        [
          4.489638151033205,
          51.933851915353344
        ],
        [
          4.48963815103321,
          51.933851915353344
        ],
        [
          4.4880039122593836,
          51.79523024962656
        ],
        [
          4.486369673485557,
          51.65660858389978
        ],
        [
          4.484735434711731,
          51.51798691817301
        ],
        [
          4.483101195937905,
          51.37936525244623
        ],
        [
          4.481466957164078,
          51.24074358671945
        ],
        [
          4.474406657485512,
          51.23181442581654
        ],
        [
          4.467346357806947,
          51.22288526491363
        ],
        [
          4.46028605812838,
          51.21395610401073
        ],
        [
          4.453225758449815,
          51.20502694310782
        ],
        [
          4.446165458771249,
          51.19609778220491
        ]
      ],
      "metrics": {
        "avg_days": 2.97,
        "transit_time_variance_days": 8.05,
        "delay_vs_plan_variance_days": 5.76,
        "cost_usd_per_ton": 5383.28,
        "time_distribution": {
          "p10": 0.1,
          "p50": 2.97,
          "p90": 7.51
        },
        "forecast_next_12w": [
          {
            "week_start": "2026-02-13T10:13:53Z",
            "avg_days_forecast": 2.86,
            "variance_days_forecast": 7.29,
            "cost_usd_per_ton_forecast": 5080.31
          },
          {
            "week_start": "2026-02-20T10:13:53Z",
            "avg_days_forecast": 2.85,
            "variance_days_forecast": 7.25,
            "cost_usd_per_ton_forecast": 5290.13
          },
          {
            "week_start": "2026-02-27T10:13:53Z",
            "avg_days_forecast": 2.66,
            "variance_days_forecast": 7.83,
            "cost_usd_per_ton_forecast": 5110.68
          },
          {
            "week_start": "2026-03-06T10:13:53Z",
            "avg_days_forecast": 3.1,
            "variance_days_forecast": 7.71,
            "cost_usd_per_ton_forecast": 5122.06
          },
          {
            "week_start": "2026-03-13T10:13:53Z",
            "avg_days_forecast": 2.84,
            "variance_days_forecast": 8.1,
            "cost_usd_per_ton_forecast": 5469.04
          },
          {
            "week_start": "2026-03-20T10:13:53Z",
            "avg_days_forecast": 3.19,
            "variance_days_forecast": 8.23,
            "cost_usd_per_ton_forecast": 5269.21
          },
          {
            "week_start": "2026-03-27T10:13:53Z",
            "avg_days_forecast": 2.91,
            "variance_days_forecast": 7.47,
            "cost_usd_per_ton_forecast": 5408.46
          },
          {
            "week_start": "2026-04-03T10:13:53Z",
            "avg_days_forecast": 2.87,
            "variance_days_forecast": 8.26,
            "cost_usd_per_ton_forecast": 5355.23
          },
          {
            "week_start": "2026-04-10T10:13:53Z",
            "avg_days_forecast": 2.81,
            "variance_days_forecast": 7.72,
            "cost_usd_per_ton_forecast": 5120.02
          },
          {
            "week_start": "2026-04-17T10:13:53Z",
            "avg_days_forecast": 2.5,
            "variance_days_forecast": 8.13,
            "cost_usd_per_ton_forecast": 5249.38
          },
          {
            "week_start": "2026-04-24T10:13:53Z",
            "avg_days_forecast": 2.51,
            "variance_days_forecast": 8.17,
            "cost_usd_per_ton_forecast": 5293.55
          },
          {
            "week_start": "2026-05-01T10:13:53Z",
            "avg_days_forecast": 2.71,
            "variance_days_forecast": 8.16,
            "cost_usd_per_ton_forecast": 5205.61
          }
        ]
      }
    },
    {
      "id": "TEDGE_007",
      "from_node_id": "TNODE_007",
      "to_node_id": "TNODE_008",
      "label": "Inbound to assembly",
      "underlying_segment_ids": [
        "SEG_00430"
      ],
      "mode_mix": [
        "road"
      ],
      "geometry": [
        [
          4.446165458771249,
          51.19609778220491
        ],
        [
          4.411951498794849,
          51.23404404879807
        ],
        [
          4.377737538818449,
          51.27199031539123
        ],
        [
          4.34352357884205,
          51.30993658198439
        ],
        [
          4.30930961886565,
          51.34788284857755
        ],
        [
          4.27509565888925,
          51.38582911517071
        ]
      ],
      "metrics": {
        "avg_days": 0.31,
        "transit_time_variance_days": 1.39,
        "delay_vs_plan_variance_days": 1.24,
        "cost_usd_per_ton": 573.5,
        "time_distribution": {
          "p10": 0.1,
          "p50": 0.31,
          "p90": 2.2
        },
        "forecast_next_12w": [
          {
            "week_start": "2026-02-13T10:13:53Z",
            "avg_days_forecast": 0.1,
            "variance_days_forecast": 1.34,
            "cost_usd_per_ton_forecast": 544.05
          },
          {
            "week_start": "2026-02-20T10:13:53Z",
            "avg_days_forecast": 0.1,
            "variance_days_forecast": 1.35,
            "cost_usd_per_ton_forecast": 554.77
          },
          {
            "week_start": "2026-02-27T10:13:53Z",
            "avg_days_forecast": 0.12,
            "variance_days_forecast": 1.33,
            "cost_usd_per_ton_forecast": 591.24
          },
          {
            "week_start": "2026-03-06T10:13:53Z",
            "avg_days_forecast": 0.4,
            "variance_days_forecast": 1.37,
            "cost_usd_per_ton_forecast": 539.5
          },
          {
            "week_start": "2026-03-13T10:13:53Z",
            "avg_days_forecast": 0.45,
            "variance_days_forecast": 1.37,
            "cost_usd_per_ton_forecast": 563.15
          },
          {
            "week_start": "2026-03-20T10:13:53Z",
            "avg_days_forecast": 0.49,
            "variance_days_forecast": 1.32,
            "cost_usd_per_ton_forecast": 546.67
          },
          {
            "week_start": "2026-03-27T10:13:53Z",
            "avg_days_forecast": 0.1,
            "variance_days_forecast": 1.36,
            "cost_usd_per_ton_forecast": 573.79
          },
          {
            "week_start": "2026-04-03T10:13:53Z",
            "avg_days_forecast": 0.41,
            "variance_days_forecast": 1.3,
            "cost_usd_per_ton_forecast": 574.4
          },
          {
            "week_start": "2026-04-10T10:13:53Z",
            "avg_days_forecast": 0.19,
            "variance_days_forecast": 1.33,
            "cost_usd_per_ton_forecast": 547.4
          },
          {
            "week_start": "2026-04-17T10:13:53Z",
            "avg_days_forecast": 0.2,
            "variance_days_forecast": 1.33,
            "cost_usd_per_ton_forecast": 594.79
          },
          {
            "week_start": "2026-04-24T10:13:53Z",
            "avg_days_forecast": 0.1,
            "variance_days_forecast": 1.41,
            "cost_usd_per_ton_forecast": 574.6
          },
          {
            "week_start": "2026-05-01T10:13:53Z",
            "avg_days_forecast": 0.1,
            "variance_days_forecast": 1.39,
            "cost_usd_per_ton_forecast": 578.58
          }
        ]
      }
    },
    {
      "id": "TEDGE_008",
      "from_node_id": "TNODE_008",
      "to_node_id": "TNODE_007",
      "label": "Outbound from assembly",
      "underlying_segment_ids": [
        "SEG_00429"
      ],
      "mode_mix": [
        "road"
      ],
      "geometry": [
        [
          4.27509565888925,
          51.38582911517071
        ],
        [
          4.30930961886565,
          51.34788284857755
        ],
        [
          4.34352357884205,
          51.30993658198439
        ],
        [
          4.377737538818449,
          51.27199031539123
        ],
        [
          4.411951498794849,
          51.23404404879807
        ],
        [
          4.446165458771249,
          51.19609778220491
        ]
      ],
      "metrics": {
        "avg_days": 0.49,
        "transit_time_variance_days": 1.0,
        "delay_vs_plan_variance_days": 0.56,
        "cost_usd_per_ton": 304.06,
        "time_distribution": {
          "p10": 0.1,
          "p50": 0.49,
          "p90": 2.09
        },
        "forecast_next_12w": [
          {
            "week_start": "2026-02-13T10:13:53Z",
            "avg_days_forecast": 0.6,
            "variance_days_forecast": 0.92,
            "cost_usd_per_ton_forecast": 289.87
          },
          {
            "week_start": "2026-02-20T10:13:53Z",
            "avg_days_forecast": 0.7,
            "variance_days_forecast": 0.98,
            "cost_usd_per_ton_forecast": 298.66
          },
          {
            "week_start": "2026-02-27T10:13:53Z",
            "avg_days_forecast": 0.36,
            "variance_days_forecast": 0.98,
            "cost_usd_per_ton_forecast": 306.97
          },
          {
            "week_start": "2026-03-06T10:13:53Z",
            "avg_days_forecast": 0.52,
            "variance_days_forecast": 0.95,
            "cost_usd_per_ton_forecast": 312.67
          },
          {
            "week_start": "2026-03-13T10:13:53Z",
            "avg_days_forecast": 0.44,
            "variance_days_forecast": 0.98,
            "cost_usd_per_ton_forecast": 288.59
          },
          {
            "week_start": "2026-03-20T10:13:53Z",
            "avg_days_forecast": 0.41,
            "variance_days_forecast": 0.96,
            "cost_usd_per_ton_forecast": 305.23
          },
          {
            "week_start": "2026-03-27T10:13:53Z",
            "avg_days_forecast": 0.56,
            "variance_days_forecast": 0.98,
            "cost_usd_per_ton_forecast": 295.57
          },
          {
            "week_start": "2026-04-03T10:13:53Z",
            "avg_days_forecast": 0.73,
            "variance_days_forecast": 0.95,
            "cost_usd_per_ton_forecast": 296.59
          },
          {
            "week_start": "2026-04-10T10:13:53Z",
            "avg_days_forecast": 0.82,
            "variance_days_forecast": 0.93,
            "cost_usd_per_ton_forecast": 314.5
          },
          {
            "week_start": "2026-04-17T10:13:53Z",
            "avg_days_forecast": 0.32,
            "variance_days_forecast": 0.97,
            "cost_usd_per_ton_forecast": 310.21
          },
          {
            "week_start": "2026-04-24T10:13:53Z",
            "avg_days_forecast": 0.43,
            "variance_days_forecast": 0.92,
            "cost_usd_per_ton_forecast": 298.4
          },
          {
            "week_start": "2026-05-01T10:13:53Z",
            "avg_days_forecast": 0.73,
            "variance_days_forecast": 0.9,
            "cost_usd_per_ton_forecast": 289.09
          }
        ]
      }
    },
    {
      "id": "TEDGE_009",
      "from_node_id": "TNODE_007",
      "to_node_id": "TNODE_009",
      "label": "Last mile to DC",
      "underlying_segment_ids": [
        "SEG_00430",
        "SEG_00464"
      ],
      "mode_mix": [
        "road"
      ],
      "geometry": [
        [
          4.446165458771249,
          51.19609778220491
        ],
        [
          4.411951498794849,
          51.23404404879807
        ],
        [
          4.377737538818449,
          51.27199031539123
        ],
        [
          4.34352357884205,
          51.30993658198439
        ],
        [
          4.30930961886565,
          51.34788284857755
        ],
        [
          4.27509565888925,
          51.38582911517071
        ],
        [
          4.315317250244733,
          51.33666990697558
        ],
        [
          4.355538841600215,
          51.28751069878045
        ],
        [
          4.395760432955697,
          51.23835149058532
        ],
        [
          4.43598202431118,
          51.189192282390195
        ],
        [
          4.4762036156666625,
          51.14003307419507
        ]
      ],
      "metrics": {
        "avg_days": 0.64,
        "transit_time_variance_days": 2.56,
        "delay_vs_plan_variance_days": 2.0,
        "cost_usd_per_ton": 1370.6,
        "time_distribution": {
          "p10": 0.1,
          "p50": 0.64,
          "p90": 3.2
        },
        "forecast_next_12w": [
          {
            "week_start": "2026-02-13T10:13:53Z",
            "avg_days_forecast": 0.8,
            "variance_days_forecast": 2.43,
            "cost_usd_per_ton_forecast": 1298.27
          },
          {
            "week_start": "2026-02-20T10:13:53Z",
            "avg_days_forecast": 0.73,
            "variance_days_forecast": 2.31,
            "cost_usd_per_ton_forecast": 1363.64
          },
          {
            "week_start": "2026-02-27T10:13:53Z",
            "avg_days_forecast": 0.54,
            "variance_days_forecast": 2.34,
            "cost_usd_per_ton_forecast": 1412.75
          },
          {
            "week_start": "2026-03-06T10:13:53Z",
            "avg_days_forecast": 0.75,
            "variance_days_forecast": 2.61,
            "cost_usd_per_ton_forecast": 1348.31
          },
          {
            "week_start": "2026-03-13T10:13:53Z",
            "avg_days_forecast": 0.7,
            "variance_days_forecast": 2.31,
            "cost_usd_per_ton_forecast": 1424.19
          },
          {
            "week_start": "2026-03-20T10:13:53Z",
            "avg_days_forecast": 0.45,
            "variance_days_forecast": 2.32,
            "cost_usd_per_ton_forecast": 1405.09
          },
          {
            "week_start": "2026-03-27T10:13:53Z",
            "avg_days_forecast": 0.36,
            "variance_days_forecast": 2.43,
            "cost_usd_per_ton_forecast": 1307.87
          },
          {
            "week_start": "2026-04-03T10:13:53Z",
            "avg_days_forecast": 0.61,
            "variance_days_forecast": 2.61,
            "cost_usd_per_ton_forecast": 1312.28
          },
          {
            "week_start": "2026-04-10T10:13:53Z",
            "avg_days_forecast": 0.69,
            "variance_days_forecast": 2.36,
            "cost_usd_per_ton_forecast": 1423.17
          },
          {
            "week_start": "2026-04-17T10:13:53Z",
            "avg_days_forecast": 0.51,
            "variance_days_forecast": 2.5,
            "cost_usd_per_ton_forecast": 1322.28
          },
          {
            "week_start": "2026-04-24T10:13:53Z",
            "avg_days_forecast": 0.39,
            "variance_days_forecast": 2.47,
            "cost_usd_per_ton_forecast": 1291.86
          },
          {
            "week_start": "2026-05-01T10:13:53Z",
            "avg_days_forecast": 0.69,
            "variance_days_forecast": 2.49,
            "cost_usd_per_ton_forecast": 1303.34
          }
        ]
      }
    }
  ]
}