{
  "generated_at": "2026-02-13T10:13:53Z",
  "item": {
    "id": "PRD_WASHING_MACHINE_07",
    "type": "product",
    "name": "Washing Machine Model Pro2",
    "category": "Appliances",
    "unit": "unit",
    "description": "Synthetic product record for Washing Machine.",
    "active": true
  },
  "tree_type": "product_supply_chain",
  "metric_options": [
    {
      "id": "avg_days",
      "label": "Avg days (historical)"
    },
    {
      "id": "transit_time_variance_days",
      "label": "Variance of transit time"
    },
    {
      "id": "delay_vs_plan_variance_days",
      "label": "Variance of delay vs plan"
    }
  ],
  "nodes": [
    {
      "id": "TNODE_001",
      "entity_id": "FCT_TOK_05",
      "name": "Tokyo Plant 05",
      "node_type": "supplier_factory",
      "lat": 35.52358062488459,
      "lon": 139.75607737813047,
      "metrics": {
        "dwell_avg_days": 0.69,
        "transit_time_variance_days": 0.27,
        "delay_vs_plan_variance_days": 0.16,
        "handling_cost_usd": 4175.39,
        "dwell_forecast_next_12w": [
          {
            "week_start": "2026-02-13T10:13:53Z",
            "dwell_days_forecast": 0.81
          },
          {
            "week_start": "2026-02-20T10:13:53Z",
            "dwell_days_forecast": 0.78
          },
          {
            "week_start": "2026-02-27T10:13:53Z",
            "dwell_days_forecast": 0.79
          },
          {
            "week_start": "2026-03-06T10:13:53Z",
            "dwell_days_forecast": 0.56
          },
          {
            "week_start": "2026-03-13T10:13:53Z",
            "dwell_days_forecast": 0.74
          },
          {
            "week_start": "2026-03-20T10:13:53Z",
            "dwell_days_forecast": 0.88
          },
          {
            "week_start": "2026-03-27T10:13:53Z",
            "dwell_days_forecast": 0.62
          },
          {
            "week_start": "2026-04-03T10:13:53Z",
            "dwell_days_forecast": 0.88
          },
          {
            "week_start": "2026-04-10T10:13:53Z",
            "dwell_days_forecast": 0.8
          },
          {
            "week_start": "2026-04-17T10:13:53Z",
            "dwell_days_forecast": 0.65
          },
          {
            "week_start": "2026-04-24T10:13:53Z",
            "dwell_days_forecast": 0.55
          },
          {
            "week_start": "2026-05-01T10:13:53Z",
            "dwell_days_forecast": 0.64
          }
        ]
      }
    },
    {
      "id": "TNODE_002",
      "entity_id": "PRT_TOK",
      "name": "Port of Tokyo",
      "node_type": "export_port",
      "lat": 35.70172651966358,
      "lon": 139.66928676320995,
      "metrics": {
        "dwell_avg_days": 1.74,
        "transit_time_variance_days": 0.77,
        "delay_vs_plan_variance_days": 0.45,
        "handling_cost_usd": 3713.33,
        "dwell_forecast_next_12w": [
          {
            "week_start": "2026-02-13T10:13:53Z",
            "dwell_days_forecast": 1.58
          },
          {
            "week_start": "2026-02-20T10:13:53Z",
            "dwell_days_forecast": 1.52
          },
          {
            "week_start": "2026-02-27T10:13:53Z",
            "dwell_days_forecast": 1.91
          },
          {
            "week_start": "2026-03-06T10:13:53Z",
            "dwell_days_forecast": 1.81
          },
          {
            "week_start": "2026-03-13T10:13:53Z",
            "dwell_days_forecast": 1.54
          },
          {
            "week_start": "2026-03-20T10:13:53Z",
            "dwell_days_forecast": 1.71
          },
          {
            "week_start": "2026-03-27T10:13:53Z",
            "dwell_days_forecast": 1.85
          },
          {
            "week_start": "2026-04-03T10:13:53Z",
            "dwell_days_forecast": 1.52
          },
          {
            "week_start": "2026-04-10T10:13:53Z",
            "dwell_days_forecast": 1.57
          },
          {
            "week_start": "2026-04-17T10:13:53Z",
            "dwell_days_forecast": 1.75
          },
          {
            "week_start": "2026-04-24T10:13:53Z",
            "dwell_days_forecast": 1.91
          },
          {
            "week_start": "2026-05-01T10:13:53Z",
            "dwell_days_forecast": 1.94
          }
        ]
      }
    },
    {
      "id": "TNODE_003",
      "entity_id": "FCT_KAO_15",
      "name": "Kaohsiung Plant 15",
      "node_type": "supplier_factory",
      "lat": 22.666514664816443,
      "lon": 120.45716915571698,
      "metrics": {
        "dwell_avg_days": 2.57,
        "transit_time_variance_days": 1.14,
        "delay_vs_plan_variance_days": 0.81,
        "handling_cost_usd": 3735.28,
        "dwell_forecast_next_12w": [
          {
            "week_start": "2026-02-13T10:13:53Z",
            "dwell_days_forecast": 2.72
          },
          {
            "week_start": "2026-02-20T10:13:53Z",
            "dwell_days_forecast": 2.81
          },
          {
            "week_start": "2026-02-27T10:13:53Z",
            "dwell_days_forecast": 2.76
          },
          {
            "week_start": "2026-03-06T10:13:53Z",
            "dwell_days_forecast": 2.74
          },
          {
            "week_start": "2026-03-13T10:13:53Z",
            "dwell_days_forecast": 2.49
          },
          {
            "week_start": "2026-03-20T10:13:53Z",
            "dwell_days_forecast": 2.41
          },
          {
            "week_start": "2026-03-27T10:13:53Z",
            "dwell_days_forecast": 2.61
          },
          {
            "week_start": "2026-04-03T10:13:53Z",
            "dwell_days_forecast": 2.54
          },
          {
            "week_start": "2026-04-10T10:13:53Z",
            "dwell_days_forecast": 2.29
          },
          {
            "week_start": "2026-04-17T10:13:53Z",
            "dwell_days_forecast": 2.24
          },
          {
            "week_start": "2026-04-24T10:13:53Z",
            "dwell_days_forecast": 2.45
          },
          {
            "week_start": "2026-05-01T10:13:53Z",
            "dwell_days_forecast": 2.33
          }
        ]
      }
    },
    {
      "id": "TNODE_004",
      "entity_id": "PRT_KAO",
      "name": "Port of Kaohsiung",
      "node_type": "export_port",
      "lat": 22.63269215224245,
      "lon": 120.31024401144104,
      "metrics": {
        "dwell_avg_days": 1.9,
        "transit_time_variance_days": 0.75,
        "delay_vs_plan_variance_days": 0.27,
        "handling_cost_usd": 7539.47,
        "dwell_forecast_next_12w": [
          {
            "week_start": "2026-02-13T10:13:53Z",
            "dwell_days_forecast": 1.92
          },
          {
            "week_start": "2026-02-20T10:13:53Z",
            "dwell_days_forecast": 2.03
          },
          {
            "week_start": "2026-02-27T10:13:53Z",
            "dwell_days_forecast": 1.77
          },
          {
            "week_start": "2026-03-06T10:13:53Z",
            "dwell_days_forecast": 1.82
          },
          {
            "week_start": "2026-03-13T10:13:53Z",
            "dwell_days_forecast": 1.69
          },
          {
            "week_start": "2026-03-20T10:13:53Z",
            "dwell_days_forecast": 1.89
          },
          {
            "week_start": "2026-03-27T10:13:53Z",
            "dwell_days_forecast": 1.7
          },
          {
            "week_start": "2026-04-03T10:13:53Z",
            "dwell_days_forecast": 1.8
          },
          {
            "week_start": "2026-04-10T10:13:53Z",
            "dwell_days_forecast": 1.67
          },
          {
            "week_start": "2026-04-17T10:13:53Z",
            "dwell_days_forecast": 1.92
          },
          {
            "week_start": "2026-04-24T10:13:53Z",
            "dwell_days_forecast": 1.63
          },
          {
            "week_start": "2026-05-01T10:13:53Z",
            "dwell_days_forecast": 1.47
          }
        ]
      }
    },
    {
      "id": "TNODE_005",
      "entity_id": "PRT_DUR",
      "name": "Port of Durban",
      "node_type": "import_port",
      "lat": -29.840651878650366,
      "lon": 31.031440903073197,
      "metrics": {
        "dwell_avg_days": 0.41,
        "transit_time_variance_days": 0.82,
        "delay_vs_plan_variance_days": 0.4,
        "handling_cost_usd": 560.94,
        "dwell_forecast_next_12w": [
          {
            "week_start": "2026-02-13T10:13:53Z",
            "dwell_days_forecast": 0.1
          },
          {
            "week_start": "2026-02-20T10:13:53Z",
            "dwell_days_forecast": 0.32
          },
          {
            "week_start": "2026-02-27T10:13:53Z",
            "dwell_days_forecast": 0.43
          },
          {
            "week_start": "2026-03-06T10:13:53Z",
            "dwell_days_forecast": 0.6
          },
          {
            "week_start": "2026-03-13T10:13:53Z",
            "dwell_days_forecast": 0.09
          },
          {
            "week_start": "2026-03-20T10:13:53Z",
            "dwell_days_forecast": 0.54
          },
          {
            "week_start": "2026-03-27T10:13:53Z",
            "dwell_days_forecast": 0.37
          },
          {
            "week_start": "2026-04-03T10:13:53Z",
            "dwell_days_forecast": 0.38
          },
          {
            "week_start": "2026-04-10T10:13:53Z",
            "dwell_days_forecast": 0.38
          },
          {
            "week_start": "2026-04-17T10:13:53Z",
            "dwell_days_forecast": 0.41
          },
          {
            "week_start": "2026-04-24T10:13:53Z",
            "dwell_days_forecast": 0.32
          },
          {
            "week_start": "2026-05-01T10:13:53Z",
            "dwell_days_forecast": 0.24
          }
        ]
      }
    },
    {
      "id": "TNODE_006",
      "entity_id": "WH_JOH_33",
      "name": "Johannesburg DC 33",
      "node_type": "distribution_warehouse",
      "lat": -26.22987020279844,
      "lon": 28.13971048572205,
      "metrics": {
        "dwell_avg_days": 0.43,
        "transit_time_variance_days": 1.05,
        "delay_vs_plan_variance_days": 0.49,
        "handling_cost_usd": 7089.42,
        "dwell_forecast_next_12w": [
          {
            "week_start": "2026-02-13T10:13:53Z",
            "dwell_days_forecast": 0.28
          },
          {
            "week_start": "2026-02-20T10:13:53Z",
            "dwell_days_forecast": 0.4
          },
          {
            "week_start": "2026-02-27T10:13:53Z",
            "dwell_days_forecast": 0.63
          },
          {
            "week_start": "2026-03-06T10:13:53Z",
            "dwell_days_forecast": 0.29
          },
          {
            "week_start": "2026-03-13T10:13:53Z",
            "dwell_days_forecast": 0.47
          },
          {
            "week_start": "2026-03-20T10:13:53Z",
            "dwell_days_forecast": 0.4
          },
          {
            "week_start": "2026-03-27T10:13:53Z",
            "dwell_days_forecast": 0.15
          },
          {
            "week_start": "2026-04-03T10:13:53Z",
            "dwell_days_forecast": 0.65
          },
          {
            "week_start": "2026-04-10T10:13:53Z",
            "dwell_days_forecast": 0.36
          },
          {
            "week_start": "2026-04-17T10:13:53Z",
            "dwell_days_forecast": 0.5
          },
          {
            "week_start": "2026-04-24T10:13:53Z",
            "dwell_days_forecast": 0.23
          },
          {
            "week_start": "2026-05-01T10:13:53Z",
            "dwell_days_forecast": 0.51
          }
        ]
      }
    }
  ],
  "edges": [
    {
      "id": "TEDGE_001",
      "from_node_id": "TNODE_001",
      "to_node_id": "TNODE_002",
      "label": "Supplier pickup",
      "underlying_segment_ids": [
        "SEG_00377"
      ],
      "mode_mix": [
        "road"
      ],
      "geometry": [
        [
          139.75607737813047,
          35.52358062488459
        ],
        [
          139.73871925514638,
          35.55920980384039
        ],
        [
          139.72136113216226,
          35.59483898279618
        ],
        [
          139.70400300917817,
          35.630468161751985
        ],
        [
          139.68664488619405,
          35.66609734070778
        ],
        [
          139.66928676320995,
          35.70172651966358
        ]
      ],
      "metrics": {
        "avg_days": 0.26,
        "transit_time_variance_days": 1.18,
        "delay_vs_plan_variance_days": 0.44,
        "cost_usd_per_ton": 887.59,
        "time_distribution": {
          "p10": 0.1,
          "p50": 0.26,
          "p90": 2.0
        },
        "forecast_next_12w": [
          {
            "week_start": "2026-02-13T10:13:53Z",
            "avg_days_forecast": 0.6,
            "variance_days_forecast": 1.17,
            "cost_usd_per_ton_forecast": 853.02
          },
          {
            "week_start": "2026-02-20T10:13:53Z",
            "avg_days_forecast": 0.17,
            "variance_days_forecast": 1.15,
            "cost_usd_per_ton_forecast": 869.15
          },
          {
            "week_start": "2026-02-27T10:13:53Z",
            "avg_days_forecast": 0.14,
            "variance_days_forecast": 1.09,
            "cost_usd_per_ton_forecast": 838.66
          },
          {
            "week_start": "2026-03-06T10:13:53Z",
            "avg_days_forecast": 0.1,
            "variance_days_forecast": 1.2,
            "cost_usd_per_ton_forecast": 888.58
          },
          {
            "week_start": "2026-03-13T10:13:53Z",
            "avg_days_forecast": 0.23,
            "variance_days_forecast": 1.19,
            "cost_usd_per_ton_forecast": 913.37
          },
          {
            "week_start": "2026-03-20T10:13:53Z",
            "avg_days_forecast": 0.1,
            "variance_days_forecast": 1.08,
            "cost_usd_per_ton_forecast": 884.73
          },
          {
            "week_start": "2026-03-27T10:13:53Z",
            "avg_days_forecast": 0.1,
            "variance_days_forecast": 1.09,
            "cost_usd_per_ton_forecast": 900.53
          },
          {
            "week_start": "2026-04-03T10:13:53Z",
            "avg_days_forecast": 0.1,
            "variance_days_forecast": 1.16,
            "cost_usd_per_ton_forecast": 834.35
          },
          {
            "week_start": "2026-04-10T10:13:53Z",
            "avg_days_forecast": 0.13,
            "variance_days_forecast": 1.2,
            "cost_usd_per_ton_forecast": 854.79
          },
          {
            "week_start": "2026-04-17T10:13:53Z",
            "avg_days_forecast": 0.28,
            "variance_days_forecast": 1.13,
            "cost_usd_per_ton_forecast": 842.11
          },
          {
            "week_start": "2026-04-24T10:13:53Z",
            "avg_days_forecast": 0.1,
            "variance_days_forecast": 1.18,
            "cost_usd_per_ton_forecast": 917.42
          },
          {
            "week_start": "2026-05-01T10:13:53Z",
            "avg_days_forecast": 0.15,
            "variance_days_forecast": 1.14,
            "cost_usd_per_ton_forecast": 921.86
          }
        ]
      }
    },
    {
      "id": "TEDGE_002",
      "from_node_id": "TNODE_003",
      "to_node_id": "TNODE_004",
      "label": "Supplier pickup",
      "underlying_segment_ids": [
        "SEG_00417"
      ],
      "mode_mix": [
        "road"
      ],
      "geometry": [
        [
          120.45716915571698,
          22.666514664816443
        ],
        [
          120.4277841268618,
          22.659750162301645
        ],
        [
          120.3983990980066,
          22.652985659786847
        ],
        [
          120.36901406915142,
          22.646221157272045
        ],
        [
          120.33962904029623,
          22.639456654757247
        ],
        [
          120.31024401144104,
          22.63269215224245
        ]
      ],
      "metrics": {
        "avg_days": 0.59,
        "transit_time_variance_days": 1.25,
        "delay_vs_plan_variance_days": 0.47,
        "cost_usd_per_ton": 593.09,
        "time_distribution": {
          "p10": 0.1,
          "p50": 0.59,
          "p90": 2.38
        },
        "forecast_next_12w": [
          {
            "week_start": "2026-02-13T10:13:53Z",
            "avg_days_forecast": 0.71,
            "variance_days_forecast": 1.22,
            "cost_usd_per_ton_forecast": 585.09
          },
          {
            "week_start": "2026-02-20T10:13:53Z",
            "avg_days_forecast": 0.69,
            "variance_days_forecast": 1.28,
            "cost_usd_per_ton_forecast": 604.47
          },
          {
            "week_start": "2026-02-27T10:13:53Z",
            "avg_days_forecast": 0.33,
            "variance_days_forecast": 1.21,
            "cost_usd_per_ton_forecast": 612.87
          },
          {
            "week_start": "2026-03-06T10:13:53Z",
            "avg_days_forecast": 0.43,
            "variance_days_forecast": 1.28,
            "cost_usd_per_ton_forecast": 569.26
          },
          {
            "week_start": "2026-03-13T10:13:53Z",
            "avg_days_forecast": 0.44,
            "variance_days_forecast": 1.16,
            "cost_usd_per_ton_forecast": 611.05
          },
          {
            "week_start": "2026-03-20T10:13:53Z",
            "avg_days_forecast": 0.41,
            "variance_days_forecast": 1.22,
            "cost_usd_per_ton_forecast": 607.47
          },
          {
            "week_start": "2026-03-27T10:13:53Z",
            "avg_days_forecast": 0.37,
            "variance_days_forecast": 1.28,
            "cost_usd_per_ton_forecast": 588.41
          },
          {
            "week_start": "2026-04-03T10:13:53Z",
            "avg_days_forecast": 0.67,
            "variance_days_forecast": 1.26,
            "cost_usd_per_ton_forecast": 558.55
          },
          {
            "week_start": "2026-04-10T10:13:53Z",
            "avg_days_forecast": 0.76,
            "variance_days_forecast": 1.28,
            "cost_usd_per_ton_forecast": 597.21
          },
          {
            "week_start": "2026-04-17T10:13:53Z",
            "avg_days_forecast": 0.43,
            "variance_days_forecast": 1.14,
            "cost_usd_per_ton_forecast": 568.25
          },
          {
            "week_start": "2026-04-24T10:13:53Z",
            "avg_days_forecast": 0.64,
            "variance_days_forecast": 1.15,
            "cost_usd_per_ton_forecast": 569.55
          },
          {
            "week_start": "2026-05-01T10:13:53Z",
            "avg_days_forecast": 0.28,
            "variance_days_forecast": 1.19,
            "cost_usd_per_ton_forecast": 580.79
          }
        ]
      }
    },
    {
      "id": "TEDGE_003",
      "from_node_id": "TNODE_004",
      "to_node_id": "TNODE_002",
      "label": "Move to export port",
      "underlying_segment_ids": [
        "SEG_00418",
        "SEG_00419",
        "SEG_00630",
        "SEG_00191",
        "SEG_00583",
        "SEG_00372",
        "SEG_00369"
      ],
      "mode_mix": [
        "air",
        "road"
      ],
      "geometry": [
        [
          120.31024401144104,
          22.63269215224245
        ],
        [
          120.33962904029623,
          22.639456654757247
        ],
        [
          120.36901406915142,
          22.646221157272045
        ],
        [
          120.3983990980066,
          22.652985659786847
        ],
        [
          120.4277841268618,
          22.659750162301645
        ],
        [
          120.45716915571698,
          22.666514664816443
        ],
        [
          119.20813060102498,
          22.602061284076026
        ],
        [
          117.95909204633297,
          22.53760790333561
        ],
        [
          116.71005349164096,
          22.473154522595188
        ],
        [
          115.46101493694896,
          22.40870114185477
        ],
        [
          114.21197638225695,
          22.344247761114353
        ],
        [
          91.34745491026476,
          28.174793925827306
        ],
        [
          68.48293343827257,
          34.00534009054026
        ],
        [
          45.61841196628038,
          39.835886255253214
        ],
        [
          22.753890494288186,
          45.66643241996617
        ],
        [
          -0.11063097770400532,
          51.49697858467912
        ],
        [
          -0.11063097770400288,
          51.49697858467912
        ],
        [
          24.212157663934562,
          47.45164249751815
        ],
        [
          48.53494630557312,
          43.406306410357175
        ],
        [
          72.85773494721168,
          39.3609703231962
        ],
        [
          97.18052358885025,
          35.31563423603523
        ],
        [
          121.5033122304888,
          31.270298148874257
        ],
        [
          125.1403381084843,
          32.15769395349822
        ],
        [
          128.7773639864798,
          33.045089758122174
        ],
        [
          132.4143898644753,
          33.93248556274613
        ],
        [
          136.0514157424708,
          34.81988136737009
        ],
        [
          139.6884416204663,
          35.70727717199404
        ],
        [
          139.6790316313543,
          35.73634682533668
        ],
        [
          139.66962164224228,
          35.76541647867932
        ],
        [
          139.6602116531303,
          35.794486132021966
        ],
        [
          139.65080166401827,
          35.823555785364604
        ],
        [
          139.64139167490626,
          35.85262543870724
        ],
        [
          139.646970692567,
          35.82244565489851
        ],
        [
          139.65254971022773,
          35.792265871089775
        ],
        [
          139.65812872788848,
          35.76208608728105
        ],
        [
          139.6637077455492,
          35.731906303472314
        ],
        [
          139.66928676320995,
          35.70172651966358
        ]
      ],
      "metrics": {
        "avg_days": 4.93,
        "transit_time_variance_days": 7.7,
        "delay_vs_plan_variance_days": 5.24,
        "cost_usd_per_ton": 10070.95,
        "time_distribution": {
          "p10": 1.6,
          "p50": 4.93,
          "p90": 9.37
        },
        "forecast_next_12w": [
          {
            "week_start": "2026-02-13T10:13:53Z",
            "avg_days_forecast": 4.82,
            "variance_days_forecast": 7.9,
            "cost_usd_per_ton_forecast": 10417.11
          },
          {
            "week_start": "2026-02-20T10:13:53Z",
            "avg_days_forecast": 5.04,
            "variance_days_forecast": 7.08,
            "cost_usd_per_ton_forecast": 10301.63
          },
          {
            "week_start": "2026-02-27T10:13:53Z",
            "avg_days_forecast": 4.94,
            "variance_days_forecast": 7.41,
            "cost_usd_per_ton_forecast": 9892.39
          },
          {
            "week_start": "2026-03-06T10:13:53Z",
            "avg_days_forecast": 4.81,
            "variance_days_forecast": 7.52,
            "cost_usd_per_ton_forecast": 10438.86
          },
          {
            "week_start": "2026-03-13T10:13:53Z",
            "avg_days_forecast": 4.33,
            "variance_days_forecast": 7.21,
            "cost_usd_per_ton_forecast": 9620.86
          },
          {
            "week_start": "2026-03-20T10:13:53Z",
            "avg_days_forecast": 4.22,
            "variance_days_forecast": 7.74,
            "cost_usd_per_ton_forecast": 10442.74
          },
          {
            "week_start": "2026-03-27T10:13:53Z",
            "avg_days_forecast": 4.19,
            "variance_days_forecast": 7.78,
            "cost_usd_per_ton_forecast": 9577.12
          },
          {
            "week_start": "2026-04-03T10:13:53Z",
            "avg_days_forecast": 4.54,
            "variance_days_forecast": 7.49,
            "cost_usd_per_ton_forecast": 9586.11
          },
          {
            "week_start": "2026-04-10T10:13:53Z",
            "avg_days_forecast": 4.49,
            "variance_days_forecast": 7.62,
            "cost_usd_per_ton_forecast": 10404.49
          },
          {
            "week_start": "2026-04-17T10:13:53Z",
            "avg_days_forecast": 4.26,
            "variance_days_forecast": 7.35,
            "cost_usd_per_ton_forecast": 9828.65
          },
          {
            "week_start": "2026-04-24T10:13:53Z",
            "avg_days_forecast": 4.25,
            "variance_days_forecast": 7.1,
            "cost_usd_per_ton_forecast": 10395.64
          },
          {
            "week_start": "2026-05-01T10:13:53Z",
            "avg_days_forecast": 3.92,
            "variance_days_forecast": 7.57,
            "cost_usd_per_ton_forecast": 10321.02
          }
        ]
      }
    },
    {
      "id": "TEDGE_004",
      "from_node_id": "TNODE_003",
      "to_node_id": "TNODE_004",
      "label": "Supplier pickup",
      "underlying_segment_ids": [
        "SEG_00417"
      ],
      "mode_mix": [
        "road"
      ],
      "geometry": [
        [
          120.45716915571698,
          22.666514664816443
        ],
        [
          120.4277841268618,
          22.659750162301645
        ],
        [
          120.3983990980066,
          22.652985659786847
        ],
        [
          120.36901406915142,
          22.646221157272045
        ],
        [
          120.33962904029623,
          22.639456654757247
        ],
        [
          120.31024401144104,
          22.63269215224245
        ]
      ],
      "metrics": {
        "avg_days": 0.59,
        "transit_time_variance_days": 1.25,
        "delay_vs_plan_variance_days": 0.47,
        "cost_usd_per_ton": 593.09,
        "time_distribution": {
          "p10": 0.1,
          "p50": 0.59,
          "p90": 2.38
        },
        "forecast_next_12w": [
          {
            "week_start": "2026-02-13T10:13:53Z",
            "avg_days_forecast": 0.78,
            "variance_days_forecast": 1.14,
            "cost_usd_per_ton_forecast": 597.85
          },
          {
            "week_start": "2026-02-20T10:13:53Z",
            "avg_days_forecast": 0.57,
            "variance_days_forecast": 1.21,
            "cost_usd_per_ton_forecast": 559.8
          },
          {
            "week_start": "2026-02-27T10:13:53Z",
            "avg_days_forecast": 0.36,
            "variance_days_forecast": 1.21,
            "cost_usd_per_ton_forecast": 597.39
          },
          {
            "week_start": "2026-03-06T10:13:53Z",
            "avg_days_forecast": 0.7,
            "variance_days_forecast": 1.25,
            "cost_usd_per_ton_forecast": 584.58
          },
          {
            "week_start": "2026-03-13T10:13:53Z",
            "avg_days_forecast": 0.92,
            "variance_days_forecast": 1.19,
            "cost_usd_per_ton_forecast": 608.3
          },
          {
            "week_start": "2026-03-20T10:13:53Z",
            "avg_days_forecast": 0.35,
            "variance_days_forecast": 1.17,
            "cost_usd_per_ton_forecast": 591.02
          },
          {
            "week_start": "2026-03-27T10:13:53Z",
            "avg_days_forecast": 0.65,
            "variance_days_forecast": 1.29,
            "cost_usd_per_ton_forecast": 583.29
          },
          {
            "week_start": "2026-04-03T10:13:53Z",
            "avg_days_forecast": 0.17,
            "variance_days_forecast": 1.19,
            "cost_usd_per_ton_forecast": 591.03
          },
          {
            "week_start": "2026-04-10T10:13:53Z",
            "avg_days_forecast": 0.1,
            "variance_days_forecast": 1.22,
            "cost_usd_per_ton_forecast": 588.42
          },
          {
            "week_start": "2026-04-17T10:13:53Z",
            "avg_days_forecast": 1.15,
            "variance_days_forecast": 1.22,
            "cost_usd_per_ton_forecast": 608.82
          },
          {
            "week_start": "2026-04-24T10:13:53Z",
            "avg_days_forecast": 0.59,
            "variance_days_forecast": 1.18,
            "cost_usd_per_ton_forecast": 596.95
          },
          {
            "week_start": "2026-05-01T10:13:53Z",
            "avg_days_forecast": 0.44,
            "variance_days_forecast": 1.26,
            "cost_usd_per_ton_forecast": 567.53
          }
        ]
      }
    },
    {
      "id": "TEDGE_005",
      "from_node_id": "TNODE_004",
      "to_node_id": "TNODE_002",
      "label": "Move to export port",
      "underlying_segment_ids": [
        "SEG_00418",
        "SEG_00419",
        "SEG_00630",
        "SEG_00191",
        "SEG_00583",
        "SEG_00372",
        "SEG_00369"
      ],
      "mode_mix": [
        "air",
        "road"
      ],
      "geometry": [
        [
          120.31024401144104,
          22.63269215224245
        ],
        [
          120.33962904029623,
          22.639456654757247
        ],
        [
          120.36901406915142,
          22.646221157272045
        ],
        [
          120.3983990980066,
          22.652985659786847
        ],
        [
          120.4277841268618,
          22.659750162301645
        ],
        [
          120.45716915571698,
          22.666514664816443
        ],
        [
          119.20813060102498,
          22.602061284076026
        ],
        [
          117.95909204633297,
          22.53760790333561
        ],
        [
          116.71005349164096,
          22.473154522595188
        ],
        [
          115.46101493694896,
          22.40870114185477
        ],
        [
          114.21197638225695,
          22.344247761114353
        ],
        [
          91.34745491026476,
          28.174793925827306
        ],
        [
          68.48293343827257,
          34.00534009054026
        ],
        [
          45.61841196628038,
          39.835886255253214
        ],
        [
          22.753890494288186,
          45.66643241996617
        ],
        [
          -0.11063097770400532,
          51.49697858467912
        ],
        [
          -0.11063097770400288,
          51.49697858467912
        ],
        [
          24.212157663934562,
          47.45164249751815
        ],
        [
          48.53494630557312,
          43.406306410357175
        ],
        [
          72.85773494721168,
          39.3609703231962
        ],
        [
          97.18052358885025,
          35.31563423603523
        ],
        [
          121.5033122304888,
          31.270298148874257
        ],
        [
          125.1403381084843,
          32.15769395349822
        ],
        [
          128.7773639864798,
          33.045089758122174
        ],
        [
          132.4143898644753,
          33.93248556274613
        ],
        [
          136.0514157424708,
          34.81988136737009
        ],
        [
          139.6884416204663,
          35.70727717199404
        ],
        [
          139.6790316313543,
          35.73634682533668
        ],
        [
          139.66962164224228,
          35.76541647867932
        ],
        [
          139.6602116531303,
          35.794486132021966
        ],
        [
          139.65080166401827,
          35.823555785364604
        ],
        [
          139.64139167490626,
          35.85262543870724
        ],
        [
          139.646970692567,
          35.82244565489851
        ],
        [
          139.65254971022773,
          35.792265871089775
        ],
        [
          139.65812872788848,
          35.76208608728105
        ],
        [
          139.6637077455492,
          35.731906303472314
        ],
        [
          139.66928676320995,
          35.70172651966358
        ]
      ],
      "metrics": {
        "avg_days": 4.93,
        "transit_time_variance_days": 7.7,
        "delay_vs_plan_variance_days": 5.24,
        "cost_usd_per_ton": 10070.95,
        "time_distribution": {
          "p10": 1.6,
          "p50": 4.93,
          "p90": 9.37
        },
        "forecast_next_12w": [
          {
            "week_start": "2026-02-13T10:13:53Z",
            "avg_days_forecast": 4.95,
            "variance_days_forecast": 7.46,
            "cost_usd_per_ton_forecast": 9637.09
          },
          {
            "week_start": "2026-02-20T10:13:53Z",
            "avg_days_forecast": 4.81,
            "variance_days_forecast": 7.79,
            "cost_usd_per_ton_forecast": 9785.28
          },
          {
            "week_start": "2026-02-27T10:13:53Z",
            "avg_days_forecast": 4.93,
            "variance_days_forecast": 6.96,
            "cost_usd_per_ton_forecast": 10090.65
          },
          {
            "week_start": "2026-03-06T10:13:53Z",
            "avg_days_forecast": 4.53,
            "variance_days_forecast": 7.32,
            "cost_usd_per_ton_forecast": 10302.2
          },
          {
            "week_start": "2026-03-13T10:13:53Z",
            "avg_days_forecast": 4.84,
            "variance_days_forecast": 7.79,
            "cost_usd_per_ton_forecast": 9886.31
          },
          {
            "week_start": "2026-03-20T10:13:53Z",
            "avg_days_forecast": 4.66,
            "variance_days_forecast": 7.45,
            "cost_usd_per_ton_forecast": 10470.77
          },
          {
            "week_start": "2026-03-27T10:13:53Z",
            "avg_days_forecast": 5.01,
            "variance_days_forecast": 7.08,
            "cost_usd_per_ton_forecast": 10368.32
          },
          {
            "week_start": "2026-04-03T10:13:53Z",
            "avg_days_forecast": 4.13,
            "variance_days_forecast": 7.88,
            "cost_usd_per_ton_forecast": 10443.19
          },
          {
            "week_start": "2026-04-10T10:13:53Z",
            "avg_days_forecast": 4.23,
            "variance_days_forecast": 6.96,
            "cost_usd_per_ton_forecast": 10008.21
          },
          {
            "week_start": "2026-04-17T10:13:53Z",
            "avg_days_forecast": 3.64,
            "variance_days_forecast": 7.05,
            "cost_usd_per_ton_forecast": 10394.05
          },
          {
            "week_start": "2026-04-24T10:13:53Z",
            "avg_days_forecast": 4.16,
            "variance_days_forecast": 7.76,
            "cost_usd_per_ton_forecast": 9685.37
          },
          {
            "week_start": "2026-05-01T10:13:53Z",
            "avg_days_forecast": 3.8,
            "variance_days_forecast": 6.96,
            "cost_usd_per_ton_forecast": 9736.92
          }
        ]
      }
    },
    {
      "id": "TEDGE_006",
      "from_node_id": "TNODE_002",
      "to_node_id": "TNODE_001",
      "label": "Inbound to assembly",
      "underlying_segment_ids": [
        "SEG_00378"
      ],
      "mode_mix": [
        "road"
      ],
      "geometry": [
        [
          139.66928676320995,
          35.70172651966358
        ],
        [
          139.68664488619405,
          35.66609734070778
        ],
        [
          139.70400300917817,
          35.630468161751985
        ],
        [
          139.72136113216226,
          35.59483898279618
        ],
        [
          139.73871925514638,
          35.55920980384039
        ],
        [
          139.75607737813047,
          35.52358062488459
        ]
      ],
      "metrics": {
        "avg_days": 0.32,
        "transit_time_variance_days": 0.73,
        "delay_vs_plan_variance_days": 0.22,
        "cost_usd_per_ton": 270.7,
        "time_distribution": {
          "p10": 0.1,
          "p50": 0.32,
          "p90": 1.69
        },
        "forecast_next_12w": [
          {
            "week_start": "2026-02-13T10:13:53Z",
            "avg_days_forecast": 0.43,
            "variance_days_forecast": 0.69,
            "cost_usd_per_ton_forecast": 269.97
          },
          {
            "week_start": "2026-02-20T10:13:53Z",
            "avg_days_forecast": 0.49,
            "variance_days_forecast": 0.71,
            "cost_usd_per_ton_forecast": 266.63
          },
          {
            "week_start": "2026-02-27T10:13:53Z",
            "avg_days_forecast": 0.67,
            "variance_days_forecast": 0.73,
            "cost_usd_per_ton_forecast": 271.87
          },
          {
            "week_start": "2026-03-06T10:13:53Z",
            "avg_days_forecast": 0.23,
            "variance_days_forecast": 0.67,
            "cost_usd_per_ton_forecast": 257.08
          },
          {
            "week_start": "2026-03-13T10:13:53Z",
            "avg_days_forecast": 0.39,
            "variance_days_forecast": 0.71,
            "cost_usd_per_ton_forecast": 265.99
          },
          {
            "week_start": "2026-03-20T10:13:53Z",
            "avg_days_forecast": 0.43,
            "variance_days_forecast": 0.75,
            "cost_usd_per_ton_forecast": 272.23
          },
          {
            "week_start": "2026-03-27T10:13:53Z",
            "avg_days_forecast": 0.25,
            "variance_days_forecast": 0.74,
            "cost_usd_per_ton_forecast": 279.59
          },
          {
            "week_start": "2026-04-03T10:13:53Z",
            "avg_days_forecast": 0.41,
            "variance_days_forecast": 0.7,
            "cost_usd_per_ton_forecast": 258.7
          },
          {
            "week_start": "2026-04-10T10:13:53Z",
            "avg_days_forecast": 0.68,
            "variance_days_forecast": 0.71,
            "cost_usd_per_ton_forecast": 272.11
          },
          {
            "week_start": "2026-04-17T10:13:53Z",
            "avg_days_forecast": 0.1,
            "variance_days_forecast": 0.68,
            "cost_usd_per_ton_forecast": 271.47
          },
          {
            "week_start": "2026-04-24T10:13:53Z",
            "avg_days_forecast": 0.15,
            "variance_days_forecast": 0.73,
            "cost_usd_per_ton_forecast": 268.64
          },
          {
            "week_start": "2026-05-01T10:13:53Z",
            "avg_days_forecast": 0.2,
            "variance_days_forecast": 0.7,
            "cost_usd_per_ton_forecast": 261.66
          }
        ]
      }
    },
    {
      "id": "TEDGE_007",
      "from_node_id": "TNODE_001",
      "to_node_id": "TNODE_002",
      "label": "Outbound from assembly",
      "underlying_segment_ids": [
        "SEG_00377"
      ],
      "mode_mix": [
        "road"
      ],
      "geometry": [
        [
          139.75607737813047,
          35.52358062488459
        ],
        [
          139.73871925514638,
          35.55920980384039
        ],
        [
          139.72136113216226,
          35.59483898279618
        ],
        [
          139.70400300917817,
          35.630468161751985
        ],
        [
          139.68664488619405,
          35.66609734070778
        ],
        [
          139.66928676320995,
          35.70172651966358
        ]
      ],
      "metrics": {
        "avg_days": 0.26,
        "transit_time_variance_days": 1.18,
        "delay_vs_plan_variance_days": 0.44,
        "cost_usd_per_ton": 887.59,
        "time_distribution": {
          "p10": 0.1,
          "p50": 0.26,
          "p90": 2.0
        },
        "forecast_next_12w": [
          {
            "week_start": "2026-02-13T10:13:53Z",
            "avg_days_forecast": 0.48,
            "variance_days_forecast": 1.09,
            "cost_usd_per_ton_forecast": 904.52
          },
          {
            "week_start": "2026-02-20T10:13:53Z",
            "avg_days_forecast": 0.25,
            "variance_days_forecast": 1.09,
            "cost_usd_per_ton_forecast": 883.64
          },
          {
            "week_start": "2026-02-27T10:13:53Z",
            "avg_days_forecast": 0.26,
            "variance_days_forecast": 1.15,
            "cost_usd_per_ton_forecast": 912.78
          },
          {
            "week_start": "2026-03-06T10:13:53Z",
            "avg_days_forecast": 0.1,
            "variance_days_forecast": 1.07,
            "cost_usd_per_ton_forecast": 873.53
          },
          {
            "week_start": "2026-03-13T10:13:53Z",
            "avg_days_forecast": 0.37,
            "variance_days_forecast": 1.21,
            "cost_usd_per_ton_forecast": 842.47
          },
          {
            "week_start": "2026-03-20T10:13:53Z",
            "avg_days_forecast": 0.24,
            "variance_days_forecast": 1.13,
            "cost_usd_per_ton_forecast": 835.16
          },
          {
            "week_start": "2026-03-27T10:13:53Z",
            "avg_days_forecast": 0.41,
            "variance_days_forecast": 1.08,
            "cost_usd_per_ton_forecast": 844.06
          },
          {
            "week_start": "2026-04-03T10:13:53Z",
            "avg_days_forecast": 0.24,
            "variance_days_forecast": 1.08,
            "cost_usd_per_ton_forecast": 877.73
          },
          {
            "week_start": "2026-04-10T10:13:53Z",
            "avg_days_forecast": 0.23,
            "variance_days_forecast": 1.1,
            "cost_usd_per_ton_forecast": 881.27
          },
          {
            "week_start": "2026-04-17T10:13:53Z",
            "avg_days_forecast": 0.16,
            "variance_days_forecast": 1.08,
            "cost_usd_per_ton_forecast": 905.33
          },
          {
            "week_start": "2026-04-24T10:13:53Z",
            "avg_days_forecast": 0.1,
            "variance_days_forecast": 1.17,
            "cost_usd_per_ton_forecast": 873.24
          },
          {
            "week_start": "2026-05-01T10:13:53Z",
            "avg_days_forecast": 0.1,
            "variance_days_forecast": 1.21,
            "cost_usd_per_ton_forecast": 849.15
          }
        ]
      }
    },
    {
      "id": "TEDGE_008",
      "from_node_id": "TNODE_002",
      "to_node_id": "TNODE_005",
      "label": "Main ocean leg",
      "underlying_segment_ids": [
        "SEG_00370",
        "SEG_00371",
        "SEG_00128",
        "SEG_00160",
        "SEG_00622",
        "SEG_00332",
        "SEG_00329"
      ],
      "mode_mix": [
        "air",
        "road"
      ],
      "geometry": [
        [
          139.66928676320995,
          35.70172651966358
        ],
        [
          139.6637077455492,
          35.731906303472314
        ],
        [
          139.65812872788848,
          35.76208608728105
        ],
        [
          139.65254971022773,
          35.792265871089775
        ],
        [
          139.646970692567,
          35.82244565489851
        ],
        [
          139.64139167490626,
          35.85262543870724
        ],
        [
          139.65080166401827,
          35.823555785364604
        ],
        [
          139.6602116531303,
          35.794486132021966
        ],
        [
          139.66962164224228,
          35.76541647867932
        ],
        [
          139.6790316313543,
          35.73634682533668
        ],
        [
          139.6884416204663,
          35.70727717199404
        ],
        [
          136.0514157424708,
          34.81988136737009
        ],
        [
          132.4143898644753,
          33.93248556274613
        ],
        [
          128.7773639864798,
          33.045089758122174
        ],
        [
          125.1403381084843,
          32.15769395349822
        ],
        [
          121.5033122304888,
          31.270298148874257
        ],
        [
          111.77702649462826,
          28.824670158624883
        ],
        [
          102.05074075876772,
          26.37904216837551
        ],
        [
          92.32445502290717,
          23.93341417812614
        ],
        [
          82.59816928704663,
          21.487786187876765
        ],
        [
          72.87188355118609,
          19.04215819762739
        ],
        [
          63.91560196173759,
          9.993998603751706
        ],
        [
          54.95932037228909,
          0.9458390098760212
        ],
        [
          46.0030387828406,
          -8.10232058399966
        ],
        [
          37.0467571933921,
          -17.150480177875348
        ],
        [
          28.090475603943602,
          -26.19863977175103
        ],
        [
          28.090475603943606,
          -26.198639771751033
        ],
        [
          28.100322580299295,
          -26.204885857960516
        ],
        [
          28.110169556654984,
          -26.211131944169995
        ],
        [
          28.12001653301067,
          -26.21737803037948
        ],
        [
          28.12986350936636,
          -26.223624116588958
        ],
        [
          28.13971048572205,
          -26.22987020279844
        ],
        [
          28.718056569192278,
          -26.952026537968827
        ],
        [
          29.296402652662508,
          -27.674182873139213
        ],
        [
          29.874748736132737,
          -28.396339208309595
        ],
        [
          30.453094819602967,
          -29.11849554347998
        ],
        [
          31.031440903073197,
          -29.840651878650366
        ]
      ],
      "metrics": {
        "avg_days": 5.27,
        "transit_time_variance_days": 6.24,
        "delay_vs_plan_variance_days": 4.42,
        "cost_usd_per_ton": 9832.9,
        "time_distribution": {
          "p10": 2.27,
          "p50": 5.27,
          "p90": 9.27
        },
        "forecast_next_12w": [
          {
            "week_start": "2026-02-13T10:13:53Z",
            "avg_days_forecast": 5.16,
            "variance_days_forecast": 6.34,
            "cost_usd_per_ton_forecast": 9293.3
          },
          {
            "week_start": "2026-02-20T10:13:53Z",
            "avg_days_forecast": 4.74,
            "variance_days_forecast": 6.03,
            "cost_usd_per_ton_forecast": 9522.3
          },
          {
            "week_start": "2026-02-27T10:13:53Z",
            "avg_days_forecast": 5.07,
            "variance_days_forecast": 6.12,
            "cost_usd_per_ton_forecast": 9300.11
          },
          {
            "week_start": "2026-03-06T10:13:53Z",
            "avg_days_forecast": 5.1,
            "variance_days_forecast": 6.26,
            "cost_usd_per_ton_forecast": 10164.92
          },
          {
            "week_start": "2026-03-13T10:13:53Z",
            "avg_days_forecast": 4.71,
            "variance_days_forecast": 6.22,
            "cost_usd_per_ton_forecast": 9603.2
          },
          {
            "week_start": "2026-03-20T10:13:53Z",
            "avg_days_forecast": 4.38,
            "variance_days_forecast": 5.79,
            "cost_usd_per_ton_forecast": 10212.46
          },
          {
            "week_start": "2026-03-27T10:13:53Z",
            "avg_days_forecast": 4.56,
            "variance_days_forecast": 6.26,
            "cost_usd_per_ton_forecast": 9714.53
          },
          {
            "week_start": "2026-04-03T10:13:53Z",
            "avg_days_forecast": 5.1,
            "variance_days_forecast": 6.1,
            "cost_usd_per_ton_forecast": 9554.37
          },
          {
            "week_start": "2026-04-10T10:13:53Z",
            "avg_days_forecast": 4.33,
            "variance_days_forecast": 5.75,
            "cost_usd_per_ton_forecast": 10016.63
          },
          {
            "week_start": "2026-04-17T10:13:53Z",
            "avg_days_forecast": 4.45,
            "variance_days_forecast": 6.08,
            "cost_usd_per_ton_forecast": 10070.6
          },
          {
            "week_start": "2026-04-24T10:13:53Z",
            "avg_days_forecast": 4.53,
            "variance_days_forecast": 6.26,
            "cost_usd_per_ton_forecast": 9461.84
          },
          {
            "week_start": "2026-05-01T10:13:53Z",
            "avg_days_forecast": 4.49,
            "variance_days_forecast": 5.72,
            "cost_usd_per_ton_forecast": 9355.14
          }
        ]
      }
    },
    {
      "id": "TEDGE_009",
      "from_node_id": "TNODE_005",
      "to_node_id": "TNODE_006",
      "label": "Last mile to DC",
      "underlying_segment_ids": [
        "SEG_00330"
      ],
      "mode_mix": [
        "road"
      ],
      "geometry": [
        [
          31.031440903073197,
          -29.840651878650366
        ],
        [
          30.453094819602967,
          -29.11849554347998
        ],
        [
          29.874748736132737,
          -28.396339208309595
        ],
        [
          29.296402652662508,
          -27.674182873139213
        ],
        [
          28.718056569192278,
          -26.952026537968827
        ],
        [
          28.13971048572205,
          -26.22987020279844
        ]
      ],
      "metrics": {
        "avg_days": 0.93,
        "transit_time_variance_days": 0.26,
        "delay_vs_plan_variance_days": 0.15,
        "cost_usd_per_ton": 184.29,
        "time_distribution": {
          "p10": 0.32,
          "p50": 0.93,
          "p90": 1.75
        },
        "forecast_next_12w": [
          {
            "week_start": "2026-02-13T10:13:53Z",
            "avg_days_forecast": 0.74,
            "variance_days_forecast": 0.24,
            "cost_usd_per_ton_forecast": 174.31
          },
          {
            "week_start": "2026-02-20T10:13:53Z",
            "avg_days_forecast": 0.86,
            "variance_days_forecast": 0.25,
            "cost_usd_per_ton_forecast": 189.41
          },
          {
            "week_start": "2026-02-27T10:13:53Z",
            "avg_days_forecast": 0.65,
            "variance_days_forecast": 0.25,
            "cost_usd_per_ton_forecast": 175.5
          },
          {
            "week_start": "2026-03-06T10:13:53Z",
            "avg_days_forecast": 0.71,
            "variance_days_forecast": 0.26,
            "cost_usd_per_ton_forecast": 175.31
          },
          {
            "week_start": "2026-03-13T10:13:53Z",
            "avg_days_forecast": 0.58,
            "variance_days_forecast": 0.24,
            "cost_usd_per_ton_forecast": 188.43
          },
          {
            "week_start": "2026-03-20T10:13:53Z",
            "avg_days_forecast": 0.76,
            "variance_days_forecast": 0.27,
            "cost_usd_per_ton_forecast": 189.79
          },
          {
            "week_start": "2026-03-27T10:13:53Z",
            "avg_days_forecast": 0.91,
            "variance_days_forecast": 0.26,
            "cost_usd_per_ton_forecast": 177.26
          },
          {
            "week_start": "2026-04-03T10:13:53Z",
            "avg_days_forecast": 0.74,
            "variance_days_forecast": 0.27,
            "cost_usd_per_ton_forecast": 180.4
          },
          {
            "week_start": "2026-04-10T10:13:53Z",
            "avg_days_forecast": 0.68,
            "variance_days_forecast": 0.26,
            "cost_usd_per_ton_forecast": 175.45
          },
          {
            "week_start": "2026-04-17T10:13:53Z",
            "avg_days_forecast": 0.64,
            "variance_days_forecast": 0.24,
            "cost_usd_per_ton_forecast": 188.65
          },
          {
            "week_start": "2026-04-24T10:13:53Z",
            "avg_days_forecast": 0.85,
            "variance_days_forecast": 0.24,
            "cost_usd_per_ton_forecast": 189.74
          },
          {
            "week_start": "2026-05-01T10:13:53Z",
            "avg_days_forecast": 0.83,
            "variance_days_forecast": 0.26,
            "cost_usd_per_ton_forecast": 176.11
          }
        ]
      }
    }
  ]
}