{
  "generated_at": "2026-02-13T10:13:53Z",
  "item": {
    "id": "PRD_ELECTRIC_SCOOTER_05",
    "type": "product",
    "name": "Electric Scooter Model X3",
    "category": "Automotive",
    "unit": "unit",
    "description": "Synthetic product record for Electric Scooter.",
    "active": true
  },
  "tree_type": "product_supply_chain",
  "metric_options": [
    {
      "id": "avg_days",
      "label": "Avg days (historical)"
    },
    {
      "id": "transit_time_variance_days",
      "label": "Variance of transit time"
    },
    {
      "id": "delay_vs_plan_variance_days",
      "label": "Variance of delay vs plan"
    }
  ],
  "nodes": [
    {
      "id": "TNODE_001",
      "entity_id": "FCT_HON_07",
      "name": "Hong Kong Plant 07",
      "node_type": "supplier_factory",
      "lat": 22.367710928428856,
      "lon": 114.21325236489805,
      "metrics": {
        "dwell_avg_days": 1.88,
        "transit_time_variance_days": 0.05,
        "delay_vs_plan_variance_days": 0.05,
        "handling_cost_usd": 6769.29,
        "dwell_forecast_next_12w": [
          {
            "week_start": "2026-02-13T10:13:53Z",
            "dwell_days_forecast": 1.78
          },
          {
            "week_start": "2026-02-20T10:13:53Z",
            "dwell_days_forecast": 1.81
          },
          {
            "week_start": "2026-02-27T10:13:53Z",
            "dwell_days_forecast": 1.85
          },
          {
            "week_start": "2026-03-06T10:13:53Z",
            "dwell_days_forecast": 1.96
          },
          {
            "week_start": "2026-03-13T10:13:53Z",
            "dwell_days_forecast": 1.85
          },
          {
            "week_start": "2026-03-20T10:13:53Z",
            "dwell_days_forecast": 1.83
          },
          {
            "week_start": "2026-03-27T10:13:53Z",
            "dwell_days_forecast": 1.73
          },
          {
            "week_start": "2026-04-03T10:13:53Z",
            "dwell_days_forecast": 1.86
          },
          {
            "week_start": "2026-04-10T10:13:53Z",
            "dwell_days_forecast": 1.6
          },
          {
            "week_start": "2026-04-17T10:13:53Z",
            "dwell_days_forecast": 1.95
          },
          {
            "week_start": "2026-04-24T10:13:53Z",
            "dwell_days_forecast": 1.75
          },
          {
            "week_start": "2026-05-01T10:13:53Z",
            "dwell_days_forecast": 1.59
          }
        ]
      }
    },
    {
      "id": "TNODE_002",
      "entity_id": "PRT_HON",
      "name": "Port of Hong Kong",
      "node_type": "export_port",
      "lat": 22.316828237809872,
      "lon": 114.17438035934948,
      "metrics": {
        "dwell_avg_days": 1.94,
        "transit_time_variance_days": 0.05,
        "delay_vs_plan_variance_days": 0.05,
        "handling_cost_usd": 5255.61,
        "dwell_forecast_next_12w": [
          {
            "week_start": "2026-02-13T10:13:53Z",
            "dwell_days_forecast": 2.12
          },
          {
            "week_start": "2026-02-20T10:13:53Z",
            "dwell_days_forecast": 1.83
          },
          {
            "week_start": "2026-02-27T10:13:53Z",
            "dwell_days_forecast": 1.96
          },
          {
            "week_start": "2026-03-06T10:13:53Z",
            "dwell_days_forecast": 1.78
          },
          {
            "week_start": "2026-03-13T10:13:53Z",
            "dwell_days_forecast": 2.2
          },
          {
            "week_start": "2026-03-20T10:13:53Z",
            "dwell_days_forecast": 2.26
          },
          {
            "week_start": "2026-03-27T10:13:53Z",
            "dwell_days_forecast": 2.14
          },
          {
            "week_start": "2026-04-03T10:13:53Z",
            "dwell_days_forecast": 1.71
          },
          {
            "week_start": "2026-04-10T10:13:53Z",
            "dwell_days_forecast": 1.79
          },
          {
            "week_start": "2026-04-17T10:13:53Z",
            "dwell_days_forecast": 1.84
          },
          {
            "week_start": "2026-04-24T10:13:53Z",
            "dwell_days_forecast": 1.75
          },
          {
            "week_start": "2026-05-01T10:13:53Z",
            "dwell_days_forecast": 1.63
          }
        ]
      }
    },
    {
      "id": "TNODE_003",
      "entity_id": "FCT_BAN_06",
      "name": "Bangkok Plant 06",
      "node_type": "supplier_factory",
      "lat": 13.70845121045862,
      "lon": 100.66520175104952,
      "metrics": {
        "dwell_avg_days": 1.31,
        "transit_time_variance_days": 1.34,
        "delay_vs_plan_variance_days": 1.17,
        "handling_cost_usd": 1197.38,
        "dwell_forecast_next_12w": [
          {
            "week_start": "2026-02-13T10:13:53Z",
            "dwell_days_forecast": 1.03
          },
          {
            "week_start": "2026-02-20T10:13:53Z",
            "dwell_days_forecast": 0.9
          },
          {
            "week_start": "2026-02-27T10:13:53Z",
            "dwell_days_forecast": 1.39
          },
          {
            "week_start": "2026-03-06T10:13:53Z",
            "dwell_days_forecast": 1.25
          },
          {
            "week_start": "2026-03-13T10:13:53Z",
            "dwell_days_forecast": 1.09
          },
          {
            "week_start": "2026-03-20T10:13:53Z",
            "dwell_days_forecast": 1.29
          },
          {
            "week_start": "2026-03-27T10:13:53Z",
            "dwell_days_forecast": 1.3
          },
          {
            "week_start": "2026-04-03T10:13:53Z",
            "dwell_days_forecast": 0.83
          },
          {
            "week_start": "2026-04-10T10:13:53Z",
            "dwell_days_forecast": 1.27
          },
          {
            "week_start": "2026-04-17T10:13:53Z",
            "dwell_days_forecast": 1.02
          },
          {
            "week_start": "2026-04-24T10:13:53Z",
            "dwell_days_forecast": 1.32
          },
          {
            "week_start": "2026-05-01T10:13:53Z",
            "dwell_days_forecast": 1.11
          }
        ]
      }
    },
    {
      "id": "TNODE_004",
      "entity_id": "PRT_BAN",
      "name": "Port of Bangkok",
      "node_type": "export_port",
      "lat": 13.715993081422882,
      "lon": 100.49490511824064,
      "metrics": {
        "dwell_avg_days": 1.67,
        "transit_time_variance_days": 0.99,
        "delay_vs_plan_variance_days": 0.48,
        "handling_cost_usd": 2332.96,
        "dwell_forecast_next_12w": [
          {
            "week_start": "2026-02-13T10:13:53Z",
            "dwell_days_forecast": 1.74
          },
          {
            "week_start": "2026-02-20T10:13:53Z",
            "dwell_days_forecast": 1.73
          },
          {
            "week_start": "2026-02-27T10:13:53Z",
            "dwell_days_forecast": 1.63
          },
          {
            "week_start": "2026-03-06T10:13:53Z",
            "dwell_days_forecast": 1.87
          },
          {
            "week_start": "2026-03-13T10:13:53Z",
            "dwell_days_forecast": 1.56
          },
          {
            "week_start": "2026-03-20T10:13:53Z",
            "dwell_days_forecast": 1.55
          },
          {
            "week_start": "2026-03-27T10:13:53Z",
            "dwell_days_forecast": 1.83
          },
          {
            "week_start": "2026-04-03T10:13:53Z",
            "dwell_days_forecast": 1.67
          },
          {
            "week_start": "2026-04-10T10:13:53Z",
            "dwell_days_forecast": 1.66
          },
          {
            "week_start": "2026-04-17T10:13:53Z",
            "dwell_days_forecast": 1.71
          },
          {
            "week_start": "2026-04-24T10:13:53Z",
            "dwell_days_forecast": 1.86
          },
          {
            "week_start": "2026-05-01T10:13:53Z",
            "dwell_days_forecast": 1.62
          }
        ]
      }
    },
    {
      "id": "TNODE_005",
      "entity_id": "FCT_SHA_13",
      "name": "Shanghai Plant 13",
      "node_type": "supplier_factory",
      "lat": 31.347451426492963,
      "lon": 121.51171761492776,
      "metrics": {
        "dwell_avg_days": 0.1,
        "transit_time_variance_days": 1.75,
        "delay_vs_plan_variance_days": 0.82,
        "handling_cost_usd": 2069.41,
        "dwell_forecast_next_12w": [
          {
            "week_start": "2026-02-13T10:13:53Z",
            "dwell_days_forecast": 0.21
          },
          {
            "week_start": "2026-02-20T10:13:53Z",
            "dwell_days_forecast": 0.27
          },
          {
            "week_start": "2026-02-27T10:13:53Z",
            "dwell_days_forecast": 0.31
          },
          {
            "week_start": "2026-03-06T10:13:53Z",
            "dwell_days_forecast": 0.13
          },
          {
            "week_start": "2026-03-13T10:13:53Z",
            "dwell_days_forecast": 0.05
          },
          {
            "week_start": "2026-03-20T10:13:53Z",
            "dwell_days_forecast": 0.15
          },
          {
            "week_start": "2026-03-27T10:13:53Z",
            "dwell_days_forecast": 0.32
          },
          {
            "week_start": "2026-04-03T10:13:53Z",
            "dwell_days_forecast": 0.06
          },
          {
            "week_start": "2026-04-10T10:13:53Z",
            "dwell_days_forecast": 0.05
          },
          {
            "week_start": "2026-04-17T10:13:53Z",
            "dwell_days_forecast": 0.05
          },
          {
            "week_start": "2026-04-24T10:13:53Z",
            "dwell_days_forecast": 0.05
          },
          {
            "week_start": "2026-05-01T10:13:53Z",
            "dwell_days_forecast": 0.05
          }
        ]
      }
    },
    {
      "id": "TNODE_006",
      "entity_id": "PRT_SHA",
      "name": "Port of Shanghai",
      "node_type": "export_port",
      "lat": 31.27893213789438,
      "lon": 121.5043774804797,
      "metrics": {
        "dwell_avg_days": 0.83,
        "transit_time_variance_days": 0.13,
        "delay_vs_plan_variance_days": 0.07,
        "handling_cost_usd": 2258.11,
        "dwell_forecast_next_12w": [
          {
            "week_start": "2026-02-13T10:13:53Z",
            "dwell_days_forecast": 0.75
          },
          {
            "week_start": "2026-02-20T10:13:53Z",
            "dwell_days_forecast": 0.82
          },
          {
            "week_start": "2026-02-27T10:13:53Z",
            "dwell_days_forecast": 0.46
          },
          {
            "week_start": "2026-03-06T10:13:53Z",
            "dwell_days_forecast": 0.7
          },
          {
            "week_start": "2026-03-13T10:13:53Z",
            "dwell_days_forecast": 0.96
          },
          {
            "week_start": "2026-03-20T10:13:53Z",
            "dwell_days_forecast": 0.8
          },
          {
            "week_start": "2026-03-27T10:13:53Z",
            "dwell_days_forecast": 0.88
          },
          {
            "week_start": "2026-04-03T10:13:53Z",
            "dwell_days_forecast": 0.67
          },
          {
            "week_start": "2026-04-10T10:13:53Z",
            "dwell_days_forecast": 0.68
          },
          {
            "week_start": "2026-04-17T10:13:53Z",
            "dwell_days_forecast": 0.58
          },
          {
            "week_start": "2026-04-24T10:13:53Z",
            "dwell_days_forecast": 0.86
          },
          {
            "week_start": "2026-05-01T10:13:53Z",
            "dwell_days_forecast": 1.07
          }
        ]
      }
    },
    {
      "id": "TNODE_007",
      "entity_id": "FCT_SHA_11",
      "name": "Shanghai Plant 11",
      "node_type": "assembly_factory",
      "lat": 31.34553121065869,
      "lon": 121.52372320286568,
      "metrics": {
        "dwell_avg_days": 0.41,
        "transit_time_variance_days": 0.05,
        "delay_vs_plan_variance_days": 0.05,
        "handling_cost_usd": 972.57,
        "dwell_forecast_next_12w": [
          {
            "week_start": "2026-02-13T10:13:53Z",
            "dwell_days_forecast": 0.4
          },
          {
            "week_start": "2026-02-20T10:13:53Z",
            "dwell_days_forecast": 0.29
          },
          {
            "week_start": "2026-02-27T10:13:53Z",
            "dwell_days_forecast": 0.1
          },
          {
            "week_start": "2026-03-06T10:13:53Z",
            "dwell_days_forecast": 0.41
          },
          {
            "week_start": "2026-03-13T10:13:53Z",
            "dwell_days_forecast": 0.36
          },
          {
            "week_start": "2026-03-20T10:13:53Z",
            "dwell_days_forecast": 0.6
          },
          {
            "week_start": "2026-03-27T10:13:53Z",
            "dwell_days_forecast": 0.33
          },
          {
            "week_start": "2026-04-03T10:13:53Z",
            "dwell_days_forecast": 0.1
          },
          {
            "week_start": "2026-04-10T10:13:53Z",
            "dwell_days_forecast": 0.5
          },
          {
            "week_start": "2026-04-17T10:13:53Z",
            "dwell_days_forecast": 0.5
          },
          {
            "week_start": "2026-04-24T10:13:53Z",
            "dwell_days_forecast": 0.46
          },
          {
            "week_start": "2026-05-01T10:13:53Z",
            "dwell_days_forecast": 0.21
          }
        ]
      }
    },
    {
      "id": "TNODE_008",
      "entity_id": "PRT_JED",
      "name": "Port of Jeddah",
      "node_type": "import_port",
      "lat": 21.510501381165227,
      "lon": 39.185343382729464,
      "metrics": {
        "dwell_avg_days": 0.36,
        "transit_time_variance_days": 1.24,
        "delay_vs_plan_variance_days": 0.41,
        "handling_cost_usd": 7549.93,
        "dwell_forecast_next_12w": [
          {
            "week_start": "2026-02-13T10:13:53Z",
            "dwell_days_forecast": 0.33
          },
          {
            "week_start": "2026-02-20T10:13:53Z",
            "dwell_days_forecast": 0.4
          },
          {
            "week_start": "2026-02-27T10:13:53Z",
            "dwell_days_forecast": 0.44
          },
          {
            "week_start": "2026-03-06T10:13:53Z",
            "dwell_days_forecast": 0.53
          },
          {
            "week_start": "2026-03-13T10:13:53Z",
            "dwell_days_forecast": 0.45
          },
          {
            "week_start": "2026-03-20T10:13:53Z",
            "dwell_days_forecast": 0.45
          },
          {
            "week_start": "2026-03-27T10:13:53Z",
            "dwell_days_forecast": 0.17
          },
          {
            "week_start": "2026-04-03T10:13:53Z",
            "dwell_days_forecast": 0.45
          },
          {
            "week_start": "2026-04-10T10:13:53Z",
            "dwell_days_forecast": 0.28
          },
          {
            "week_start": "2026-04-17T10:13:53Z",
            "dwell_days_forecast": 0.47
          },
          {
            "week_start": "2026-04-24T10:13:53Z",
            "dwell_days_forecast": 0.45
          },
          {
            "week_start": "2026-05-01T10:13:53Z",
            "dwell_days_forecast": 0.32
          }
        ]
      }
    },
    {
      "id": "TNODE_009",
      "entity_id": "WH_JED_21",
      "name": "Jeddah DC 21",
      "node_type": "distribution_warehouse",
      "lat": 21.416538321952526,
      "lon": 39.29699188315762,
      "metrics": {
        "dwell_avg_days": 1.29,
        "transit_time_variance_days": 0.05,
        "delay_vs_plan_variance_days": 0.05,
        "handling_cost_usd": 4357.39,
        "dwell_forecast_next_12w": [
          {
            "week_start": "2026-02-13T10:13:53Z",
            "dwell_days_forecast": 1.12
          },
          {
            "week_start": "2026-02-20T10:13:53Z",
            "dwell_days_forecast": 1.1
          },
          {
            "week_start": "2026-02-27T10:13:53Z",
            "dwell_days_forecast": 1.53
          },
          {
            "week_start": "2026-03-06T10:13:53Z",
            "dwell_days_forecast": 1.07
          },
          {
            "week_start": "2026-03-13T10:13:53Z",
            "dwell_days_forecast": 1.45
          },
          {
            "week_start": "2026-03-20T10:13:53Z",
            "dwell_days_forecast": 1.38
          },
          {
            "week_start": "2026-03-27T10:13:53Z",
            "dwell_days_forecast": 1.33
          },
          {
            "week_start": "2026-04-03T10:13:53Z",
            "dwell_days_forecast": 1.11
          },
          {
            "week_start": "2026-04-10T10:13:53Z",
            "dwell_days_forecast": 1.41
          },
          {
            "week_start": "2026-04-17T10:13:53Z",
            "dwell_days_forecast": 1.12
          },
          {
            "week_start": "2026-04-24T10:13:53Z",
            "dwell_days_forecast": 1.07
          },
          {
            "week_start": "2026-05-01T10:13:53Z",
            "dwell_days_forecast": 1.59
          }
        ]
      }
    }
  ],
  "edges": [
    {
      "id": "TEDGE_001",
      "from_node_id": "TNODE_001",
      "to_node_id": "TNODE_002",
      "label": "Supplier pickup",
      "underlying_segment_ids": [
        "SEG_00385"
      ],
      "mode_mix": [
        "road"
      ],
      "geometry": [
        [
          114.21325236489805,
          22.367710928428856
        ],
        [
          114.20547796378834,
          22.35753439030506
        ],
        [
          114.19770356267863,
          22.34735785218126
        ],
        [
          114.18992916156891,
          22.337181314057467
        ],
        [
          114.1821547604592,
          22.32700477593367
        ],
        [
          114.17438035934948,
          22.316828237809872
        ]
      ],
      "metrics": {
        "avg_days": 0.62,
        "transit_time_variance_days": 0.16,
        "delay_vs_plan_variance_days": 0.09,
        "cost_usd_per_ton": 537.65,
        "time_distribution": {
          "p10": 0.14,
          "p50": 0.62,
          "p90": 1.26
        },
        "forecast_next_12w": [
          {
            "week_start": "2026-02-13T10:13:53Z",
            "avg_days_forecast": 1.01,
            "variance_days_forecast": 0.16,
            "cost_usd_per_ton_forecast": 551.67
          },
          {
            "week_start": "2026-02-20T10:13:53Z",
            "avg_days_forecast": 0.3,
            "variance_days_forecast": 0.15,
            "cost_usd_per_ton_forecast": 538.38
          },
          {
            "week_start": "2026-02-27T10:13:53Z",
            "avg_days_forecast": 0.51,
            "variance_days_forecast": 0.16,
            "cost_usd_per_ton_forecast": 533.28
          },
          {
            "week_start": "2026-03-06T10:13:53Z",
            "avg_days_forecast": 0.63,
            "variance_days_forecast": 0.15,
            "cost_usd_per_ton_forecast": 516.24
          },
          {
            "week_start": "2026-03-13T10:13:53Z",
            "avg_days_forecast": 0.44,
            "variance_days_forecast": 0.16,
            "cost_usd_per_ton_forecast": 528.71
          },
          {
            "week_start": "2026-03-20T10:13:53Z",
            "avg_days_forecast": 0.34,
            "variance_days_forecast": 0.16,
            "cost_usd_per_ton_forecast": 551.88
          },
          {
            "week_start": "2026-03-27T10:13:53Z",
            "avg_days_forecast": 0.53,
            "variance_days_forecast": 0.16,
            "cost_usd_per_ton_forecast": 526.72
          },
          {
            "week_start": "2026-04-03T10:13:53Z",
            "avg_days_forecast": 0.62,
            "variance_days_forecast": 0.15,
            "cost_usd_per_ton_forecast": 528.51
          },
          {
            "week_start": "2026-04-10T10:13:53Z",
            "avg_days_forecast": 0.53,
            "variance_days_forecast": 0.15,
            "cost_usd_per_ton_forecast": 534.77
          },
          {
            "week_start": "2026-04-17T10:13:53Z",
            "avg_days_forecast": 0.5,
            "variance_days_forecast": 0.15,
            "cost_usd_per_ton_forecast": 542.01
          },
          {
            "week_start": "2026-04-24T10:13:53Z",
            "avg_days_forecast": 0.63,
            "variance_days_forecast": 0.15,
            "cost_usd_per_ton_forecast": 542.49
          },
          {
            "week_start": "2026-05-01T10:13:53Z",
            "avg_days_forecast": 0.7,
            "variance_days_forecast": 0.16,
            "cost_usd_per_ton_forecast": 536.75
          }
        ]
      }
    },
    {
      "id": "TEDGE_002",
      "from_node_id": "TNODE_002",
      "to_node_id": "TNODE_006",
      "label": "Move to export port",
      "underlying_segment_ids": [
        "SEG_00434",
        "SEG_00435",
        "SEG_00630",
        "SEG_00191",
        "SEG_00404",
        "SEG_00401"
      ],
      "mode_mix": [
        "air",
        "road"
      ],
      "geometry": [
        [
          114.17438035934948,
          22.316828237809872
        ],
        [
          114.1600489589728,
          22.30515947475147
        ],
        [
          114.1457175585961,
          22.293490711693067
        ],
        [
          114.13138615821941,
          22.281821948634665
        ],
        [
          114.11705475784272,
          22.270153185576262
        ],
        [
          114.10272335746603,
          22.25848442251786
        ],
        [
          114.12457396242422,
          22.275637090237158
        ],
        [
          114.1464245673824,
          22.292789757956456
        ],
        [
          114.16827517234059,
          22.309942425675757
        ],
        [
          114.19012577729876,
          22.327095093395055
        ],
        [
          114.21197638225695,
          22.344247761114353
        ],
        [
          91.34745491026476,
          28.174793925827306
        ],
        [
          68.48293343827257,
          34.00534009054026
        ],
        [
          45.61841196628038,
          39.835886255253214
        ],
        [
          22.753890494288186,
          45.66643241996617
        ],
        [
          -0.11063097770400532,
          51.49697858467912
        ],
        [
          -0.11063097770400288,
          51.49697858467912
        ],
        [
          24.212157663934562,
          47.45164249751815
        ],
        [
          48.53494630557312,
          43.406306410357175
        ],
        [
          72.85773494721168,
          39.3609703231962
        ],
        [
          97.18052358885025,
          35.31563423603523
        ],
        [
          121.5033122304888,
          31.270298148874257
        ],
        [
          121.50739442496418,
          31.285344761231144
        ],
        [
          121.51147661943955,
          31.30039137358803
        ],
        [
          121.51555881391494,
          31.315437985944918
        ],
        [
          121.51964100839031,
          31.330484598301805
        ],
        [
          121.52372320286568,
          31.34553121065869
        ],
        [
          121.51985405838849,
          31.33221139610583
        ],
        [
          121.5159849139113,
          31.31889158155297
        ],
        [
          121.51211576943409,
          31.305571767000103
        ],
        [
          121.5082466249569,
          31.29225195244724
        ],
        [
          121.5043774804797,
          31.27893213789438
        ]
      ],
      "metrics": {
        "avg_days": 3.28,
        "transit_time_variance_days": 5.02,
        "delay_vs_plan_variance_days": 3.68,
        "cost_usd_per_ton": 7348.98,
        "time_distribution": {
          "p10": 0.59,
          "p50": 3.28,
          "p90": 6.86
        },
        "forecast_next_12w": [
          {
            "week_start": "2026-02-13T10:13:53Z",
            "avg_days_forecast": 3.17,
            "variance_days_forecast": 4.93,
            "cost_usd_per_ton_forecast": 7089.54
          },
          {
            "week_start": "2026-02-20T10:13:53Z",
            "avg_days_forecast": 3.17,
            "variance_days_forecast": 5.07,
            "cost_usd_per_ton_forecast": 7216.47
          },
          {
            "week_start": "2026-02-27T10:13:53Z",
            "avg_days_forecast": 2.72,
            "variance_days_forecast": 5.09,
            "cost_usd_per_ton_forecast": 7410.12
          },
          {
            "week_start": "2026-03-06T10:13:53Z",
            "avg_days_forecast": 3.33,
            "variance_days_forecast": 4.79,
            "cost_usd_per_ton_forecast": 7586.63
          },
          {
            "week_start": "2026-03-13T10:13:53Z",
            "avg_days_forecast": 2.73,
            "variance_days_forecast": 4.9,
            "cost_usd_per_ton_forecast": 7552.12
          },
          {
            "week_start": "2026-03-20T10:13:53Z",
            "avg_days_forecast": 3.23,
            "variance_days_forecast": 4.64,
            "cost_usd_per_ton_forecast": 7425.39
          },
          {
            "week_start": "2026-03-27T10:13:53Z",
            "avg_days_forecast": 3.23,
            "variance_days_forecast": 5.11,
            "cost_usd_per_ton_forecast": 7514.34
          },
          {
            "week_start": "2026-04-03T10:13:53Z",
            "avg_days_forecast": 2.81,
            "variance_days_forecast": 5.11,
            "cost_usd_per_ton_forecast": 7009.8
          },
          {
            "week_start": "2026-04-10T10:13:53Z",
            "avg_days_forecast": 2.7,
            "variance_days_forecast": 4.87,
            "cost_usd_per_ton_forecast": 7512.42
          },
          {
            "week_start": "2026-04-17T10:13:53Z",
            "avg_days_forecast": 2.58,
            "variance_days_forecast": 5.1,
            "cost_usd_per_ton_forecast": 7217.62
          },
          {
            "week_start": "2026-04-24T10:13:53Z",
            "avg_days_forecast": 2.58,
            "variance_days_forecast": 4.58,
            "cost_usd_per_ton_forecast": 7554.35
          },
          {
            "week_start": "2026-05-01T10:13:53Z",
            "avg_days_forecast": 2.6,
            "variance_days_forecast": 4.72,
            "cost_usd_per_ton_forecast": 7525.06
          }
        ]
      }
    },
    {
      "id": "TEDGE_003",
      "from_node_id": "TNODE_003",
      "to_node_id": "TNODE_004",
      "label": "Supplier pickup",
      "underlying_segment_ids": [
        "SEG_00381"
      ],
      "mode_mix": [
        "road"
      ],
      "geometry": [
        [
          100.66520175104952,
          13.70845121045862
        ],
        [
          100.63114242448775,
          13.709959584651472
        ],
        [
          100.59708309792597,
          13.711467958844324
        ],
        [
          100.56302377136419,
          13.712976333037178
        ],
        [
          100.52896444480241,
          13.71448470723003
        ],
        [
          100.49490511824064,
          13.715993081422882
        ]
      ],
      "metrics": {
        "avg_days": 0.49,
        "transit_time_variance_days": 1.99,
        "delay_vs_plan_variance_days": 1.65,
        "cost_usd_per_ton": 269.53,
        "time_distribution": {
          "p10": 0.1,
          "p50": 0.49,
          "p90": 2.75
        },
        "forecast_next_12w": [
          {
            "week_start": "2026-02-13T10:13:53Z",
            "avg_days_forecast": 0.4,
            "variance_days_forecast": 1.86,
            "cost_usd_per_ton_forecast": 262.76
          },
          {
            "week_start": "2026-02-20T10:13:53Z",
            "avg_days_forecast": 0.58,
            "variance_days_forecast": 2.02,
            "cost_usd_per_ton_forecast": 269.98
          },
          {
            "week_start": "2026-02-27T10:13:53Z",
            "avg_days_forecast": 0.1,
            "variance_days_forecast": 1.98,
            "cost_usd_per_ton_forecast": 253.49
          },
          {
            "week_start": "2026-03-06T10:13:53Z",
            "avg_days_forecast": 0.35,
            "variance_days_forecast": 1.84,
            "cost_usd_per_ton_forecast": 273.9
          },
          {
            "week_start": "2026-03-13T10:13:53Z",
            "avg_days_forecast": 0.68,
            "variance_days_forecast": 1.86,
            "cost_usd_per_ton_forecast": 259.31
          },
          {
            "week_start": "2026-03-20T10:13:53Z",
            "avg_days_forecast": 0.15,
            "variance_days_forecast": 1.96,
            "cost_usd_per_ton_forecast": 261.99
          },
          {
            "week_start": "2026-03-27T10:13:53Z",
            "avg_days_forecast": 0.38,
            "variance_days_forecast": 1.89,
            "cost_usd_per_ton_forecast": 258.22
          },
          {
            "week_start": "2026-04-03T10:13:53Z",
            "avg_days_forecast": 0.83,
            "variance_days_forecast": 1.96,
            "cost_usd_per_ton_forecast": 264.25
          },
          {
            "week_start": "2026-04-10T10:13:53Z",
            "avg_days_forecast": 0.2,
            "variance_days_forecast": 1.94,
            "cost_usd_per_ton_forecast": 258.74
          },
          {
            "week_start": "2026-04-17T10:13:53Z",
            "avg_days_forecast": 0.16,
            "variance_days_forecast": 2.0,
            "cost_usd_per_ton_forecast": 260.13
          },
          {
            "week_start": "2026-04-24T10:13:53Z",
            "avg_days_forecast": 0.42,
            "variance_days_forecast": 1.92,
            "cost_usd_per_ton_forecast": 268.4
          },
          {
            "week_start": "2026-05-01T10:13:53Z",
            "avg_days_forecast": 0.57,
            "variance_days_forecast": 2.02,
            "cost_usd_per_ton_forecast": 265.31
          }
        ]
      }
    },
    {
      "id": "TEDGE_004",
      "from_node_id": "TNODE_004",
      "to_node_id": "TNODE_006",
      "label": "Move to export port",
      "underlying_segment_ids": [
        "SEG_00382",
        "SEG_00383",
        "SEG_00593",
        "SEG_00601",
        "SEG_00404",
        "SEG_00401"
      ],
      "mode_mix": [
        "air",
        "road"
      ],
      "geometry": [
        [
          100.49490511824064,
          13.715993081422882
        ],
        [
          100.52896444480241,
          13.71448470723003
        ],
        [
          100.56302377136419,
          13.712976333037178
        ],
        [
          100.59708309792597,
          13.711467958844324
        ],
        [
          100.63114242448775,
          13.709959584651472
        ],
        [
          100.66520175104952,
          13.70845121045862
        ],
        [
          100.63049072041092,
          13.721221632021868
        ],
        [
          100.59577968977231,
          13.733992053585116
        ],
        [
          100.5610686591337,
          13.746762475148365
        ],
        [
          100.52635762849509,
          13.759532896711614
        ],
        [
          100.49164659785649,
          13.772303318274862
        ],
        [
          81.29124490849183,
          21.40461303769056
        ],
        [
          62.09084321912717,
          29.036922757106254
        ],
        [
          42.89044152976252,
          36.66923247652195
        ],
        [
          23.69003984039786,
          44.30154219593764
        ],
        [
          4.489638151033205,
          51.933851915353344
        ],
        [
          4.48963815103321,
          51.933851915353344
        ],
        [
          27.892372966924334,
          47.801141162057526
        ],
        [
          51.29510778281546,
          43.66843040876171
        ],
        [
          74.69784259870656,
          39.53571965546589
        ],
        [
          98.1005774145977,
          35.40300890217007
        ],
        [
          121.5033122304888,
          31.270298148874257
        ],
        [
          121.50739442496418,
          31.285344761231144
        ],
        [
          121.51147661943955,
          31.30039137358803
        ],
        [
          121.51555881391494,
          31.315437985944918
        ],
        [
          121.51964100839031,
          31.330484598301805
        ],
        [
          121.52372320286568,
          31.34553121065869
        ],
        [
          121.51985405838849,
          31.33221139610583
        ],
        [
          121.5159849139113,
          31.31889158155297
        ],
        [
          121.51211576943409,
          31.305571767000103
        ],
        [
          121.5082466249569,
          31.29225195244724
        ],
        [
          121.5043774804797,
          31.27893213789438
        ]
      ],
      "metrics": {
        "avg_days": 4.11,
        "transit_time_variance_days": 6.02,
        "delay_vs_plan_variance_days": 4.48,
        "cost_usd_per_ton": 8508.45,
        "time_distribution": {
          "p10": 1.17,
          "p50": 4.11,
          "p90": 8.04
        },
        "forecast_next_12w": [
          {
            "week_start": "2026-02-13T10:13:53Z",
            "avg_days_forecast": 4.44,
            "variance_days_forecast": 5.98,
            "cost_usd_per_ton_forecast": 8661.01
          },
          {
            "week_start": "2026-02-20T10:13:53Z",
            "avg_days_forecast": 4.01,
            "variance_days_forecast": 5.61,
            "cost_usd_per_ton_forecast": 8310.4
          },
          {
            "week_start": "2026-02-27T10:13:53Z",
            "avg_days_forecast": 4.07,
            "variance_days_forecast": 5.43,
            "cost_usd_per_ton_forecast": 8411.97
          },
          {
            "week_start": "2026-03-06T10:13:53Z",
            "avg_days_forecast": 3.8,
            "variance_days_forecast": 6.1,
            "cost_usd_per_ton_forecast": 8841.63
          },
          {
            "week_start": "2026-03-13T10:13:53Z",
            "avg_days_forecast": 4.14,
            "variance_days_forecast": 6.19,
            "cost_usd_per_ton_forecast": 8724.14
          },
          {
            "week_start": "2026-03-20T10:13:53Z",
            "avg_days_forecast": 3.5,
            "variance_days_forecast": 6.05,
            "cost_usd_per_ton_forecast": 8303.3
          },
          {
            "week_start": "2026-03-27T10:13:53Z",
            "avg_days_forecast": 3.47,
            "variance_days_forecast": 5.6,
            "cost_usd_per_ton_forecast": 8682.75
          },
          {
            "week_start": "2026-04-03T10:13:53Z",
            "avg_days_forecast": 3.75,
            "variance_days_forecast": 6.09,
            "cost_usd_per_ton_forecast": 8242.27
          },
          {
            "week_start": "2026-04-10T10:13:53Z",
            "avg_days_forecast": 3.61,
            "variance_days_forecast": 5.55,
            "cost_usd_per_ton_forecast": 8129.4
          },
          {
            "week_start": "2026-04-17T10:13:53Z",
            "avg_days_forecast": 3.74,
            "variance_days_forecast": 5.51,
            "cost_usd_per_ton_forecast": 8751.31
          },
          {
            "week_start": "2026-04-24T10:13:53Z",
            "avg_days_forecast": 3.73,
            "variance_days_forecast": 5.53,
            "cost_usd_per_ton_forecast": 8716.82
          },
          {
            "week_start": "2026-05-01T10:13:53Z",
            "avg_days_forecast": 3.61,
            "variance_days_forecast": 5.75,
            "cost_usd_per_ton_forecast": 8533.89
          }
        ]
      }
    },
    {
      "id": "TEDGE_005",
      "from_node_id": "TNODE_005",
      "to_node_id": "TNODE_006",
      "label": "Supplier pickup",
      "underlying_segment_ids": [
        "SEG_00409"
      ],
      "mode_mix": [
        "road"
      ],
      "geometry": [
        [
          121.51171761492776,
          31.347451426492963
        ],
        [
          121.51024958803815,
          31.333747568773248
        ],
        [
          121.50878156114854,
          31.32004371105353
        ],
        [
          121.50731353425893,
          31.306339853333814
        ],
        [
          121.50584550736932,
          31.292635995614095
        ],
        [
          121.5043774804797,
          31.27893213789438
        ]
      ],
      "metrics": {
        "avg_days": 0.64,
        "transit_time_variance_days": 0.44,
        "delay_vs_plan_variance_days": 0.17,
        "cost_usd_per_ton": 269.42,
        "time_distribution": {
          "p10": 0.1,
          "p50": 0.64,
          "p90": 1.7
        },
        "forecast_next_12w": [
          {
            "week_start": "2026-02-13T10:13:53Z",
            "avg_days_forecast": 0.86,
            "variance_days_forecast": 0.44,
            "cost_usd_per_ton_forecast": 270.37
          },
          {
            "week_start": "2026-02-20T10:13:53Z",
            "avg_days_forecast": 0.75,
            "variance_days_forecast": 0.41,
            "cost_usd_per_ton_forecast": 260.36
          },
          {
            "week_start": "2026-02-27T10:13:53Z",
            "avg_days_forecast": 0.77,
            "variance_days_forecast": 0.44,
            "cost_usd_per_ton_forecast": 272.53
          },
          {
            "week_start": "2026-03-06T10:13:53Z",
            "avg_days_forecast": 0.36,
            "variance_days_forecast": 0.42,
            "cost_usd_per_ton_forecast": 267.64
          },
          {
            "week_start": "2026-03-13T10:13:53Z",
            "avg_days_forecast": 0.69,
            "variance_days_forecast": 0.43,
            "cost_usd_per_ton_forecast": 255.84
          },
          {
            "week_start": "2026-03-20T10:13:53Z",
            "avg_days_forecast": 0.25,
            "variance_days_forecast": 0.45,
            "cost_usd_per_ton_forecast": 269.34
          },
          {
            "week_start": "2026-03-27T10:13:53Z",
            "avg_days_forecast": 0.37,
            "variance_days_forecast": 0.43,
            "cost_usd_per_ton_forecast": 258.24
          },
          {
            "week_start": "2026-04-03T10:13:53Z",
            "avg_days_forecast": 0.56,
            "variance_days_forecast": 0.44,
            "cost_usd_per_ton_forecast": 268.97
          },
          {
            "week_start": "2026-04-10T10:13:53Z",
            "avg_days_forecast": 0.6,
            "variance_days_forecast": 0.42,
            "cost_usd_per_ton_forecast": 276.86
          },
          {
            "week_start": "2026-04-17T10:13:53Z",
            "avg_days_forecast": 0.52,
            "variance_days_forecast": 0.41,
            "cost_usd_per_ton_forecast": 271.11
          },
          {
            "week_start": "2026-04-24T10:13:53Z",
            "avg_days_forecast": 0.14,
            "variance_days_forecast": 0.45,
            "cost_usd_per_ton_forecast": 258.26
          },
          {
            "week_start": "2026-05-01T10:13:53Z",
            "avg_days_forecast": 0.29,
            "variance_days_forecast": 0.43,
            "cost_usd_per_ton_forecast": 279.2
          }
        ]
      }
    },
    {
      "id": "TEDGE_006",
      "from_node_id": "TNODE_006",
      "to_node_id": "TNODE_007",
      "label": "Inbound to assembly",
      "underlying_segment_ids": [
        "SEG_00402"
      ],
      "mode_mix": [
        "road"
      ],
      "geometry": [
        [
          121.5043774804797,
          31.27893213789438
        ],
        [
          121.5082466249569,
          31.29225195244724
        ],
        [
          121.51211576943409,
          31.305571767000103
        ],
        [
          121.5159849139113,
          31.31889158155297
        ],
        [
          121.51985405838849,
          31.33221139610583
        ],
        [
          121.52372320286568,
          31.34553121065869
        ]
      ],
      "metrics": {
        "avg_days": 0.33,
        "transit_time_variance_days": 1.99,
        "delay_vs_plan_variance_days": 0.93,
        "cost_usd_per_ton": 684.15,
        "time_distribution": {
          "p10": 0.1,
          "p50": 0.33,
          "p90": 2.59
        },
        "forecast_next_12w": [
          {
            "week_start": "2026-02-13T10:13:53Z",
            "avg_days_forecast": 0.2,
            "variance_days_forecast": 1.89,
            "cost_usd_per_ton_forecast": 646.67
          },
          {
            "week_start": "2026-02-20T10:13:53Z",
            "avg_days_forecast": 0.54,
            "variance_days_forecast": 1.94,
            "cost_usd_per_ton_forecast": 693.59
          },
          {
            "week_start": "2026-02-27T10:13:53Z",
            "avg_days_forecast": 0.15,
            "variance_days_forecast": 2.03,
            "cost_usd_per_ton_forecast": 687.29
          },
          {
            "week_start": "2026-03-06T10:13:53Z",
            "avg_days_forecast": 0.56,
            "variance_days_forecast": 1.94,
            "cost_usd_per_ton_forecast": 707.28
          },
          {
            "week_start": "2026-03-13T10:13:53Z",
            "avg_days_forecast": 0.41,
            "variance_days_forecast": 1.81,
            "cost_usd_per_ton_forecast": 698.15
          },
          {
            "week_start": "2026-03-20T10:13:53Z",
            "avg_days_forecast": 0.38,
            "variance_days_forecast": 2.0,
            "cost_usd_per_ton_forecast": 676.43
          },
          {
            "week_start": "2026-03-27T10:13:53Z",
            "avg_days_forecast": 0.48,
            "variance_days_forecast": 1.82,
            "cost_usd_per_ton_forecast": 673.51
          },
          {
            "week_start": "2026-04-03T10:13:53Z",
            "avg_days_forecast": 0.63,
            "variance_days_forecast": 1.87,
            "cost_usd_per_ton_forecast": 706.89
          },
          {
            "week_start": "2026-04-10T10:13:53Z",
            "avg_days_forecast": 0.22,
            "variance_days_forecast": 1.99,
            "cost_usd_per_ton_forecast": 679.6
          },
          {
            "week_start": "2026-04-17T10:13:53Z",
            "avg_days_forecast": 0.25,
            "variance_days_forecast": 1.96,
            "cost_usd_per_ton_forecast": 666.72
          },
          {
            "week_start": "2026-04-24T10:13:53Z",
            "avg_days_forecast": 0.6,
            "variance_days_forecast": 1.81,
            "cost_usd_per_ton_forecast": 703.77
          },
          {
            "week_start": "2026-05-01T10:13:53Z",
            "avg_days_forecast": 0.53,
            "variance_days_forecast": 1.91,
            "cost_usd_per_ton_forecast": 643.66
          }
        ]
      }
    },
    {
      "id": "TEDGE_007",
      "from_node_id": "TNODE_007",
      "to_node_id": "TNODE_006",
      "label": "Outbound from assembly",
      "underlying_segment_ids": [
        "SEG_00401"
      ],
      "mode_mix": [
        "road"
      ],
      "geometry": [
        [
          121.52372320286568,
          31.34553121065869
        ],
        [
          121.51985405838849,
          31.33221139610583
        ],
        [
          121.5159849139113,
          31.31889158155297
        ],
        [
          121.51211576943409,
          31.305571767000103
        ],
        [
          121.5082466249569,
          31.29225195244724
        ],
        [
          121.5043774804797,
          31.27893213789438
        ]
      ],
      "metrics": {
        "avg_days": 0.34,
        "transit_time_variance_days": 1.68,
        "delay_vs_plan_variance_days": 1.47,
        "cost_usd_per_ton": 670.09,
        "time_distribution": {
          "p10": 0.1,
          "p50": 0.34,
          "p90": 2.41
        },
        "forecast_next_12w": [
          {
            "week_start": "2026-02-13T10:13:53Z",
            "avg_days_forecast": 0.44,
            "variance_days_forecast": 1.65,
            "cost_usd_per_ton_forecast": 688.22
          },
          {
            "week_start": "2026-02-20T10:13:53Z",
            "avg_days_forecast": 0.3,
            "variance_days_forecast": 1.69,
            "cost_usd_per_ton_forecast": 657.64
          },
          {
            "week_start": "2026-02-27T10:13:53Z",
            "avg_days_forecast": 0.41,
            "variance_days_forecast": 1.6,
            "cost_usd_per_ton_forecast": 662.86
          },
          {
            "week_start": "2026-03-06T10:13:53Z",
            "avg_days_forecast": 0.12,
            "variance_days_forecast": 1.7,
            "cost_usd_per_ton_forecast": 696.05
          },
          {
            "week_start": "2026-03-13T10:13:53Z",
            "avg_days_forecast": 0.39,
            "variance_days_forecast": 1.63,
            "cost_usd_per_ton_forecast": 687.21
          },
          {
            "week_start": "2026-03-20T10:13:53Z",
            "avg_days_forecast": 0.47,
            "variance_days_forecast": 1.72,
            "cost_usd_per_ton_forecast": 661.17
          },
          {
            "week_start": "2026-03-27T10:13:53Z",
            "avg_days_forecast": 0.1,
            "variance_days_forecast": 1.68,
            "cost_usd_per_ton_forecast": 637.15
          },
          {
            "week_start": "2026-04-03T10:13:53Z",
            "avg_days_forecast": 0.49,
            "variance_days_forecast": 1.64,
            "cost_usd_per_ton_forecast": 632.21
          },
          {
            "week_start": "2026-04-10T10:13:53Z",
            "avg_days_forecast": 0.26,
            "variance_days_forecast": 1.56,
            "cost_usd_per_ton_forecast": 694.0
          },
          {
            "week_start": "2026-04-17T10:13:53Z",
            "avg_days_forecast": 0.67,
            "variance_days_forecast": 1.56,
            "cost_usd_per_ton_forecast": 677.31
          },
          {
            "week_start": "2026-04-24T10:13:53Z",
            "avg_days_forecast": 0.24,
            "variance_days_forecast": 1.63,
            "cost_usd_per_ton_forecast": 666.77
          },
          {
            "week_start": "2026-05-01T10:13:53Z",
            "avg_days_forecast": 0.18,
            "variance_days_forecast": 1.64,
            "cost_usd_per_ton_forecast": 644.27
          }
        ]
      }
    },
    {
      "id": "TEDGE_008",
      "from_node_id": "TNODE_006",
      "to_node_id": "TNODE_008",
      "label": "Main ocean leg",
      "underlying_segment_ids": [
        "SEG_00402",
        "SEG_00403",
        "SEG_00583",
        "SEG_00175",
        "SEG_00153",
        "SEG_00581",
        "SEG_00320",
        "SEG_00317"
      ],
      "mode_mix": [
        "air",
        "road"
      ],
      "geometry": [
        [
          121.5043774804797,
          31.27893213789438
        ],
        [
          121.5082466249569,
          31.29225195244724
        ],
        [
          121.51211576943409,
          31.305571767000103
        ],
        [
          121.5159849139113,
          31.31889158155297
        ],
        [
          121.51985405838849,
          31.33221139610583
        ],
        [
          121.52372320286568,
          31.34553121065869
        ],
        [
          121.51964100839031,
          31.330484598301805
        ],
        [
          121.51555881391494,
          31.315437985944918
        ],
        [
          121.51147661943955,
          31.30039137358803
        ],
        [
          121.50739442496418,
          31.285344761231144
        ],
        [
          121.5033122304888,
          31.270298148874257
        ],
        [
          125.1403381084843,
          32.15769395349822
        ],
        [
          128.7773639864798,
          33.045089758122174
        ],
        [
          132.4143898644753,
          33.93248556274613
        ],
        [
          136.0514157424708,
          34.81988136737009
        ],
        [
          139.6884416204663,
          35.70727717199404
        ],
        [
          127.81255542423905,
          31.173866614796708
        ],
        [
          115.9366692280118,
          26.640456057599376
        ],
        [
          104.06078303178454,
          22.107045500402045
        ],
        [
          92.18489683555728,
          17.57363494320471
        ],
        [
          80.30901063933003,
          13.040224386007377
        ],
        [
          70.45641684514364,
          4.468233762946015
        ],
        [
          60.60382305095726,
          -4.103756860115347
        ],
        [
          50.75122925677087,
          -12.675747483176707
        ],
        [
          40.89863546258449,
          -21.24773810623807
        ],
        [
          31.046041668398104,
          -29.81972872929943
        ],
        [
          31.0460416683981,
          -29.819728729299428
        ],
        [
          32.67272387649326,
          -19.55103757858985
        ],
        [
          34.29940608458841,
          -9.28234642788027
        ],
        [
          35.92608829268357,
          0.9863447228293012
        ],
        [
          37.552770500778735,
          11.255035873538887
        ],
        [
          39.17945270887389,
          21.52372702424846
        ],
        [
          39.17945270887389,
          21.523727024248455
        ],
        [
          39.1949838743541,
          21.518761239023604
        ],
        [
          39.21051503983431,
          21.513795453798753
        ],
        [
          39.22604620531452,
          21.508829668573902
        ],
        [
          39.24157737079473,
          21.50386388334905
        ],
        [
          39.25710853627494,
          21.4988980981242
        ],
        [
          39.242755505565846,
          21.501218754732406
        ],
        [
          39.22840247485675,
          21.50353941134061
        ],
        [
          39.214049444147655,
          21.505860067948817
        ],
        [
          39.19969641343856,
          21.508180724557022
        ],
        [
          39.185343382729464,
          21.510501381165227
        ]
      ],
      "metrics": {
        "avg_days": 4.48,
        "transit_time_variance_days": 6.69,
        "delay_vs_plan_variance_days": 3.83,
        "cost_usd_per_ton": 16694.29,
        "time_distribution": {
          "p10": 1.38,
          "p50": 4.48,
          "p90": 8.62
        },
        "forecast_next_12w": [
          {
            "week_start": "2026-02-13T10:13:53Z",
            "avg_days_forecast": 4.41,
            "variance_days_forecast": 6.21,
            "cost_usd_per_ton_forecast": 16592.26
          },
          {
            "week_start": "2026-02-20T10:13:53Z",
            "avg_days_forecast": 4.47,
            "variance_days_forecast": 6.13,
            "cost_usd_per_ton_forecast": 16685.46
          },
          {
            "week_start": "2026-02-27T10:13:53Z",
            "avg_days_forecast": 4.3,
            "variance_days_forecast": 6.25,
            "cost_usd_per_ton_forecast": 15841.35
          },
          {
            "week_start": "2026-03-06T10:13:53Z",
            "avg_days_forecast": 3.96,
            "variance_days_forecast": 6.62,
            "cost_usd_per_ton_forecast": 17212.94
          },
          {
            "week_start": "2026-03-13T10:13:53Z",
            "avg_days_forecast": 4.16,
            "variance_days_forecast": 6.44,
            "cost_usd_per_ton_forecast": 16136.94
          },
          {
            "week_start": "2026-03-20T10:13:53Z",
            "avg_days_forecast": 3.9,
            "variance_days_forecast": 6.27,
            "cost_usd_per_ton_forecast": 16124.57
          },
          {
            "week_start": "2026-03-27T10:13:53Z",
            "avg_days_forecast": 4.27,
            "variance_days_forecast": 6.43,
            "cost_usd_per_ton_forecast": 16504.06
          },
          {
            "week_start": "2026-04-03T10:13:53Z",
            "avg_days_forecast": 4.0,
            "variance_days_forecast": 6.75,
            "cost_usd_per_ton_forecast": 15987.87
          },
          {
            "week_start": "2026-04-10T10:13:53Z",
            "avg_days_forecast": 3.99,
            "variance_days_forecast": 6.41,
            "cost_usd_per_ton_forecast": 17307.12
          },
          {
            "week_start": "2026-04-17T10:13:53Z",
            "avg_days_forecast": 3.76,
            "variance_days_forecast": 6.77,
            "cost_usd_per_ton_forecast": 17055.35
          },
          {
            "week_start": "2026-04-24T10:13:53Z",
            "avg_days_forecast": 3.74,
            "variance_days_forecast": 6.65,
            "cost_usd_per_ton_forecast": 15975.96
          },
          {
            "week_start": "2026-05-01T10:13:53Z",
            "avg_days_forecast": 3.85,
            "variance_days_forecast": 6.41,
            "cost_usd_per_ton_forecast": 16493.21
          }
        ]
      }
    },
    {
      "id": "TEDGE_009",
      "from_node_id": "TNODE_008",
      "to_node_id": "TNODE_009",
      "label": "Last mile to DC",
      "underlying_segment_ids": [
        "SEG_00282"
      ],
      "mode_mix": [
        "road"
      ],
      "geometry": [
        [
          39.185343382729464,
          21.510501381165227
        ],
        [
          39.20767308281509,
          21.49170876932269
        ],
        [
          39.230002782900726,
          21.472916157480146
        ],
        [
          39.252332482986354,
          21.454123545637607
        ],
        [
          39.27466218307199,
          21.435330933795065
        ],
        [
          39.29699188315762,
          21.416538321952526
        ]
      ],
      "metrics": {
        "avg_days": 0.68,
        "transit_time_variance_days": 0.18,
        "delay_vs_plan_variance_days": 0.07,
        "cost_usd_per_ton": 165.06,
        "time_distribution": {
          "p10": 0.17,
          "p50": 0.68,
          "p90": 1.36
        },
        "forecast_next_12w": [
          {
            "week_start": "2026-02-13T10:13:53Z",
            "avg_days_forecast": 0.98,
            "variance_days_forecast": 0.18,
            "cost_usd_per_ton_forecast": 164.13
          },
          {
            "week_start": "2026-02-20T10:13:53Z",
            "avg_days_forecast": 0.64,
            "variance_days_forecast": 0.18,
            "cost_usd_per_ton_forecast": 158.73
          },
          {
            "week_start": "2026-02-27T10:13:53Z",
            "avg_days_forecast": 0.53,
            "variance_days_forecast": 0.18,
            "cost_usd_per_ton_forecast": 164.99
          },
          {
            "week_start": "2026-03-06T10:13:53Z",
            "avg_days_forecast": 0.38,
            "variance_days_forecast": 0.17,
            "cost_usd_per_ton_forecast": 167.19
          },
          {
            "week_start": "2026-03-13T10:13:53Z",
            "avg_days_forecast": 1.02,
            "variance_days_forecast": 0.17,
            "cost_usd_per_ton_forecast": 159.08
          },
          {
            "week_start": "2026-03-20T10:13:53Z",
            "avg_days_forecast": 0.56,
            "variance_days_forecast": 0.16,
            "cost_usd_per_ton_forecast": 158.4
          },
          {
            "week_start": "2026-03-27T10:13:53Z",
            "avg_days_forecast": 0.92,
            "variance_days_forecast": 0.19,
            "cost_usd_per_ton_forecast": 156.4
          },
          {
            "week_start": "2026-04-03T10:13:53Z",
            "avg_days_forecast": 0.58,
            "variance_days_forecast": 0.18,
            "cost_usd_per_ton_forecast": 163.86
          },
          {
            "week_start": "2026-04-10T10:13:53Z",
            "avg_days_forecast": 0.61,
            "variance_days_forecast": 0.19,
            "cost_usd_per_ton_forecast": 169.93
          },
          {
            "week_start": "2026-04-17T10:13:53Z",
            "avg_days_forecast": 0.68,
            "variance_days_forecast": 0.18,
            "cost_usd_per_ton_forecast": 155.51
          },
          {
            "week_start": "2026-04-24T10:13:53Z",
            "avg_days_forecast": 0.63,
            "variance_days_forecast": 0.18,
            "cost_usd_per_ton_forecast": 166.61
          },
          {
            "week_start": "2026-05-01T10:13:53Z",
            "avg_days_forecast": 0.41,
            "variance_days_forecast": 0.17,
            "cost_usd_per_ton_forecast": 171.18
          }
        ]
      }
    }
  ]
}