{
  "generated_at": "2026-02-13T10:13:53Z",
  "item": {
    "id": "PRD_DRONE_18",
    "type": "product",
    "name": "Drone Model A6",
    "category": "Consumer Electronics",
    "unit": "unit",
    "description": "Synthetic product record for Drone.",
    "active": true
  },
  "tree_type": "product_supply_chain",
  "metric_options": [
    {
      "id": "avg_days",
      "label": "Avg days (historical)"
    },
    {
      "id": "transit_time_variance_days",
      "label": "Variance of transit time"
    },
    {
      "id": "delay_vs_plan_variance_days",
      "label": "Variance of delay vs plan"
    }
  ],
  "nodes": [
    {
      "id": "TNODE_001",
      "entity_id": "FCT_TOK_09",
      "name": "Tokyo Plant 09",
      "node_type": "supplier_factory",
      "lat": 35.63960702906401,
      "lon": 139.72604845431388,
      "metrics": {
        "dwell_avg_days": 2.49,
        "transit_time_variance_days": 1.14,
        "delay_vs_plan_variance_days": 0.56,
        "handling_cost_usd": 2488.81,
        "dwell_forecast_next_12w": [
          {
            "week_start": "2026-02-13T10:13:53Z",
            "dwell_days_forecast": 2.54
          },
          {
            "week_start": "2026-02-20T10:13:53Z",
            "dwell_days_forecast": 2.43
          },
          {
            "week_start": "2026-02-27T10:13:53Z",
            "dwell_days_forecast": 2.42
          },
          {
            "week_start": "2026-03-06T10:13:53Z",
            "dwell_days_forecast": 2.47
          },
          {
            "week_start": "2026-03-13T10:13:53Z",
            "dwell_days_forecast": 2.31
          },
          {
            "week_start": "2026-03-20T10:13:53Z",
            "dwell_days_forecast": 2.37
          },
          {
            "week_start": "2026-03-27T10:13:53Z",
            "dwell_days_forecast": 2.34
          },
          {
            "week_start": "2026-04-03T10:13:53Z",
            "dwell_days_forecast": 2.43
          },
          {
            "week_start": "2026-04-10T10:13:53Z",
            "dwell_days_forecast": 2.39
          },
          {
            "week_start": "2026-04-17T10:13:53Z",
            "dwell_days_forecast": 2.3
          },
          {
            "week_start": "2026-04-24T10:13:53Z",
            "dwell_days_forecast": 2.36
          },
          {
            "week_start": "2026-05-01T10:13:53Z",
            "dwell_days_forecast": 2.43
          }
        ]
      }
    },
    {
      "id": "TNODE_002",
      "entity_id": "PRT_TOK",
      "name": "Port of Tokyo",
      "node_type": "export_port",
      "lat": 35.70172651966358,
      "lon": 139.66928676320995,
      "metrics": {
        "dwell_avg_days": 1.08,
        "transit_time_variance_days": 0.05,
        "delay_vs_plan_variance_days": 0.05,
        "handling_cost_usd": 2463.7,
        "dwell_forecast_next_12w": [
          {
            "week_start": "2026-02-13T10:13:53Z",
            "dwell_days_forecast": 0.94
          },
          {
            "week_start": "2026-02-20T10:13:53Z",
            "dwell_days_forecast": 1.35
          },
          {
            "week_start": "2026-02-27T10:13:53Z",
            "dwell_days_forecast": 0.98
          },
          {
            "week_start": "2026-03-06T10:13:53Z",
            "dwell_days_forecast": 0.95
          },
          {
            "week_start": "2026-03-13T10:13:53Z",
            "dwell_days_forecast": 1.01
          },
          {
            "week_start": "2026-03-20T10:13:53Z",
            "dwell_days_forecast": 0.97
          },
          {
            "week_start": "2026-03-27T10:13:53Z",
            "dwell_days_forecast": 1.12
          },
          {
            "week_start": "2026-04-03T10:13:53Z",
            "dwell_days_forecast": 0.88
          },
          {
            "week_start": "2026-04-10T10:13:53Z",
            "dwell_days_forecast": 0.88
          },
          {
            "week_start": "2026-04-17T10:13:53Z",
            "dwell_days_forecast": 0.86
          },
          {
            "week_start": "2026-04-24T10:13:53Z",
            "dwell_days_forecast": 1.04
          },
          {
            "week_start": "2026-05-01T10:13:53Z",
            "dwell_days_forecast": 1.05
          }
        ]
      }
    },
    {
      "id": "TNODE_003",
      "entity_id": "FCT_JAK_14",
      "name": "Jakarta Plant 14",
      "node_type": "supplier_factory",
      "lat": -6.1333288035151625,
      "lon": 106.92549347399029,
      "metrics": {
        "dwell_avg_days": 1.8,
        "transit_time_variance_days": 1.44,
        "delay_vs_plan_variance_days": 1.0,
        "handling_cost_usd": 767.03,
        "dwell_forecast_next_12w": [
          {
            "week_start": "2026-02-13T10:13:53Z",
            "dwell_days_forecast": 1.88
          },
          {
            "week_start": "2026-02-20T10:13:53Z",
            "dwell_days_forecast": 1.84
          },
          {
            "week_start": "2026-02-27T10:13:53Z",
            "dwell_days_forecast": 1.7
          },
          {
            "week_start": "2026-03-06T10:13:53Z",
            "dwell_days_forecast": 1.75
          },
          {
            "week_start": "2026-03-13T10:13:53Z",
            "dwell_days_forecast": 2.0
          },
          {
            "week_start": "2026-03-20T10:13:53Z",
            "dwell_days_forecast": 1.93
          },
          {
            "week_start": "2026-03-27T10:13:53Z",
            "dwell_days_forecast": 1.78
          },
          {
            "week_start": "2026-04-03T10:13:53Z",
            "dwell_days_forecast": 1.46
          },
          {
            "week_start": "2026-04-10T10:13:53Z",
            "dwell_days_forecast": 1.43
          },
          {
            "week_start": "2026-04-17T10:13:53Z",
            "dwell_days_forecast": 1.5
          },
          {
            "week_start": "2026-04-24T10:13:53Z",
            "dwell_days_forecast": 1.56
          },
          {
            "week_start": "2026-05-01T10:13:53Z",
            "dwell_days_forecast": 1.58
          }
        ]
      }
    },
    {
      "id": "TNODE_004",
      "entity_id": "PRT_JAK",
      "name": "Port of Jakarta",
      "node_type": "export_port",
      "lat": -6.193454451173421,
      "lon": 106.8602179751295,
      "metrics": {
        "dwell_avg_days": 0.79,
        "transit_time_variance_days": 0.27,
        "delay_vs_plan_variance_days": 0.09,
        "handling_cost_usd": 5022.74,
        "dwell_forecast_next_12w": [
          {
            "week_start": "2026-02-13T10:13:53Z",
            "dwell_days_forecast": 0.5
          },
          {
            "week_start": "2026-02-20T10:13:53Z",
            "dwell_days_forecast": 0.71
          },
          {
            "week_start": "2026-02-27T10:13:53Z",
            "dwell_days_forecast": 0.67
          },
          {
            "week_start": "2026-03-06T10:13:53Z",
            "dwell_days_forecast": 0.58
          },
          {
            "week_start": "2026-03-13T10:13:53Z",
            "dwell_days_forecast": 0.63
          },
          {
            "week_start": "2026-03-20T10:13:53Z",
            "dwell_days_forecast": 0.92
          },
          {
            "week_start": "2026-03-27T10:13:53Z",
            "dwell_days_forecast": 0.52
          },
          {
            "week_start": "2026-04-03T10:13:53Z",
            "dwell_days_forecast": 0.72
          },
          {
            "week_start": "2026-04-10T10:13:53Z",
            "dwell_days_forecast": 0.65
          },
          {
            "week_start": "2026-04-17T10:13:53Z",
            "dwell_days_forecast": 0.83
          },
          {
            "week_start": "2026-04-24T10:13:53Z",
            "dwell_days_forecast": 0.79
          },
          {
            "week_start": "2026-05-01T10:13:53Z",
            "dwell_days_forecast": 0.76
          }
        ]
      }
    },
    {
      "id": "TNODE_005",
      "entity_id": "FCT_SHA_13",
      "name": "Shanghai Plant 13",
      "node_type": "supplier_factory",
      "lat": 31.347451426492963,
      "lon": 121.51171761492776,
      "metrics": {
        "dwell_avg_days": 1.86,
        "transit_time_variance_days": 0.52,
        "delay_vs_plan_variance_days": 0.42,
        "handling_cost_usd": 861.48,
        "dwell_forecast_next_12w": [
          {
            "week_start": "2026-02-13T10:13:53Z",
            "dwell_days_forecast": 1.94
          },
          {
            "week_start": "2026-02-20T10:13:53Z",
            "dwell_days_forecast": 1.97
          },
          {
            "week_start": "2026-02-27T10:13:53Z",
            "dwell_days_forecast": 2.11
          },
          {
            "week_start": "2026-03-06T10:13:53Z",
            "dwell_days_forecast": 1.95
          },
          {
            "week_start": "2026-03-13T10:13:53Z",
            "dwell_days_forecast": 1.9
          },
          {
            "week_start": "2026-03-20T10:13:53Z",
            "dwell_days_forecast": 1.59
          },
          {
            "week_start": "2026-03-27T10:13:53Z",
            "dwell_days_forecast": 1.76
          },
          {
            "week_start": "2026-04-03T10:13:53Z",
            "dwell_days_forecast": 1.57
          },
          {
            "week_start": "2026-04-10T10:13:53Z",
            "dwell_days_forecast": 1.61
          },
          {
            "week_start": "2026-04-17T10:13:53Z",
            "dwell_days_forecast": 1.75
          },
          {
            "week_start": "2026-04-24T10:13:53Z",
            "dwell_days_forecast": 1.61
          },
          {
            "week_start": "2026-05-01T10:13:53Z",
            "dwell_days_forecast": 1.6
          }
        ]
      }
    },
    {
      "id": "TNODE_006",
      "entity_id": "PRT_SHA",
      "name": "Port of Shanghai",
      "node_type": "export_port",
      "lat": 31.27893213789438,
      "lon": 121.5043774804797,
      "metrics": {
        "dwell_avg_days": 1.97,
        "transit_time_variance_days": 1.01,
        "delay_vs_plan_variance_days": 0.82,
        "handling_cost_usd": 3197.68,
        "dwell_forecast_next_12w": [
          {
            "week_start": "2026-02-13T10:13:53Z",
            "dwell_days_forecast": 1.88
          },
          {
            "week_start": "2026-02-20T10:13:53Z",
            "dwell_days_forecast": 2.24
          },
          {
            "week_start": "2026-02-27T10:13:53Z",
            "dwell_days_forecast": 2.25
          },
          {
            "week_start": "2026-03-06T10:13:53Z",
            "dwell_days_forecast": 1.91
          },
          {
            "week_start": "2026-03-13T10:13:53Z",
            "dwell_days_forecast": 1.91
          },
          {
            "week_start": "2026-03-20T10:13:53Z",
            "dwell_days_forecast": 1.87
          },
          {
            "week_start": "2026-03-27T10:13:53Z",
            "dwell_days_forecast": 2.01
          },
          {
            "week_start": "2026-04-03T10:13:53Z",
            "dwell_days_forecast": 2.16
          },
          {
            "week_start": "2026-04-10T10:13:53Z",
            "dwell_days_forecast": 1.96
          },
          {
            "week_start": "2026-04-17T10:13:53Z",
            "dwell_days_forecast": 1.81
          },
          {
            "week_start": "2026-04-24T10:13:53Z",
            "dwell_days_forecast": 2.03
          },
          {
            "week_start": "2026-05-01T10:13:53Z",
            "dwell_days_forecast": 1.65
          }
        ]
      }
    },
    {
      "id": "TNODE_007",
      "entity_id": "PRT_BUS",
      "name": "Port of Busan",
      "node_type": "export_port",
      "lat": 35.17341000839145,
      "lon": 129.07735758410357,
      "metrics": {
        "dwell_avg_days": 1.26,
        "transit_time_variance_days": 1.33,
        "delay_vs_plan_variance_days": 1.09,
        "handling_cost_usd": 1957.5,
        "dwell_forecast_next_12w": [
          {
            "week_start": "2026-02-13T10:13:53Z",
            "dwell_days_forecast": 1.36
          },
          {
            "week_start": "2026-02-20T10:13:53Z",
            "dwell_days_forecast": 1.35
          },
          {
            "week_start": "2026-02-27T10:13:53Z",
            "dwell_days_forecast": 1.24
          },
          {
            "week_start": "2026-03-06T10:13:53Z",
            "dwell_days_forecast": 1.0
          },
          {
            "week_start": "2026-03-13T10:13:53Z",
            "dwell_days_forecast": 1.1
          },
          {
            "week_start": "2026-03-20T10:13:53Z",
            "dwell_days_forecast": 1.35
          },
          {
            "week_start": "2026-03-27T10:13:53Z",
            "dwell_days_forecast": 1.21
          },
          {
            "week_start": "2026-04-03T10:13:53Z",
            "dwell_days_forecast": 0.81
          },
          {
            "week_start": "2026-04-10T10:13:53Z",
            "dwell_days_forecast": 1.14
          },
          {
            "week_start": "2026-04-17T10:13:53Z",
            "dwell_days_forecast": 1.17
          },
          {
            "week_start": "2026-04-24T10:13:53Z",
            "dwell_days_forecast": 1.39
          },
          {
            "week_start": "2026-05-01T10:13:53Z",
            "dwell_days_forecast": 1.44
          }
        ]
      }
    },
    {
      "id": "TNODE_008",
      "entity_id": "FCT_BUS_12",
      "name": "Busan Plant 12",
      "node_type": "assembly_factory",
      "lat": 35.06952378010641,
      "lon": 128.93519576043013,
      "metrics": {
        "dwell_avg_days": 2.68,
        "transit_time_variance_days": 0.56,
        "delay_vs_plan_variance_days": 0.34,
        "handling_cost_usd": 3573.84,
        "dwell_forecast_next_12w": [
          {
            "week_start": "2026-02-13T10:13:53Z",
            "dwell_days_forecast": 2.64
          },
          {
            "week_start": "2026-02-20T10:13:53Z",
            "dwell_days_forecast": 2.79
          },
          {
            "week_start": "2026-02-27T10:13:53Z",
            "dwell_days_forecast": 2.83
          },
          {
            "week_start": "2026-03-06T10:13:53Z",
            "dwell_days_forecast": 2.71
          },
          {
            "week_start": "2026-03-13T10:13:53Z",
            "dwell_days_forecast": 2.72
          },
          {
            "week_start": "2026-03-20T10:13:53Z",
            "dwell_days_forecast": 2.86
          },
          {
            "week_start": "2026-03-27T10:13:53Z",
            "dwell_days_forecast": 2.72
          },
          {
            "week_start": "2026-04-03T10:13:53Z",
            "dwell_days_forecast": 2.83
          },
          {
            "week_start": "2026-04-10T10:13:53Z",
            "dwell_days_forecast": 2.48
          },
          {
            "week_start": "2026-04-17T10:13:53Z",
            "dwell_days_forecast": 2.3
          },
          {
            "week_start": "2026-04-24T10:13:53Z",
            "dwell_days_forecast": 2.42
          },
          {
            "week_start": "2026-05-01T10:13:53Z",
            "dwell_days_forecast": 2.48
          }
        ]
      }
    },
    {
      "id": "TNODE_009",
      "entity_id": "PRT_CHE",
      "name": "Port of Chennai",
      "node_type": "import_port",
      "lat": 13.096594949486601,
      "lon": 80.28159702114382,
      "metrics": {
        "dwell_avg_days": 2.6,
        "transit_time_variance_days": 0.59,
        "delay_vs_plan_variance_days": 0.23,
        "handling_cost_usd": 2102.56,
        "dwell_forecast_next_12w": [
          {
            "week_start": "2026-02-13T10:13:53Z",
            "dwell_days_forecast": 2.55
          },
          {
            "week_start": "2026-02-20T10:13:53Z",
            "dwell_days_forecast": 2.43
          },
          {
            "week_start": "2026-02-27T10:13:53Z",
            "dwell_days_forecast": 2.66
          },
          {
            "week_start": "2026-03-06T10:13:53Z",
            "dwell_days_forecast": 2.88
          },
          {
            "week_start": "2026-03-13T10:13:53Z",
            "dwell_days_forecast": 2.59
          },
          {
            "week_start": "2026-03-20T10:13:53Z",
            "dwell_days_forecast": 2.55
          },
          {
            "week_start": "2026-03-27T10:13:53Z",
            "dwell_days_forecast": 2.62
          },
          {
            "week_start": "2026-04-03T10:13:53Z",
            "dwell_days_forecast": 2.5
          },
          {
            "week_start": "2026-04-10T10:13:53Z",
            "dwell_days_forecast": 2.54
          },
          {
            "week_start": "2026-04-17T10:13:53Z",
            "dwell_days_forecast": 2.84
          },
          {
            "week_start": "2026-04-24T10:13:53Z",
            "dwell_days_forecast": 2.69
          },
          {
            "week_start": "2026-05-01T10:13:53Z",
            "dwell_days_forecast": 2.78
          }
        ]
      }
    },
    {
      "id": "TNODE_010",
      "entity_id": "WH_CHE_25",
      "name": "Chennai DC 25",
      "node_type": "distribution_warehouse",
      "lat": 13.068713593374088,
      "lon": 80.17319747862489,
      "metrics": {
        "dwell_avg_days": 2.34,
        "transit_time_variance_days": 0.27,
        "delay_vs_plan_variance_days": 0.22,
        "handling_cost_usd": 6043.28,
        "dwell_forecast_next_12w": [
          {
            "week_start": "2026-02-13T10:13:53Z",
            "dwell_days_forecast": 2.19
          },
          {
            "week_start": "2026-02-20T10:13:53Z",
            "dwell_days_forecast": 2.35
          },
          {
            "week_start": "2026-02-27T10:13:53Z",
            "dwell_days_forecast": 2.52
          },
          {
            "week_start": "2026-03-06T10:13:53Z",
            "dwell_days_forecast": 2.36
          },
          {
            "week_start": "2026-03-13T10:13:53Z",
            "dwell_days_forecast": 1.87
          },
          {
            "week_start": "2026-03-20T10:13:53Z",
            "dwell_days_forecast": 2.28
          },
          {
            "week_start": "2026-03-27T10:13:53Z",
            "dwell_days_forecast": 2.05
          },
          {
            "week_start": "2026-04-03T10:13:53Z",
            "dwell_days_forecast": 2.22
          },
          {
            "week_start": "2026-04-10T10:13:53Z",
            "dwell_days_forecast": 2.01
          },
          {
            "week_start": "2026-04-17T10:13:53Z",
            "dwell_days_forecast": 2.06
          },
          {
            "week_start": "2026-04-24T10:13:53Z",
            "dwell_days_forecast": 2.08
          },
          {
            "week_start": "2026-05-01T10:13:53Z",
            "dwell_days_forecast": 2.41
          }
        ]
      }
    }
  ],
  "edges": [
    {
      "id": "TEDGE_001",
      "from_node_id": "TNODE_001",
      "to_node_id": "TNODE_002",
      "label": "Supplier pickup",
      "underlying_segment_ids": [
        "SEG_00393"
      ],
      "mode_mix": [
        "road"
      ],
      "geometry": [
        [
          139.72604845431388,
          35.63960702906401
        ],
        [
          139.7146961160931,
          35.65203092718392
        ],
        [
          139.7033437778723,
          35.664454825303835
        ],
        [
          139.69199143965153,
          35.676878723423755
        ],
        [
          139.68063910143073,
          35.68930262154367
        ],
        [
          139.66928676320995,
          35.70172651966358
        ]
      ],
      "metrics": {
        "avg_days": 0.76,
        "transit_time_variance_days": 1.02,
        "delay_vs_plan_variance_days": 0.76,
        "cost_usd_per_ton": 766.59,
        "time_distribution": {
          "p10": 0.1,
          "p50": 0.76,
          "p90": 2.38
        },
        "forecast_next_12w": [
          {
            "week_start": "2026-02-13T10:13:53Z",
            "avg_days_forecast": 0.53,
            "variance_days_forecast": 0.95,
            "cost_usd_per_ton_forecast": 771.68
          },
          {
            "week_start": "2026-02-20T10:13:53Z",
            "avg_days_forecast": 0.69,
            "variance_days_forecast": 1.05,
            "cost_usd_per_ton_forecast": 740.36
          },
          {
            "week_start": "2026-02-27T10:13:53Z",
            "avg_days_forecast": 0.45,
            "variance_days_forecast": 0.96,
            "cost_usd_per_ton_forecast": 794.45
          },
          {
            "week_start": "2026-03-06T10:13:53Z",
            "avg_days_forecast": 0.81,
            "variance_days_forecast": 1.04,
            "cost_usd_per_ton_forecast": 767.71
          },
          {
            "week_start": "2026-03-13T10:13:53Z",
            "avg_days_forecast": 0.47,
            "variance_days_forecast": 0.95,
            "cost_usd_per_ton_forecast": 770.37
          },
          {
            "week_start": "2026-03-20T10:13:53Z",
            "avg_days_forecast": 0.85,
            "variance_days_forecast": 0.92,
            "cost_usd_per_ton_forecast": 723.3
          },
          {
            "week_start": "2026-03-27T10:13:53Z",
            "avg_days_forecast": 0.7,
            "variance_days_forecast": 0.98,
            "cost_usd_per_ton_forecast": 726.62
          },
          {
            "week_start": "2026-04-03T10:13:53Z",
            "avg_days_forecast": 0.42,
            "variance_days_forecast": 0.94,
            "cost_usd_per_ton_forecast": 728.71
          },
          {
            "week_start": "2026-04-10T10:13:53Z",
            "avg_days_forecast": 0.64,
            "variance_days_forecast": 1.05,
            "cost_usd_per_ton_forecast": 740.76
          },
          {
            "week_start": "2026-04-17T10:13:53Z",
            "avg_days_forecast": 0.84,
            "variance_days_forecast": 1.02,
            "cost_usd_per_ton_forecast": 722.17
          },
          {
            "week_start": "2026-04-24T10:13:53Z",
            "avg_days_forecast": 0.93,
            "variance_days_forecast": 1.02,
            "cost_usd_per_ton_forecast": 752.55
          },
          {
            "week_start": "2026-05-01T10:13:53Z",
            "avg_days_forecast": 0.69,
            "variance_days_forecast": 1.03,
            "cost_usd_per_ton_forecast": 776.14
          }
        ]
      }
    },
    {
      "id": "TEDGE_002",
      "from_node_id": "TNODE_002",
      "to_node_id": "TNODE_007",
      "label": "Move to export port",
      "underlying_segment_ids": [
        "SEG_00530"
      ],
      "mode_mix": [
        "sea"
      ],
      "geometry": [
        [
          139.66928676320995,
          35.70172651966358
        ],
        [
          137.55090092738868,
          35.59606321740915
        ],
        [
          135.4325150915674,
          35.490399915154725
        ],
        [
          133.3141292557461,
          35.384736612900305
        ],
        [
          131.19574341992484,
          35.27907331064588
        ],
        [
          129.07735758410357,
          35.17341000839145
        ]
      ],
      "metrics": {
        "avg_days": 2.62,
        "transit_time_variance_days": 0.61,
        "delay_vs_plan_variance_days": 0.43,
        "cost_usd_per_ton": 91.2,
        "time_distribution": {
          "p10": 1.68,
          "p50": 2.62,
          "p90": 3.87
        },
        "forecast_next_12w": [
          {
            "week_start": "2026-02-13T10:13:53Z",
            "avg_days_forecast": 2.35,
            "variance_days_forecast": 0.55,
            "cost_usd_per_ton_forecast": 94.09
          },
          {
            "week_start": "2026-02-20T10:13:53Z",
            "avg_days_forecast": 2.2,
            "variance_days_forecast": 0.6,
            "cost_usd_per_ton_forecast": 92.19
          },
          {
            "week_start": "2026-02-27T10:13:53Z",
            "avg_days_forecast": 2.65,
            "variance_days_forecast": 0.56,
            "cost_usd_per_ton_forecast": 89.46
          },
          {
            "week_start": "2026-03-06T10:13:53Z",
            "avg_days_forecast": 2.08,
            "variance_days_forecast": 0.62,
            "cost_usd_per_ton_forecast": 90.47
          },
          {
            "week_start": "2026-03-13T10:13:53Z",
            "avg_days_forecast": 2.71,
            "variance_days_forecast": 0.57,
            "cost_usd_per_ton_forecast": 87.18
          },
          {
            "week_start": "2026-03-20T10:13:53Z",
            "avg_days_forecast": 2.48,
            "variance_days_forecast": 0.59,
            "cost_usd_per_ton_forecast": 91.23
          },
          {
            "week_start": "2026-03-27T10:13:53Z",
            "avg_days_forecast": 2.11,
            "variance_days_forecast": 0.6,
            "cost_usd_per_ton_forecast": 85.76
          },
          {
            "week_start": "2026-04-03T10:13:53Z",
            "avg_days_forecast": 2.1,
            "variance_days_forecast": 0.61,
            "cost_usd_per_ton_forecast": 88.11
          },
          {
            "week_start": "2026-04-10T10:13:53Z",
            "avg_days_forecast": 2.1,
            "variance_days_forecast": 0.59,
            "cost_usd_per_ton_forecast": 94.5
          },
          {
            "week_start": "2026-04-17T10:13:53Z",
            "avg_days_forecast": 2.38,
            "variance_days_forecast": 0.55,
            "cost_usd_per_ton_forecast": 94.14
          },
          {
            "week_start": "2026-04-24T10:13:53Z",
            "avg_days_forecast": 2.3,
            "variance_days_forecast": 0.61,
            "cost_usd_per_ton_forecast": 88.6
          },
          {
            "week_start": "2026-05-01T10:13:53Z",
            "avg_days_forecast": 1.82,
            "variance_days_forecast": 0.57,
            "cost_usd_per_ton_forecast": 93.3
          }
        ]
      }
    },
    {
      "id": "TEDGE_003",
      "from_node_id": "TNODE_003",
      "to_node_id": "TNODE_004",
      "label": "Supplier pickup",
      "underlying_segment_ids": [
        "SEG_00413"
      ],
      "mode_mix": [
        "road"
      ],
      "geometry": [
        [
          106.92549347399029,
          -6.1333288035151625
        ],
        [
          106.91243837421813,
          -6.145353933046814
        ],
        [
          106.89938327444597,
          -6.157379062578466
        ],
        [
          106.88632817467382,
          -6.169404192110118
        ],
        [
          106.87327307490166,
          -6.18142932164177
        ],
        [
          106.8602179751295,
          -6.193454451173421
        ]
      ],
      "metrics": {
        "avg_days": 0.51,
        "transit_time_variance_days": 1.0,
        "delay_vs_plan_variance_days": 0.45,
        "cost_usd_per_ton": 433.89,
        "time_distribution": {
          "p10": 0.1,
          "p50": 0.51,
          "p90": 2.11
        },
        "forecast_next_12w": [
          {
            "week_start": "2026-02-13T10:13:53Z",
            "avg_days_forecast": 0.3,
            "variance_days_forecast": 1.02,
            "cost_usd_per_ton_forecast": 421.62
          },
          {
            "week_start": "2026-02-20T10:13:53Z",
            "avg_days_forecast": 0.15,
            "variance_days_forecast": 1.01,
            "cost_usd_per_ton_forecast": 440.55
          },
          {
            "week_start": "2026-02-27T10:13:53Z",
            "avg_days_forecast": 0.35,
            "variance_days_forecast": 0.98,
            "cost_usd_per_ton_forecast": 433.03
          },
          {
            "week_start": "2026-03-06T10:13:53Z",
            "avg_days_forecast": 0.33,
            "variance_days_forecast": 0.94,
            "cost_usd_per_ton_forecast": 422.54
          },
          {
            "week_start": "2026-03-13T10:13:53Z",
            "avg_days_forecast": 0.2,
            "variance_days_forecast": 0.9,
            "cost_usd_per_ton_forecast": 420.69
          },
          {
            "week_start": "2026-03-20T10:13:53Z",
            "avg_days_forecast": 0.41,
            "variance_days_forecast": 0.93,
            "cost_usd_per_ton_forecast": 445.86
          },
          {
            "week_start": "2026-03-27T10:13:53Z",
            "avg_days_forecast": 0.34,
            "variance_days_forecast": 0.94,
            "cost_usd_per_ton_forecast": 411.4
          },
          {
            "week_start": "2026-04-03T10:13:53Z",
            "avg_days_forecast": 0.36,
            "variance_days_forecast": 1.03,
            "cost_usd_per_ton_forecast": 428.68
          },
          {
            "week_start": "2026-04-10T10:13:53Z",
            "avg_days_forecast": 0.5,
            "variance_days_forecast": 0.94,
            "cost_usd_per_ton_forecast": 410.43
          },
          {
            "week_start": "2026-04-17T10:13:53Z",
            "avg_days_forecast": 0.7,
            "variance_days_forecast": 0.9,
            "cost_usd_per_ton_forecast": 410.43
          },
          {
            "week_start": "2026-04-24T10:13:53Z",
            "avg_days_forecast": 0.63,
            "variance_days_forecast": 0.96,
            "cost_usd_per_ton_forecast": 424.3
          },
          {
            "week_start": "2026-05-01T10:13:53Z",
            "avg_days_forecast": 0.31,
            "variance_days_forecast": 1.0,
            "cost_usd_per_ton_forecast": 447.99
          }
        ]
      }
    },
    {
      "id": "TEDGE_004",
      "from_node_id": "TNODE_004",
      "to_node_id": "TNODE_007",
      "label": "Move to export port",
      "underlying_segment_ids": [
        "SEG_00414",
        "SEG_00415",
        "SEG_00595",
        "SEG_00408",
        "SEG_00405"
      ],
      "mode_mix": [
        "air",
        "road"
      ],
      "geometry": [
        [
          106.8602179751295,
          -6.193454451173421
        ],
        [
          106.87327307490166,
          -6.18142932164177
        ],
        [
          106.88632817467382,
          -6.169404192110118
        ],
        [
          106.89938327444597,
          -6.157379062578466
        ],
        [
          106.91243837421813,
          -6.145353933046814
        ],
        [
          106.92549347399029,
          -6.1333288035151625
        ],
        [
          106.91234441396438,
          -6.1528405429576924
        ],
        [
          106.89919535393848,
          -6.172352282400222
        ],
        [
          106.88604629391257,
          -6.191864021842753
        ],
        [
          106.87289723388668,
          -6.211375761285283
        ],
        [
          106.85974817386077,
          -6.230887500727813
        ],
        [
          111.30631668167437,
          2.049444262748781
        ],
        [
          115.75288518948798,
          10.329776026225375
        ],
        [
          120.1994536973016,
          18.610107789701964
        ],
        [
          124.64602220511522,
          26.890439553178563
        ],
        [
          129.09259071292882,
          35.170771316655156
        ],
        [
          129.06111172242908,
          35.150521809345406
        ],
        [
          129.02963273192935,
          35.13027230203566
        ],
        [
          128.9981537414296,
          35.11002279472591
        ],
        [
          128.96667475092988,
          35.08977328741616
        ],
        [
          128.93519576043013,
          35.06952378010641
        ],
        [
          128.96362812516483,
          35.09030102576342
        ],
        [
          128.9920604898995,
          35.111078271420425
        ],
        [
          129.0204928546342,
          35.13185551707743
        ],
        [
          129.04892521936887,
          35.15263276273444
        ],
        [
          129.07735758410357,
          35.17341000839145
        ]
      ],
      "metrics": {
        "avg_days": 2.09,
        "transit_time_variance_days": 5.88,
        "delay_vs_plan_variance_days": 3.29,
        "cost_usd_per_ton": 3939.7,
        "time_distribution": {
          "p10": 0.1,
          "p50": 2.09,
          "p90": 5.97
        },
        "forecast_next_12w": [
          {
            "week_start": "2026-02-13T10:13:53Z",
            "avg_days_forecast": 1.81,
            "variance_days_forecast": 5.94,
            "cost_usd_per_ton_forecast": 3853.55
          },
          {
            "week_start": "2026-02-20T10:13:53Z",
            "avg_days_forecast": 1.93,
            "variance_days_forecast": 5.42,
            "cost_usd_per_ton_forecast": 3969.78
          },
          {
            "week_start": "2026-02-27T10:13:53Z",
            "avg_days_forecast": 1.91,
            "variance_days_forecast": 5.53,
            "cost_usd_per_ton_forecast": 4006.32
          },
          {
            "week_start": "2026-03-06T10:13:53Z",
            "avg_days_forecast": 1.92,
            "variance_days_forecast": 5.39,
            "cost_usd_per_ton_forecast": 3729.93
          },
          {
            "week_start": "2026-03-13T10:13:53Z",
            "avg_days_forecast": 2.16,
            "variance_days_forecast": 5.41,
            "cost_usd_per_ton_forecast": 4022.56
          },
          {
            "week_start": "2026-03-20T10:13:53Z",
            "avg_days_forecast": 2.06,
            "variance_days_forecast": 5.87,
            "cost_usd_per_ton_forecast": 3774.43
          },
          {
            "week_start": "2026-03-27T10:13:53Z",
            "avg_days_forecast": 2.01,
            "variance_days_forecast": 5.7,
            "cost_usd_per_ton_forecast": 3798.6
          },
          {
            "week_start": "2026-04-03T10:13:53Z",
            "avg_days_forecast": 1.58,
            "variance_days_forecast": 5.81,
            "cost_usd_per_ton_forecast": 3917.49
          },
          {
            "week_start": "2026-04-10T10:13:53Z",
            "avg_days_forecast": 1.7,
            "variance_days_forecast": 6.03,
            "cost_usd_per_ton_forecast": 4023.81
          },
          {
            "week_start": "2026-04-17T10:13:53Z",
            "avg_days_forecast": 1.99,
            "variance_days_forecast": 5.82,
            "cost_usd_per_ton_forecast": 3875.92
          },
          {
            "week_start": "2026-04-24T10:13:53Z",
            "avg_days_forecast": 1.75,
            "variance_days_forecast": 6.04,
            "cost_usd_per_ton_forecast": 3870.73
          },
          {
            "week_start": "2026-05-01T10:13:53Z",
            "avg_days_forecast": 1.32,
            "variance_days_forecast": 5.49,
            "cost_usd_per_ton_forecast": 4012.85
          }
        ]
      }
    },
    {
      "id": "TEDGE_005",
      "from_node_id": "TNODE_005",
      "to_node_id": "TNODE_006",
      "label": "Supplier pickup",
      "underlying_segment_ids": [
        "SEG_00409"
      ],
      "mode_mix": [
        "road"
      ],
      "geometry": [
        [
          121.51171761492776,
          31.347451426492963
        ],
        [
          121.51024958803815,
          31.333747568773248
        ],
        [
          121.50878156114854,
          31.32004371105353
        ],
        [
          121.50731353425893,
          31.306339853333814
        ],
        [
          121.50584550736932,
          31.292635995614095
        ],
        [
          121.5043774804797,
          31.27893213789438
        ]
      ],
      "metrics": {
        "avg_days": 0.64,
        "transit_time_variance_days": 0.44,
        "delay_vs_plan_variance_days": 0.17,
        "cost_usd_per_ton": 269.42,
        "time_distribution": {
          "p10": 0.1,
          "p50": 0.64,
          "p90": 1.7
        },
        "forecast_next_12w": [
          {
            "week_start": "2026-02-13T10:13:53Z",
            "avg_days_forecast": 0.46,
            "variance_days_forecast": 0.43,
            "cost_usd_per_ton_forecast": 265.3
          },
          {
            "week_start": "2026-02-20T10:13:53Z",
            "avg_days_forecast": 1.03,
            "variance_days_forecast": 0.43,
            "cost_usd_per_ton_forecast": 276.17
          },
          {
            "week_start": "2026-02-27T10:13:53Z",
            "avg_days_forecast": 0.86,
            "variance_days_forecast": 0.44,
            "cost_usd_per_ton_forecast": 257.06
          },
          {
            "week_start": "2026-03-06T10:13:53Z",
            "avg_days_forecast": 0.51,
            "variance_days_forecast": 0.44,
            "cost_usd_per_ton_forecast": 278.91
          },
          {
            "week_start": "2026-03-13T10:13:53Z",
            "avg_days_forecast": 0.36,
            "variance_days_forecast": 0.4,
            "cost_usd_per_ton_forecast": 261.89
          },
          {
            "week_start": "2026-03-20T10:13:53Z",
            "avg_days_forecast": 0.64,
            "variance_days_forecast": 0.43,
            "cost_usd_per_ton_forecast": 269.85
          },
          {
            "week_start": "2026-03-27T10:13:53Z",
            "avg_days_forecast": 0.6,
            "variance_days_forecast": 0.41,
            "cost_usd_per_ton_forecast": 274.95
          },
          {
            "week_start": "2026-04-03T10:13:53Z",
            "avg_days_forecast": 0.43,
            "variance_days_forecast": 0.43,
            "cost_usd_per_ton_forecast": 265.13
          },
          {
            "week_start": "2026-04-10T10:13:53Z",
            "avg_days_forecast": 0.29,
            "variance_days_forecast": 0.44,
            "cost_usd_per_ton_forecast": 263.52
          },
          {
            "week_start": "2026-04-17T10:13:53Z",
            "avg_days_forecast": 0.61,
            "variance_days_forecast": 0.4,
            "cost_usd_per_ton_forecast": 258.35
          },
          {
            "week_start": "2026-04-24T10:13:53Z",
            "avg_days_forecast": 0.39,
            "variance_days_forecast": 0.41,
            "cost_usd_per_ton_forecast": 260.37
          },
          {
            "week_start": "2026-05-01T10:13:53Z",
            "avg_days_forecast": 0.86,
            "variance_days_forecast": 0.42,
            "cost_usd_per_ton_forecast": 271.79
          }
        ]
      }
    },
    {
      "id": "TEDGE_006",
      "from_node_id": "TNODE_006",
      "to_node_id": "TNODE_007",
      "label": "Move to export port",
      "underlying_segment_ids": [
        "SEG_00065"
      ],
      "mode_mix": [
        "sea"
      ],
      "geometry": [
        [
          121.5043774804797,
          31.27893213789438
        ],
        [
          123.01897350120447,
          32.057827711993795
        ],
        [
          124.53356952192925,
          32.83672328609321
        ],
        [
          126.04816554265402,
          33.61561886019262
        ],
        [
          127.5627615633788,
          34.394514434292034
        ],
        [
          129.07735758410357,
          35.17341000839145
        ]
      ],
      "metrics": {
        "avg_days": 2.86,
        "transit_time_variance_days": 1.3,
        "delay_vs_plan_variance_days": 0.74,
        "cost_usd_per_ton": 148.2,
        "time_distribution": {
          "p10": 1.49,
          "p50": 2.86,
          "p90": 4.68
        },
        "forecast_next_12w": [
          {
            "week_start": "2026-02-13T10:13:53Z",
            "avg_days_forecast": 2.73,
            "variance_days_forecast": 1.2,
            "cost_usd_per_ton_forecast": 142.68
          },
          {
            "week_start": "2026-02-20T10:13:53Z",
            "avg_days_forecast": 2.5,
            "variance_days_forecast": 1.25,
            "cost_usd_per_ton_forecast": 146.4
          },
          {
            "week_start": "2026-02-27T10:13:53Z",
            "avg_days_forecast": 2.92,
            "variance_days_forecast": 1.2,
            "cost_usd_per_ton_forecast": 145.64
          },
          {
            "week_start": "2026-03-06T10:13:53Z",
            "avg_days_forecast": 2.67,
            "variance_days_forecast": 1.17,
            "cost_usd_per_ton_forecast": 150.06
          },
          {
            "week_start": "2026-03-13T10:13:53Z",
            "avg_days_forecast": 2.25,
            "variance_days_forecast": 1.31,
            "cost_usd_per_ton_forecast": 140.51
          },
          {
            "week_start": "2026-03-20T10:13:53Z",
            "avg_days_forecast": 2.41,
            "variance_days_forecast": 1.23,
            "cost_usd_per_ton_forecast": 149.32
          },
          {
            "week_start": "2026-03-27T10:13:53Z",
            "avg_days_forecast": 2.64,
            "variance_days_forecast": 1.21,
            "cost_usd_per_ton_forecast": 148.4
          },
          {
            "week_start": "2026-04-03T10:13:53Z",
            "avg_days_forecast": 2.39,
            "variance_days_forecast": 1.23,
            "cost_usd_per_ton_forecast": 141.87
          },
          {
            "week_start": "2026-04-10T10:13:53Z",
            "avg_days_forecast": 2.64,
            "variance_days_forecast": 1.33,
            "cost_usd_per_ton_forecast": 152.7
          },
          {
            "week_start": "2026-04-17T10:13:53Z",
            "avg_days_forecast": 2.3,
            "variance_days_forecast": 1.26,
            "cost_usd_per_ton_forecast": 150.15
          },
          {
            "week_start": "2026-04-24T10:13:53Z",
            "avg_days_forecast": 2.29,
            "variance_days_forecast": 1.34,
            "cost_usd_per_ton_forecast": 144.21
          },
          {
            "week_start": "2026-05-01T10:13:53Z",
            "avg_days_forecast": 2.27,
            "variance_days_forecast": 1.23,
            "cost_usd_per_ton_forecast": 153.52
          }
        ]
      }
    },
    {
      "id": "TEDGE_007",
      "from_node_id": "TNODE_007",
      "to_node_id": "TNODE_008",
      "label": "Inbound to assembly",
      "underlying_segment_ids": [
        "SEG_00406"
      ],
      "mode_mix": [
        "road"
      ],
      "geometry": [
        [
          129.07735758410357,
          35.17341000839145
        ],
        [
          129.04892521936887,
          35.15263276273444
        ],
        [
          129.0204928546342,
          35.13185551707743
        ],
        [
          128.9920604898995,
          35.111078271420425
        ],
        [
          128.96362812516483,
          35.09030102576342
        ],
        [
          128.93519576043013,
          35.06952378010641
        ]
      ],
      "metrics": {
        "avg_days": 0.27,
        "transit_time_variance_days": 0.19,
        "delay_vs_plan_variance_days": 0.12,
        "cost_usd_per_ton": 345.46,
        "time_distribution": {
          "p10": 0.1,
          "p50": 0.27,
          "p90": 0.97
        },
        "forecast_next_12w": [
          {
            "week_start": "2026-02-13T10:13:53Z",
            "avg_days_forecast": 0.24,
            "variance_days_forecast": 0.2,
            "cost_usd_per_ton_forecast": 342.24
          },
          {
            "week_start": "2026-02-20T10:13:53Z",
            "avg_days_forecast": 0.25,
            "variance_days_forecast": 0.17,
            "cost_usd_per_ton_forecast": 347.48
          },
          {
            "week_start": "2026-02-27T10:13:53Z",
            "avg_days_forecast": 0.75,
            "variance_days_forecast": 0.19,
            "cost_usd_per_ton_forecast": 331.37
          },
          {
            "week_start": "2026-03-06T10:13:53Z",
            "avg_days_forecast": 0.11,
            "variance_days_forecast": 0.19,
            "cost_usd_per_ton_forecast": 348.78
          },
          {
            "week_start": "2026-03-13T10:13:53Z",
            "avg_days_forecast": 0.49,
            "variance_days_forecast": 0.18,
            "cost_usd_per_ton_forecast": 332.67
          },
          {
            "week_start": "2026-03-20T10:13:53Z",
            "avg_days_forecast": 0.31,
            "variance_days_forecast": 0.19,
            "cost_usd_per_ton_forecast": 341.94
          },
          {
            "week_start": "2026-03-27T10:13:53Z",
            "avg_days_forecast": 0.31,
            "variance_days_forecast": 0.18,
            "cost_usd_per_ton_forecast": 347.73
          },
          {
            "week_start": "2026-04-03T10:13:53Z",
            "avg_days_forecast": 0.12,
            "variance_days_forecast": 0.18,
            "cost_usd_per_ton_forecast": 346.38
          },
          {
            "week_start": "2026-04-10T10:13:53Z",
            "avg_days_forecast": 0.1,
            "variance_days_forecast": 0.18,
            "cost_usd_per_ton_forecast": 349.83
          },
          {
            "week_start": "2026-04-17T10:13:53Z",
            "avg_days_forecast": 0.1,
            "variance_days_forecast": 0.19,
            "cost_usd_per_ton_forecast": 348.69
          },
          {
            "week_start": "2026-04-24T10:13:53Z",
            "avg_days_forecast": 0.1,
            "variance_days_forecast": 0.18,
            "cost_usd_per_ton_forecast": 355.26
          },
          {
            "week_start": "2026-05-01T10:13:53Z",
            "avg_days_forecast": 0.53,
            "variance_days_forecast": 0.18,
            "cost_usd_per_ton_forecast": 330.04
          }
        ]
      }
    },
    {
      "id": "TEDGE_008",
      "from_node_id": "TNODE_008",
      "to_node_id": "TNODE_007",
      "label": "Outbound from assembly",
      "underlying_segment_ids": [
        "SEG_00405"
      ],
      "mode_mix": [
        "road"
      ],
      "geometry": [
        [
          128.93519576043013,
          35.06952378010641
        ],
        [
          128.96362812516483,
          35.09030102576342
        ],
        [
          128.9920604898995,
          35.111078271420425
        ],
        [
          129.0204928546342,
          35.13185551707743
        ],
        [
          129.04892521936887,
          35.15263276273444
        ],
        [
          129.07735758410357,
          35.17341000839145
        ]
      ],
      "metrics": {
        "avg_days": 0.56,
        "transit_time_variance_days": 1.85,
        "delay_vs_plan_variance_days": 1.19,
        "cost_usd_per_ton": 819.08,
        "time_distribution": {
          "p10": 0.1,
          "p50": 0.56,
          "p90": 2.74
        },
        "forecast_next_12w": [
          {
            "week_start": "2026-02-13T10:13:53Z",
            "avg_days_forecast": 0.73,
            "variance_days_forecast": 1.76,
            "cost_usd_per_ton_forecast": 842.59
          },
          {
            "week_start": "2026-02-20T10:13:53Z",
            "avg_days_forecast": 0.47,
            "variance_days_forecast": 1.86,
            "cost_usd_per_ton_forecast": 772.31
          },
          {
            "week_start": "2026-02-27T10:13:53Z",
            "avg_days_forecast": 0.44,
            "variance_days_forecast": 1.9,
            "cost_usd_per_ton_forecast": 813.16
          },
          {
            "week_start": "2026-03-06T10:13:53Z",
            "avg_days_forecast": 0.34,
            "variance_days_forecast": 1.77,
            "cost_usd_per_ton_forecast": 777.61
          },
          {
            "week_start": "2026-03-13T10:13:53Z",
            "avg_days_forecast": 0.43,
            "variance_days_forecast": 1.76,
            "cost_usd_per_ton_forecast": 805.35
          },
          {
            "week_start": "2026-03-20T10:13:53Z",
            "avg_days_forecast": 0.46,
            "variance_days_forecast": 1.9,
            "cost_usd_per_ton_forecast": 847.26
          },
          {
            "week_start": "2026-03-27T10:13:53Z",
            "avg_days_forecast": 0.43,
            "variance_days_forecast": 1.72,
            "cost_usd_per_ton_forecast": 843.38
          },
          {
            "week_start": "2026-04-03T10:13:53Z",
            "avg_days_forecast": 0.61,
            "variance_days_forecast": 1.7,
            "cost_usd_per_ton_forecast": 787.92
          },
          {
            "week_start": "2026-04-10T10:13:53Z",
            "avg_days_forecast": 0.59,
            "variance_days_forecast": 1.88,
            "cost_usd_per_ton_forecast": 808.23
          },
          {
            "week_start": "2026-04-17T10:13:53Z",
            "avg_days_forecast": 0.37,
            "variance_days_forecast": 1.83,
            "cost_usd_per_ton_forecast": 811.57
          },
          {
            "week_start": "2026-04-24T10:13:53Z",
            "avg_days_forecast": 0.56,
            "variance_days_forecast": 1.87,
            "cost_usd_per_ton_forecast": 821.41
          },
          {
            "week_start": "2026-05-01T10:13:53Z",
            "avg_days_forecast": 1.0,
            "variance_days_forecast": 1.9,
            "cost_usd_per_ton_forecast": 828.66
          }
        ]
      }
    },
    {
      "id": "TEDGE_009",
      "from_node_id": "TNODE_007",
      "to_node_id": "TNODE_009",
      "label": "Main ocean leg",
      "underlying_segment_ids": [
        "SEG_00406",
        "SEG_00407",
        "SEG_00162",
        "SEG_00132",
        "SEG_00300",
        "SEG_00297"
      ],
      "mode_mix": [
        "air",
        "road"
      ],
      "geometry": [
        [
          129.07735758410357,
          35.17341000839145
        ],
        [
          129.04892521936887,
          35.15263276273444
        ],
        [
          129.0204928546342,
          35.13185551707743
        ],
        [
          128.9920604898995,
          35.111078271420425
        ],
        [
          128.96362812516483,
          35.09030102576342
        ],
        [
          128.93519576043013,
          35.06952378010641
        ],
        [
          128.96667475092988,
          35.08977328741616
        ],
        [
          128.9981537414296,
          35.11002279472591
        ],
        [
          129.02963273192935,
          35.13027230203566
        ],
        [
          129.06111172242908,
          35.150521809345406
        ],
        [
          129.09259071292882,
          35.170771316655156
        ],
        [
          109.51128348412482,
          34.14103065780357
        ],
        [
          89.92997625532081,
          33.11128999895198
        ],
        [
          70.3486690265168,
          32.081549340100395
        ],
        [
          50.767361797712795,
          31.05180868124881
        ],
        [
          31.186054568908787,
          30.022068022397224
        ],
        [
          31.18605456890878,
          30.022068022397224
        ],
        [
          41.01064578299303,
          26.625699295119254
        ],
        [
          50.83523699707728,
          23.229330567841284
        ],
        [
          60.659828211161525,
          19.832961840563314
        ],
        [
          70.48441942524579,
          16.436593113285348
        ],
        [
          80.30901063933003,
          13.040224386007377
        ],
        [
          80.281848007189,
          13.04592222748072
        ],
        [
          80.25468537504797,
          13.051620068954062
        ],
        [
          80.22752274290694,
          13.057317910427404
        ],
        [
          80.20036011076591,
          13.063015751900746
        ],
        [
          80.17319747862489,
          13.068713593374088
        ],
        [
          80.19487738712867,
          13.07428986459659
        ],
        [
          80.21655729563246,
          13.079866135819094
        ],
        [
          80.23823720413625,
          13.085442407041596
        ],
        [
          80.25991711264004,
          13.0910186782641
        ],
        [
          80.28159702114382,
          13.096594949486601
        ]
      ],
      "metrics": {
        "avg_days": 3.34,
        "transit_time_variance_days": 3.68,
        "delay_vs_plan_variance_days": 2.07,
        "cost_usd_per_ton": 8690.22,
        "time_distribution": {
          "p10": 1.04,
          "p50": 3.34,
          "p90": 6.41
        },
        "forecast_next_12w": [
          {
            "week_start": "2026-02-13T10:13:53Z",
            "avg_days_forecast": 3.16,
            "variance_days_forecast": 3.46,
            "cost_usd_per_ton_forecast": 8265.84
          },
          {
            "week_start": "2026-02-20T10:13:53Z",
            "avg_days_forecast": 3.28,
            "variance_days_forecast": 3.68,
            "cost_usd_per_ton_forecast": 8538.66
          },
          {
            "week_start": "2026-02-27T10:13:53Z",
            "avg_days_forecast": 2.9,
            "variance_days_forecast": 3.65,
            "cost_usd_per_ton_forecast": 8419.3
          },
          {
            "week_start": "2026-03-06T10:13:53Z",
            "avg_days_forecast": 2.73,
            "variance_days_forecast": 3.37,
            "cost_usd_per_ton_forecast": 8818.43
          },
          {
            "week_start": "2026-03-13T10:13:53Z",
            "avg_days_forecast": 2.92,
            "variance_days_forecast": 3.61,
            "cost_usd_per_ton_forecast": 8620.71
          },
          {
            "week_start": "2026-03-20T10:13:53Z",
            "avg_days_forecast": 3.07,
            "variance_days_forecast": 3.41,
            "cost_usd_per_ton_forecast": 8449.66
          },
          {
            "week_start": "2026-03-27T10:13:53Z",
            "avg_days_forecast": 2.87,
            "variance_days_forecast": 3.49,
            "cost_usd_per_ton_forecast": 8952.12
          },
          {
            "week_start": "2026-04-03T10:13:53Z",
            "avg_days_forecast": 2.93,
            "variance_days_forecast": 3.42,
            "cost_usd_per_ton_forecast": 8402.95
          },
          {
            "week_start": "2026-04-10T10:13:53Z",
            "avg_days_forecast": 2.88,
            "variance_days_forecast": 3.41,
            "cost_usd_per_ton_forecast": 8828.74
          },
          {
            "week_start": "2026-04-17T10:13:53Z",
            "avg_days_forecast": 2.97,
            "variance_days_forecast": 3.73,
            "cost_usd_per_ton_forecast": 8906.23
          },
          {
            "week_start": "2026-04-24T10:13:53Z",
            "avg_days_forecast": 2.96,
            "variance_days_forecast": 3.7,
            "cost_usd_per_ton_forecast": 8820.21
          },
          {
            "week_start": "2026-05-01T10:13:53Z",
            "avg_days_forecast": 2.4,
            "variance_days_forecast": 3.49,
            "cost_usd_per_ton_forecast": 8965.02
          }
        ]
      }
    },
    {
      "id": "TEDGE_010",
      "from_node_id": "TNODE_009",
      "to_node_id": "TNODE_010",
      "label": "Last mile to DC",
      "underlying_segment_ids": [
        "SEG_00298"
      ],
      "mode_mix": [
        "road"
      ],
      "geometry": [
        [
          80.28159702114382,
          13.096594949486601
        ],
        [
          80.25991711264004,
          13.0910186782641
        ],
        [
          80.23823720413625,
          13.085442407041596
        ],
        [
          80.21655729563246,
          13.079866135819094
        ],
        [
          80.19487738712867,
          13.07428986459659
        ],
        [
          80.17319747862489,
          13.068713593374088
        ]
      ],
      "metrics": {
        "avg_days": 0.52,
        "transit_time_variance_days": 2.42,
        "delay_vs_plan_variance_days": 1.85,
        "cost_usd_per_ton": 225.15,
        "time_distribution": {
          "p10": 0.1,
          "p50": 0.52,
          "p90": 3.01
        },
        "forecast_next_12w": [
          {
            "week_start": "2026-02-13T10:13:53Z",
            "avg_days_forecast": 0.33,
            "variance_days_forecast": 2.38,
            "cost_usd_per_ton_forecast": 221.72
          },
          {
            "week_start": "2026-02-20T10:13:53Z",
            "avg_days_forecast": 0.31,
            "variance_days_forecast": 2.48,
            "cost_usd_per_ton_forecast": 212.54
          },
          {
            "week_start": "2026-02-27T10:13:53Z",
            "avg_days_forecast": 0.61,
            "variance_days_forecast": 2.39,
            "cost_usd_per_ton_forecast": 223.96
          },
          {
            "week_start": "2026-03-06T10:13:53Z",
            "avg_days_forecast": 0.54,
            "variance_days_forecast": 2.48,
            "cost_usd_per_ton_forecast": 221.9
          },
          {
            "week_start": "2026-03-13T10:13:53Z",
            "avg_days_forecast": 0.75,
            "variance_days_forecast": 2.34,
            "cost_usd_per_ton_forecast": 216.25
          },
          {
            "week_start": "2026-03-20T10:13:53Z",
            "avg_days_forecast": 0.45,
            "variance_days_forecast": 2.3,
            "cost_usd_per_ton_forecast": 224.67
          },
          {
            "week_start": "2026-03-27T10:13:53Z",
            "avg_days_forecast": 0.44,
            "variance_days_forecast": 2.27,
            "cost_usd_per_ton_forecast": 220.72
          },
          {
            "week_start": "2026-04-03T10:13:53Z",
            "avg_days_forecast": 0.26,
            "variance_days_forecast": 2.39,
            "cost_usd_per_ton_forecast": 224.38
          },
          {
            "week_start": "2026-04-10T10:13:53Z",
            "avg_days_forecast": 0.86,
            "variance_days_forecast": 2.37,
            "cost_usd_per_ton_forecast": 226.18
          },
          {
            "week_start": "2026-04-17T10:13:53Z",
            "avg_days_forecast": 0.31,
            "variance_days_forecast": 2.18,
            "cost_usd_per_ton_forecast": 214.56
          },
          {
            "week_start": "2026-04-24T10:13:53Z",
            "avg_days_forecast": 0.48,
            "variance_days_forecast": 2.25,
            "cost_usd_per_ton_forecast": 232.77
          },
          {
            "week_start": "2026-05-01T10:13:53Z",
            "avg_days_forecast": 0.23,
            "variance_days_forecast": 2.37,
            "cost_usd_per_ton_forecast": 212.72
          }
        ]
      }
    }
  ]
}