{
  "generated_at": "2026-02-13T10:13:53Z",
  "item": {
    "id": "PRD_AIR_PURIFIER_12",
    "type": "product",
    "name": "Air Purifier Model Pro5",
    "category": "Appliances",
    "unit": "unit",
    "description": "Synthetic product record for Air Purifier.",
    "active": true
  },
  "tree_type": "product_supply_chain",
  "metric_options": [
    {
      "id": "avg_days",
      "label": "Avg days (historical)"
    },
    {
      "id": "transit_time_variance_days",
      "label": "Variance of transit time"
    },
    {
      "id": "delay_vs_plan_variance_days",
      "label": "Variance of delay vs plan"
    }
  ],
  "nodes": [
    {
      "id": "TNODE_001",
      "entity_id": "FCT_SHA_11",
      "name": "Shanghai Plant 11",
      "node_type": "supplier_factory",
      "lat": 31.34553121065869,
      "lon": 121.52372320286568,
      "metrics": {
        "dwell_avg_days": 0.64,
        "transit_time_variance_days": 0.45,
        "delay_vs_plan_variance_days": 0.3,
        "handling_cost_usd": 1268.11,
        "dwell_forecast_next_12w": [
          {
            "week_start": "2026-02-13T10:13:53Z",
            "dwell_days_forecast": 0.59
          },
          {
            "week_start": "2026-02-20T10:13:53Z",
            "dwell_days_forecast": 0.66
          },
          {
            "week_start": "2026-02-27T10:13:53Z",
            "dwell_days_forecast": 0.58
          },
          {
            "week_start": "2026-03-06T10:13:53Z",
            "dwell_days_forecast": 0.57
          },
          {
            "week_start": "2026-03-13T10:13:53Z",
            "dwell_days_forecast": 0.52
          },
          {
            "week_start": "2026-03-20T10:13:53Z",
            "dwell_days_forecast": 0.62
          },
          {
            "week_start": "2026-03-27T10:13:53Z",
            "dwell_days_forecast": 0.75
          },
          {
            "week_start": "2026-04-03T10:13:53Z",
            "dwell_days_forecast": 0.42
          },
          {
            "week_start": "2026-04-10T10:13:53Z",
            "dwell_days_forecast": 0.68
          },
          {
            "week_start": "2026-04-17T10:13:53Z",
            "dwell_days_forecast": 0.57
          },
          {
            "week_start": "2026-04-24T10:13:53Z",
            "dwell_days_forecast": 0.54
          },
          {
            "week_start": "2026-05-01T10:13:53Z",
            "dwell_days_forecast": 0.81
          }
        ]
      }
    },
    {
      "id": "TNODE_002",
      "entity_id": "PRT_SHA",
      "name": "Port of Shanghai",
      "node_type": "export_port",
      "lat": 31.27893213789438,
      "lon": 121.5043774804797,
      "metrics": {
        "dwell_avg_days": 0.84,
        "transit_time_variance_days": 0.69,
        "delay_vs_plan_variance_days": 0.56,
        "handling_cost_usd": 4696.99,
        "dwell_forecast_next_12w": [
          {
            "week_start": "2026-02-13T10:13:53Z",
            "dwell_days_forecast": 0.68
          },
          {
            "week_start": "2026-02-20T10:13:53Z",
            "dwell_days_forecast": 0.81
          },
          {
            "week_start": "2026-02-27T10:13:53Z",
            "dwell_days_forecast": 0.54
          },
          {
            "week_start": "2026-03-06T10:13:53Z",
            "dwell_days_forecast": 0.9
          },
          {
            "week_start": "2026-03-13T10:13:53Z",
            "dwell_days_forecast": 0.98
          },
          {
            "week_start": "2026-03-20T10:13:53Z",
            "dwell_days_forecast": 0.65
          },
          {
            "week_start": "2026-03-27T10:13:53Z",
            "dwell_days_forecast": 0.76
          },
          {
            "week_start": "2026-04-03T10:13:53Z",
            "dwell_days_forecast": 0.93
          },
          {
            "week_start": "2026-04-10T10:13:53Z",
            "dwell_days_forecast": 0.89
          },
          {
            "week_start": "2026-04-17T10:13:53Z",
            "dwell_days_forecast": 0.84
          },
          {
            "week_start": "2026-04-24T10:13:53Z",
            "dwell_days_forecast": 0.8
          },
          {
            "week_start": "2026-05-01T10:13:53Z",
            "dwell_days_forecast": 0.94
          }
        ]
      }
    },
    {
      "id": "TNODE_003",
      "entity_id": "FCT_BUS_12",
      "name": "Busan Plant 12",
      "node_type": "supplier_factory",
      "lat": 35.06952378010641,
      "lon": 128.93519576043013,
      "metrics": {
        "dwell_avg_days": 0.29,
        "transit_time_variance_days": 0.62,
        "delay_vs_plan_variance_days": 0.56,
        "handling_cost_usd": 5772.26,
        "dwell_forecast_next_12w": [
          {
            "week_start": "2026-02-13T10:13:53Z",
            "dwell_days_forecast": 0.35
          },
          {
            "week_start": "2026-02-20T10:13:53Z",
            "dwell_days_forecast": 0.57
          },
          {
            "week_start": "2026-02-27T10:13:53Z",
            "dwell_days_forecast": 0.68
          },
          {
            "week_start": "2026-03-06T10:13:53Z",
            "dwell_days_forecast": 0.39
          },
          {
            "week_start": "2026-03-13T10:13:53Z",
            "dwell_days_forecast": 0.21
          },
          {
            "week_start": "2026-03-20T10:13:53Z",
            "dwell_days_forecast": 0.4
          },
          {
            "week_start": "2026-03-27T10:13:53Z",
            "dwell_days_forecast": 0.36
          },
          {
            "week_start": "2026-04-03T10:13:53Z",
            "dwell_days_forecast": 0.5
          },
          {
            "week_start": "2026-04-10T10:13:53Z",
            "dwell_days_forecast": 0.2
          },
          {
            "week_start": "2026-04-17T10:13:53Z",
            "dwell_days_forecast": 0.19
          },
          {
            "week_start": "2026-04-24T10:13:53Z",
            "dwell_days_forecast": 0.27
          },
          {
            "week_start": "2026-05-01T10:13:53Z",
            "dwell_days_forecast": 0.31
          }
        ]
      }
    },
    {
      "id": "TNODE_004",
      "entity_id": "PRT_BUS",
      "name": "Port of Busan",
      "node_type": "export_port",
      "lat": 35.17341000839145,
      "lon": 129.07735758410357,
      "metrics": {
        "dwell_avg_days": 2.29,
        "transit_time_variance_days": 1.26,
        "delay_vs_plan_variance_days": 1.02,
        "handling_cost_usd": 3610.4,
        "dwell_forecast_next_12w": [
          {
            "week_start": "2026-02-13T10:13:53Z",
            "dwell_days_forecast": 2.26
          },
          {
            "week_start": "2026-02-20T10:13:53Z",
            "dwell_days_forecast": 2.09
          },
          {
            "week_start": "2026-02-27T10:13:53Z",
            "dwell_days_forecast": 2.22
          },
          {
            "week_start": "2026-03-06T10:13:53Z",
            "dwell_days_forecast": 2.33
          },
          {
            "week_start": "2026-03-13T10:13:53Z",
            "dwell_days_forecast": 2.24
          },
          {
            "week_start": "2026-03-20T10:13:53Z",
            "dwell_days_forecast": 2.16
          },
          {
            "week_start": "2026-03-27T10:13:53Z",
            "dwell_days_forecast": 2.26
          },
          {
            "week_start": "2026-04-03T10:13:53Z",
            "dwell_days_forecast": 2.02
          },
          {
            "week_start": "2026-04-10T10:13:53Z",
            "dwell_days_forecast": 2.14
          },
          {
            "week_start": "2026-04-17T10:13:53Z",
            "dwell_days_forecast": 2.19
          },
          {
            "week_start": "2026-04-24T10:13:53Z",
            "dwell_days_forecast": 2.23
          },
          {
            "week_start": "2026-05-01T10:13:53Z",
            "dwell_days_forecast": 2.16
          }
        ]
      }
    },
    {
      "id": "TNODE_005",
      "entity_id": "FCT_TOK_05",
      "name": "Tokyo Plant 05",
      "node_type": "supplier_factory",
      "lat": 35.52358062488459,
      "lon": 139.75607737813047,
      "metrics": {
        "dwell_avg_days": 0.52,
        "transit_time_variance_days": 1.16,
        "delay_vs_plan_variance_days": 0.51,
        "handling_cost_usd": 2240.48,
        "dwell_forecast_next_12w": [
          {
            "week_start": "2026-02-13T10:13:53Z",
            "dwell_days_forecast": 0.54
          },
          {
            "week_start": "2026-02-20T10:13:53Z",
            "dwell_days_forecast": 0.49
          },
          {
            "week_start": "2026-02-27T10:13:53Z",
            "dwell_days_forecast": 0.54
          },
          {
            "week_start": "2026-03-06T10:13:53Z",
            "dwell_days_forecast": 0.49
          },
          {
            "week_start": "2026-03-13T10:13:53Z",
            "dwell_days_forecast": 0.32
          },
          {
            "week_start": "2026-03-20T10:13:53Z",
            "dwell_days_forecast": 0.27
          },
          {
            "week_start": "2026-03-27T10:13:53Z",
            "dwell_days_forecast": 0.48
          },
          {
            "week_start": "2026-04-03T10:13:53Z",
            "dwell_days_forecast": 0.71
          },
          {
            "week_start": "2026-04-10T10:13:53Z",
            "dwell_days_forecast": 0.58
          },
          {
            "week_start": "2026-04-17T10:13:53Z",
            "dwell_days_forecast": 0.43
          },
          {
            "week_start": "2026-04-24T10:13:53Z",
            "dwell_days_forecast": 0.33
          },
          {
            "week_start": "2026-05-01T10:13:53Z",
            "dwell_days_forecast": 0.63
          }
        ]
      }
    },
    {
      "id": "TNODE_006",
      "entity_id": "PRT_TOK",
      "name": "Port of Tokyo",
      "node_type": "export_port",
      "lat": 35.70172651966358,
      "lon": 139.66928676320995,
      "metrics": {
        "dwell_avg_days": 0.16,
        "transit_time_variance_days": 0.15,
        "delay_vs_plan_variance_days": 0.11,
        "handling_cost_usd": 4399.14,
        "dwell_forecast_next_12w": [
          {
            "week_start": "2026-02-13T10:13:53Z",
            "dwell_days_forecast": 0.1
          },
          {
            "week_start": "2026-02-20T10:13:53Z",
            "dwell_days_forecast": 0.2
          },
          {
            "week_start": "2026-02-27T10:13:53Z",
            "dwell_days_forecast": 0.16
          },
          {
            "week_start": "2026-03-06T10:13:53Z",
            "dwell_days_forecast": 0.05
          },
          {
            "week_start": "2026-03-13T10:13:53Z",
            "dwell_days_forecast": 0.23
          },
          {
            "week_start": "2026-03-20T10:13:53Z",
            "dwell_days_forecast": 0.25
          },
          {
            "week_start": "2026-03-27T10:13:53Z",
            "dwell_days_forecast": 0.14
          },
          {
            "week_start": "2026-04-03T10:13:53Z",
            "dwell_days_forecast": 0.05
          },
          {
            "week_start": "2026-04-10T10:13:53Z",
            "dwell_days_forecast": 0.06
          },
          {
            "week_start": "2026-04-17T10:13:53Z",
            "dwell_days_forecast": 0.33
          },
          {
            "week_start": "2026-04-24T10:13:53Z",
            "dwell_days_forecast": 0.13
          },
          {
            "week_start": "2026-05-01T10:13:53Z",
            "dwell_days_forecast": 0.05
          }
        ]
      }
    },
    {
      "id": "TNODE_007",
      "entity_id": "PRT_VAN",
      "name": "Port of Vancouver",
      "node_type": "import_port",
      "lat": 49.260519070823065,
      "lon": -123.0837699679207,
      "metrics": {
        "dwell_avg_days": 2.09,
        "transit_time_variance_days": 0.18,
        "delay_vs_plan_variance_days": 0.09,
        "handling_cost_usd": 3913.61,
        "dwell_forecast_next_12w": [
          {
            "week_start": "2026-02-13T10:13:53Z",
            "dwell_days_forecast": 2.09
          },
          {
            "week_start": "2026-02-20T10:13:53Z",
            "dwell_days_forecast": 2.16
          },
          {
            "week_start": "2026-02-27T10:13:53Z",
            "dwell_days_forecast": 1.95
          },
          {
            "week_start": "2026-03-06T10:13:53Z",
            "dwell_days_forecast": 2.46
          },
          {
            "week_start": "2026-03-13T10:13:53Z",
            "dwell_days_forecast": 2.3
          },
          {
            "week_start": "2026-03-20T10:13:53Z",
            "dwell_days_forecast": 2.16
          },
          {
            "week_start": "2026-03-27T10:13:53Z",
            "dwell_days_forecast": 1.88
          },
          {
            "week_start": "2026-04-03T10:13:53Z",
            "dwell_days_forecast": 1.74
          },
          {
            "week_start": "2026-04-10T10:13:53Z",
            "dwell_days_forecast": 2.21
          },
          {
            "week_start": "2026-04-17T10:13:53Z",
            "dwell_days_forecast": 2.14
          },
          {
            "week_start": "2026-04-24T10:13:53Z",
            "dwell_days_forecast": 2.03
          },
          {
            "week_start": "2026-05-01T10:13:53Z",
            "dwell_days_forecast": 1.98
          }
        ]
      }
    },
    {
      "id": "TNODE_008",
      "entity_id": "WH_VAN_40",
      "name": "Vancouver DC 40",
      "node_type": "distribution_warehouse",
      "lat": 49.22020295765848,
      "lon": -122.92204741441627,
      "metrics": {
        "dwell_avg_days": 1.53,
        "transit_time_variance_days": 1.36,
        "delay_vs_plan_variance_days": 0.58,
        "handling_cost_usd": 6403.25,
        "dwell_forecast_next_12w": [
          {
            "week_start": "2026-02-13T10:13:53Z",
            "dwell_days_forecast": 1.55
          },
          {
            "week_start": "2026-02-20T10:13:53Z",
            "dwell_days_forecast": 1.49
          },
          {
            "week_start": "2026-02-27T10:13:53Z",
            "dwell_days_forecast": 1.48
          },
          {
            "week_start": "2026-03-06T10:13:53Z",
            "dwell_days_forecast": 1.63
          },
          {
            "week_start": "2026-03-13T10:13:53Z",
            "dwell_days_forecast": 1.75
          },
          {
            "week_start": "2026-03-20T10:13:53Z",
            "dwell_days_forecast": 1.65
          },
          {
            "week_start": "2026-03-27T10:13:53Z",
            "dwell_days_forecast": 1.54
          },
          {
            "week_start": "2026-04-03T10:13:53Z",
            "dwell_days_forecast": 1.55
          },
          {
            "week_start": "2026-04-10T10:13:53Z",
            "dwell_days_forecast": 1.35
          },
          {
            "week_start": "2026-04-17T10:13:53Z",
            "dwell_days_forecast": 1.81
          },
          {
            "week_start": "2026-04-24T10:13:53Z",
            "dwell_days_forecast": 1.52
          },
          {
            "week_start": "2026-05-01T10:13:53Z",
            "dwell_days_forecast": 1.61
          }
        ]
      }
    }
  ],
  "edges": [
    {
      "id": "TEDGE_001",
      "from_node_id": "TNODE_001",
      "to_node_id": "TNODE_002",
      "label": "Supplier pickup",
      "underlying_segment_ids": [
        "SEG_00401"
      ],
      "mode_mix": [
        "road"
      ],
      "geometry": [
        [
          121.52372320286568,
          31.34553121065869
        ],
        [
          121.51985405838849,
          31.33221139610583
        ],
        [
          121.5159849139113,
          31.31889158155297
        ],
        [
          121.51211576943409,
          31.305571767000103
        ],
        [
          121.5082466249569,
          31.29225195244724
        ],
        [
          121.5043774804797,
          31.27893213789438
        ]
      ],
      "metrics": {
        "avg_days": 0.34,
        "transit_time_variance_days": 1.68,
        "delay_vs_plan_variance_days": 1.47,
        "cost_usd_per_ton": 670.09,
        "time_distribution": {
          "p10": 0.1,
          "p50": 0.34,
          "p90": 2.41
        },
        "forecast_next_12w": [
          {
            "week_start": "2026-02-13T10:13:53Z",
            "avg_days_forecast": 0.43,
            "variance_days_forecast": 1.62,
            "cost_usd_per_ton_forecast": 648.37
          },
          {
            "week_start": "2026-02-20T10:13:53Z",
            "avg_days_forecast": 0.49,
            "variance_days_forecast": 1.7,
            "cost_usd_per_ton_forecast": 683.32
          },
          {
            "week_start": "2026-02-27T10:13:53Z",
            "avg_days_forecast": 0.67,
            "variance_days_forecast": 1.65,
            "cost_usd_per_ton_forecast": 645.17
          },
          {
            "week_start": "2026-03-06T10:13:53Z",
            "avg_days_forecast": 0.43,
            "variance_days_forecast": 1.65,
            "cost_usd_per_ton_forecast": 683.2
          },
          {
            "week_start": "2026-03-13T10:13:53Z",
            "avg_days_forecast": 0.1,
            "variance_days_forecast": 1.71,
            "cost_usd_per_ton_forecast": 664.97
          },
          {
            "week_start": "2026-03-20T10:13:53Z",
            "avg_days_forecast": 0.52,
            "variance_days_forecast": 1.7,
            "cost_usd_per_ton_forecast": 663.01
          },
          {
            "week_start": "2026-03-27T10:13:53Z",
            "avg_days_forecast": 0.48,
            "variance_days_forecast": 1.51,
            "cost_usd_per_ton_forecast": 691.6
          },
          {
            "week_start": "2026-04-03T10:13:53Z",
            "avg_days_forecast": 0.27,
            "variance_days_forecast": 1.64,
            "cost_usd_per_ton_forecast": 689.56
          },
          {
            "week_start": "2026-04-10T10:13:53Z",
            "avg_days_forecast": 0.3,
            "variance_days_forecast": 1.52,
            "cost_usd_per_ton_forecast": 666.15
          },
          {
            "week_start": "2026-04-17T10:13:53Z",
            "avg_days_forecast": 0.19,
            "variance_days_forecast": 1.59,
            "cost_usd_per_ton_forecast": 687.19
          },
          {
            "week_start": "2026-04-24T10:13:53Z",
            "avg_days_forecast": 0.25,
            "variance_days_forecast": 1.72,
            "cost_usd_per_ton_forecast": 673.73
          },
          {
            "week_start": "2026-05-01T10:13:53Z",
            "avg_days_forecast": 0.41,
            "variance_days_forecast": 1.72,
            "cost_usd_per_ton_forecast": 669.38
          }
        ]
      }
    },
    {
      "id": "TEDGE_002",
      "from_node_id": "TNODE_002",
      "to_node_id": "TNODE_006",
      "label": "Move to export port",
      "underlying_segment_ids": [
        "SEG_00402",
        "SEG_00403",
        "SEG_00583",
        "SEG_00372",
        "SEG_00369"
      ],
      "mode_mix": [
        "air",
        "road"
      ],
      "geometry": [
        [
          121.5043774804797,
          31.27893213789438
        ],
        [
          121.5082466249569,
          31.29225195244724
        ],
        [
          121.51211576943409,
          31.305571767000103
        ],
        [
          121.5159849139113,
          31.31889158155297
        ],
        [
          121.51985405838849,
          31.33221139610583
        ],
        [
          121.52372320286568,
          31.34553121065869
        ],
        [
          121.51964100839031,
          31.330484598301805
        ],
        [
          121.51555881391494,
          31.315437985944918
        ],
        [
          121.51147661943955,
          31.30039137358803
        ],
        [
          121.50739442496418,
          31.285344761231144
        ],
        [
          121.5033122304888,
          31.270298148874257
        ],
        [
          125.1403381084843,
          32.15769395349822
        ],
        [
          128.7773639864798,
          33.045089758122174
        ],
        [
          132.4143898644753,
          33.93248556274613
        ],
        [
          136.0514157424708,
          34.81988136737009
        ],
        [
          139.6884416204663,
          35.70727717199404
        ],
        [
          139.6790316313543,
          35.73634682533668
        ],
        [
          139.66962164224228,
          35.76541647867932
        ],
        [
          139.6602116531303,
          35.794486132021966
        ],
        [
          139.65080166401827,
          35.823555785364604
        ],
        [
          139.64139167490626,
          35.85262543870724
        ],
        [
          139.646970692567,
          35.82244565489851
        ],
        [
          139.65254971022773,
          35.792265871089775
        ],
        [
          139.65812872788848,
          35.76208608728105
        ],
        [
          139.6637077455492,
          35.731906303472314
        ],
        [
          139.66928676320995,
          35.70172651966358
        ]
      ],
      "metrics": {
        "avg_days": 2.3,
        "transit_time_variance_days": 6.96,
        "delay_vs_plan_variance_days": 4.32,
        "cost_usd_per_ton": 4635.21,
        "time_distribution": {
          "p10": 0.1,
          "p50": 2.3,
          "p90": 6.52
        },
        "forecast_next_12w": [
          {
            "week_start": "2026-02-13T10:13:53Z",
            "avg_days_forecast": 2.12,
            "variance_days_forecast": 6.89,
            "cost_usd_per_ton_forecast": 4475.8
          },
          {
            "week_start": "2026-02-20T10:13:53Z",
            "avg_days_forecast": 2.07,
            "variance_days_forecast": 6.77,
            "cost_usd_per_ton_forecast": 4560.61
          },
          {
            "week_start": "2026-02-27T10:13:53Z",
            "avg_days_forecast": 2.11,
            "variance_days_forecast": 6.99,
            "cost_usd_per_ton_forecast": 4370.3
          },
          {
            "week_start": "2026-03-06T10:13:53Z",
            "avg_days_forecast": 1.96,
            "variance_days_forecast": 7.06,
            "cost_usd_per_ton_forecast": 4473.63
          },
          {
            "week_start": "2026-03-13T10:13:53Z",
            "avg_days_forecast": 2.5,
            "variance_days_forecast": 7.01,
            "cost_usd_per_ton_forecast": 4595.33
          },
          {
            "week_start": "2026-03-20T10:13:53Z",
            "avg_days_forecast": 2.21,
            "variance_days_forecast": 6.92,
            "cost_usd_per_ton_forecast": 4607.55
          },
          {
            "week_start": "2026-03-27T10:13:53Z",
            "avg_days_forecast": 2.21,
            "variance_days_forecast": 6.3,
            "cost_usd_per_ton_forecast": 4435.17
          },
          {
            "week_start": "2026-04-03T10:13:53Z",
            "avg_days_forecast": 2.02,
            "variance_days_forecast": 6.53,
            "cost_usd_per_ton_forecast": 4556.76
          },
          {
            "week_start": "2026-04-10T10:13:53Z",
            "avg_days_forecast": 1.83,
            "variance_days_forecast": 6.68,
            "cost_usd_per_ton_forecast": 4542.44
          },
          {
            "week_start": "2026-04-17T10:13:53Z",
            "avg_days_forecast": 2.24,
            "variance_days_forecast": 6.64,
            "cost_usd_per_ton_forecast": 4785.77
          },
          {
            "week_start": "2026-04-24T10:13:53Z",
            "avg_days_forecast": 1.81,
            "variance_days_forecast": 6.55,
            "cost_usd_per_ton_forecast": 4681.89
          },
          {
            "week_start": "2026-05-01T10:13:53Z",
            "avg_days_forecast": 2.14,
            "variance_days_forecast": 6.44,
            "cost_usd_per_ton_forecast": 4425.84
          }
        ]
      }
    },
    {
      "id": "TEDGE_003",
      "from_node_id": "TNODE_003",
      "to_node_id": "TNODE_004",
      "label": "Supplier pickup",
      "underlying_segment_ids": [
        "SEG_00405"
      ],
      "mode_mix": [
        "road"
      ],
      "geometry": [
        [
          128.93519576043013,
          35.06952378010641
        ],
        [
          128.96362812516483,
          35.09030102576342
        ],
        [
          128.9920604898995,
          35.111078271420425
        ],
        [
          129.0204928546342,
          35.13185551707743
        ],
        [
          129.04892521936887,
          35.15263276273444
        ],
        [
          129.07735758410357,
          35.17341000839145
        ]
      ],
      "metrics": {
        "avg_days": 0.56,
        "transit_time_variance_days": 1.85,
        "delay_vs_plan_variance_days": 1.19,
        "cost_usd_per_ton": 819.08,
        "time_distribution": {
          "p10": 0.1,
          "p50": 0.56,
          "p90": 2.74
        },
        "forecast_next_12w": [
          {
            "week_start": "2026-02-13T10:13:53Z",
            "avg_days_forecast": 0.73,
            "variance_days_forecast": 1.9,
            "cost_usd_per_ton_forecast": 802.69
          },
          {
            "week_start": "2026-02-20T10:13:53Z",
            "avg_days_forecast": 0.68,
            "variance_days_forecast": 1.77,
            "cost_usd_per_ton_forecast": 847.49
          },
          {
            "week_start": "2026-02-27T10:13:53Z",
            "avg_days_forecast": 0.53,
            "variance_days_forecast": 1.73,
            "cost_usd_per_ton_forecast": 773.69
          },
          {
            "week_start": "2026-03-06T10:13:53Z",
            "avg_days_forecast": 0.82,
            "variance_days_forecast": 1.72,
            "cost_usd_per_ton_forecast": 812.63
          },
          {
            "week_start": "2026-03-13T10:13:53Z",
            "avg_days_forecast": 0.41,
            "variance_days_forecast": 1.83,
            "cost_usd_per_ton_forecast": 821.91
          },
          {
            "week_start": "2026-03-20T10:13:53Z",
            "avg_days_forecast": 0.47,
            "variance_days_forecast": 1.86,
            "cost_usd_per_ton_forecast": 776.49
          },
          {
            "week_start": "2026-03-27T10:13:53Z",
            "avg_days_forecast": 0.64,
            "variance_days_forecast": 1.8,
            "cost_usd_per_ton_forecast": 847.01
          },
          {
            "week_start": "2026-04-03T10:13:53Z",
            "avg_days_forecast": 0.67,
            "variance_days_forecast": 1.81,
            "cost_usd_per_ton_forecast": 774.26
          },
          {
            "week_start": "2026-04-10T10:13:53Z",
            "avg_days_forecast": 0.44,
            "variance_days_forecast": 1.75,
            "cost_usd_per_ton_forecast": 774.24
          },
          {
            "week_start": "2026-04-17T10:13:53Z",
            "avg_days_forecast": 0.41,
            "variance_days_forecast": 1.76,
            "cost_usd_per_ton_forecast": 781.2
          },
          {
            "week_start": "2026-04-24T10:13:53Z",
            "avg_days_forecast": 0.41,
            "variance_days_forecast": 1.85,
            "cost_usd_per_ton_forecast": 801.48
          },
          {
            "week_start": "2026-05-01T10:13:53Z",
            "avg_days_forecast": 0.63,
            "variance_days_forecast": 1.68,
            "cost_usd_per_ton_forecast": 801.8
          }
        ]
      }
    },
    {
      "id": "TEDGE_004",
      "from_node_id": "TNODE_004",
      "to_node_id": "TNODE_006",
      "label": "Move to export port",
      "underlying_segment_ids": [
        "SEG_00066"
      ],
      "mode_mix": [
        "sea"
      ],
      "geometry": [
        [
          129.07735758410357,
          35.17341000839145
        ],
        [
          131.19574341992484,
          35.27907331064588
        ],
        [
          133.3141292557461,
          35.384736612900305
        ],
        [
          135.4325150915674,
          35.490399915154725
        ],
        [
          137.55090092738868,
          35.59606321740915
        ],
        [
          139.66928676320995,
          35.70172651966358
        ]
      ],
      "metrics": {
        "avg_days": 2.95,
        "transit_time_variance_days": 3.36,
        "delay_vs_plan_variance_days": 2.27,
        "cost_usd_per_ton": 127.43,
        "time_distribution": {
          "p10": 0.75,
          "p50": 2.95,
          "p90": 5.88
        },
        "forecast_next_12w": [
          {
            "week_start": "2026-02-13T10:13:53Z",
            "avg_days_forecast": 2.7,
            "variance_days_forecast": 3.43,
            "cost_usd_per_ton_forecast": 121.92
          },
          {
            "week_start": "2026-02-20T10:13:53Z",
            "avg_days_forecast": 2.5,
            "variance_days_forecast": 3.19,
            "cost_usd_per_ton_forecast": 130.1
          },
          {
            "week_start": "2026-02-27T10:13:53Z",
            "avg_days_forecast": 3.13,
            "variance_days_forecast": 3.3,
            "cost_usd_per_ton_forecast": 126.95
          },
          {
            "week_start": "2026-03-06T10:13:53Z",
            "avg_days_forecast": 2.82,
            "variance_days_forecast": 3.29,
            "cost_usd_per_ton_forecast": 123.74
          },
          {
            "week_start": "2026-03-13T10:13:53Z",
            "avg_days_forecast": 2.73,
            "variance_days_forecast": 3.03,
            "cost_usd_per_ton_forecast": 124.92
          },
          {
            "week_start": "2026-03-20T10:13:53Z",
            "avg_days_forecast": 2.34,
            "variance_days_forecast": 3.31,
            "cost_usd_per_ton_forecast": 119.89
          },
          {
            "week_start": "2026-03-27T10:13:53Z",
            "avg_days_forecast": 2.46,
            "variance_days_forecast": 3.26,
            "cost_usd_per_ton_forecast": 123.08
          },
          {
            "week_start": "2026-04-03T10:13:53Z",
            "avg_days_forecast": 2.74,
            "variance_days_forecast": 3.11,
            "cost_usd_per_ton_forecast": 125.31
          },
          {
            "week_start": "2026-04-10T10:13:53Z",
            "avg_days_forecast": 2.78,
            "variance_days_forecast": 3.31,
            "cost_usd_per_ton_forecast": 128.14
          },
          {
            "week_start": "2026-04-17T10:13:53Z",
            "avg_days_forecast": 2.83,
            "variance_days_forecast": 3.28,
            "cost_usd_per_ton_forecast": 120.89
          },
          {
            "week_start": "2026-04-24T10:13:53Z",
            "avg_days_forecast": 2.57,
            "variance_days_forecast": 3.35,
            "cost_usd_per_ton_forecast": 120.7
          },
          {
            "week_start": "2026-05-01T10:13:53Z",
            "avg_days_forecast": 2.35,
            "variance_days_forecast": 3.09,
            "cost_usd_per_ton_forecast": 123.89
          }
        ]
      }
    },
    {
      "id": "TEDGE_005",
      "from_node_id": "TNODE_005",
      "to_node_id": "TNODE_006",
      "label": "Supplier pickup",
      "underlying_segment_ids": [
        "SEG_00377"
      ],
      "mode_mix": [
        "road"
      ],
      "geometry": [
        [
          139.75607737813047,
          35.52358062488459
        ],
        [
          139.73871925514638,
          35.55920980384039
        ],
        [
          139.72136113216226,
          35.59483898279618
        ],
        [
          139.70400300917817,
          35.630468161751985
        ],
        [
          139.68664488619405,
          35.66609734070778
        ],
        [
          139.66928676320995,
          35.70172651966358
        ]
      ],
      "metrics": {
        "avg_days": 0.26,
        "transit_time_variance_days": 1.18,
        "delay_vs_plan_variance_days": 0.44,
        "cost_usd_per_ton": 887.59,
        "time_distribution": {
          "p10": 0.1,
          "p50": 0.26,
          "p90": 2.0
        },
        "forecast_next_12w": [
          {
            "week_start": "2026-02-13T10:13:53Z",
            "avg_days_forecast": 0.1,
            "variance_days_forecast": 1.1,
            "cost_usd_per_ton_forecast": 902.26
          },
          {
            "week_start": "2026-02-20T10:13:53Z",
            "avg_days_forecast": 0.53,
            "variance_days_forecast": 1.11,
            "cost_usd_per_ton_forecast": 869.35
          },
          {
            "week_start": "2026-02-27T10:13:53Z",
            "avg_days_forecast": 0.56,
            "variance_days_forecast": 1.19,
            "cost_usd_per_ton_forecast": 911.07
          },
          {
            "week_start": "2026-03-06T10:13:53Z",
            "avg_days_forecast": 0.16,
            "variance_days_forecast": 1.21,
            "cost_usd_per_ton_forecast": 897.32
          },
          {
            "week_start": "2026-03-13T10:13:53Z",
            "avg_days_forecast": 0.1,
            "variance_days_forecast": 1.12,
            "cost_usd_per_ton_forecast": 898.45
          },
          {
            "week_start": "2026-03-20T10:13:53Z",
            "avg_days_forecast": 0.1,
            "variance_days_forecast": 1.2,
            "cost_usd_per_ton_forecast": 912.53
          },
          {
            "week_start": "2026-03-27T10:13:53Z",
            "avg_days_forecast": 0.1,
            "variance_days_forecast": 1.17,
            "cost_usd_per_ton_forecast": 915.18
          },
          {
            "week_start": "2026-04-03T10:13:53Z",
            "avg_days_forecast": 0.19,
            "variance_days_forecast": 1.15,
            "cost_usd_per_ton_forecast": 891.05
          },
          {
            "week_start": "2026-04-10T10:13:53Z",
            "avg_days_forecast": 0.1,
            "variance_days_forecast": 1.19,
            "cost_usd_per_ton_forecast": 891.26
          },
          {
            "week_start": "2026-04-17T10:13:53Z",
            "avg_days_forecast": 0.1,
            "variance_days_forecast": 1.12,
            "cost_usd_per_ton_forecast": 845.27
          },
          {
            "week_start": "2026-04-24T10:13:53Z",
            "avg_days_forecast": 0.29,
            "variance_days_forecast": 1.21,
            "cost_usd_per_ton_forecast": 898.5
          },
          {
            "week_start": "2026-05-01T10:13:53Z",
            "avg_days_forecast": 0.1,
            "variance_days_forecast": 1.12,
            "cost_usd_per_ton_forecast": 864.71
          }
        ]
      }
    },
    {
      "id": "TEDGE_006",
      "from_node_id": "TNODE_006",
      "to_node_id": "TNODE_005",
      "label": "Inbound to assembly",
      "underlying_segment_ids": [
        "SEG_00378"
      ],
      "mode_mix": [
        "road"
      ],
      "geometry": [
        [
          139.66928676320995,
          35.70172651966358
        ],
        [
          139.68664488619405,
          35.66609734070778
        ],
        [
          139.70400300917817,
          35.630468161751985
        ],
        [
          139.72136113216226,
          35.59483898279618
        ],
        [
          139.73871925514638,
          35.55920980384039
        ],
        [
          139.75607737813047,
          35.52358062488459
        ]
      ],
      "metrics": {
        "avg_days": 0.32,
        "transit_time_variance_days": 0.73,
        "delay_vs_plan_variance_days": 0.22,
        "cost_usd_per_ton": 270.7,
        "time_distribution": {
          "p10": 0.1,
          "p50": 0.32,
          "p90": 1.69
        },
        "forecast_next_12w": [
          {
            "week_start": "2026-02-13T10:13:53Z",
            "avg_days_forecast": 0.22,
            "variance_days_forecast": 0.71,
            "cost_usd_per_ton_forecast": 267.64
          },
          {
            "week_start": "2026-02-20T10:13:53Z",
            "avg_days_forecast": 0.51,
            "variance_days_forecast": 0.7,
            "cost_usd_per_ton_forecast": 273.11
          },
          {
            "week_start": "2026-02-27T10:13:53Z",
            "avg_days_forecast": 0.1,
            "variance_days_forecast": 0.71,
            "cost_usd_per_ton_forecast": 269.69
          },
          {
            "week_start": "2026-03-06T10:13:53Z",
            "avg_days_forecast": 0.35,
            "variance_days_forecast": 0.74,
            "cost_usd_per_ton_forecast": 261.52
          },
          {
            "week_start": "2026-03-13T10:13:53Z",
            "avg_days_forecast": 0.32,
            "variance_days_forecast": 0.68,
            "cost_usd_per_ton_forecast": 277.22
          },
          {
            "week_start": "2026-03-20T10:13:53Z",
            "avg_days_forecast": 0.23,
            "variance_days_forecast": 0.71,
            "cost_usd_per_ton_forecast": 273.29
          },
          {
            "week_start": "2026-03-27T10:13:53Z",
            "avg_days_forecast": 0.38,
            "variance_days_forecast": 0.75,
            "cost_usd_per_ton_forecast": 257.11
          },
          {
            "week_start": "2026-04-03T10:13:53Z",
            "avg_days_forecast": 0.43,
            "variance_days_forecast": 0.67,
            "cost_usd_per_ton_forecast": 276.21
          },
          {
            "week_start": "2026-04-10T10:13:53Z",
            "avg_days_forecast": 0.33,
            "variance_days_forecast": 0.71,
            "cost_usd_per_ton_forecast": 272.39
          },
          {
            "week_start": "2026-04-17T10:13:53Z",
            "avg_days_forecast": 0.46,
            "variance_days_forecast": 0.74,
            "cost_usd_per_ton_forecast": 274.88
          },
          {
            "week_start": "2026-04-24T10:13:53Z",
            "avg_days_forecast": 0.12,
            "variance_days_forecast": 0.71,
            "cost_usd_per_ton_forecast": 277.19
          },
          {
            "week_start": "2026-05-01T10:13:53Z",
            "avg_days_forecast": 0.17,
            "variance_days_forecast": 0.7,
            "cost_usd_per_ton_forecast": 273.81
          }
        ]
      }
    },
    {
      "id": "TEDGE_007",
      "from_node_id": "TNODE_005",
      "to_node_id": "TNODE_006",
      "label": "Outbound from assembly",
      "underlying_segment_ids": [
        "SEG_00377"
      ],
      "mode_mix": [
        "road"
      ],
      "geometry": [
        [
          139.75607737813047,
          35.52358062488459
        ],
        [
          139.73871925514638,
          35.55920980384039
        ],
        [
          139.72136113216226,
          35.59483898279618
        ],
        [
          139.70400300917817,
          35.630468161751985
        ],
        [
          139.68664488619405,
          35.66609734070778
        ],
        [
          139.66928676320995,
          35.70172651966358
        ]
      ],
      "metrics": {
        "avg_days": 0.26,
        "transit_time_variance_days": 1.18,
        "delay_vs_plan_variance_days": 0.44,
        "cost_usd_per_ton": 887.59,
        "time_distribution": {
          "p10": 0.1,
          "p50": 0.26,
          "p90": 2.0
        },
        "forecast_next_12w": [
          {
            "week_start": "2026-02-13T10:13:53Z",
            "avg_days_forecast": 0.55,
            "variance_days_forecast": 1.19,
            "cost_usd_per_ton_forecast": 857.96
          },
          {
            "week_start": "2026-02-20T10:13:53Z",
            "avg_days_forecast": 0.53,
            "variance_days_forecast": 1.17,
            "cost_usd_per_ton_forecast": 912.85
          },
          {
            "week_start": "2026-02-27T10:13:53Z",
            "avg_days_forecast": 0.47,
            "variance_days_forecast": 1.1,
            "cost_usd_per_ton_forecast": 877.81
          },
          {
            "week_start": "2026-03-06T10:13:53Z",
            "avg_days_forecast": 0.33,
            "variance_days_forecast": 1.1,
            "cost_usd_per_ton_forecast": 911.64
          },
          {
            "week_start": "2026-03-13T10:13:53Z",
            "avg_days_forecast": 0.26,
            "variance_days_forecast": 1.15,
            "cost_usd_per_ton_forecast": 844.01
          },
          {
            "week_start": "2026-03-20T10:13:53Z",
            "avg_days_forecast": 0.1,
            "variance_days_forecast": 1.19,
            "cost_usd_per_ton_forecast": 877.44
          },
          {
            "week_start": "2026-03-27T10:13:53Z",
            "avg_days_forecast": 0.15,
            "variance_days_forecast": 1.15,
            "cost_usd_per_ton_forecast": 870.81
          },
          {
            "week_start": "2026-04-03T10:13:53Z",
            "avg_days_forecast": 0.36,
            "variance_days_forecast": 1.19,
            "cost_usd_per_ton_forecast": 912.36
          },
          {
            "week_start": "2026-04-10T10:13:53Z",
            "avg_days_forecast": 0.1,
            "variance_days_forecast": 1.19,
            "cost_usd_per_ton_forecast": 858.45
          },
          {
            "week_start": "2026-04-17T10:13:53Z",
            "avg_days_forecast": 0.1,
            "variance_days_forecast": 1.17,
            "cost_usd_per_ton_forecast": 837.31
          },
          {
            "week_start": "2026-04-24T10:13:53Z",
            "avg_days_forecast": 0.1,
            "variance_days_forecast": 1.17,
            "cost_usd_per_ton_forecast": 847.92
          },
          {
            "week_start": "2026-05-01T10:13:53Z",
            "avg_days_forecast": 0.1,
            "variance_days_forecast": 1.12,
            "cost_usd_per_ton_forecast": 848.21
          }
        ]
      }
    },
    {
      "id": "TEDGE_008",
      "from_node_id": "TNODE_006",
      "to_node_id": "TNODE_007",
      "label": "Main ocean leg",
      "underlying_segment_ids": [
        "SEG_00530",
        "SEG_00406",
        "SEG_00407",
        "SEG_00609",
        "SEG_00360",
        "SEG_00357"
      ],
      "mode_mix": [
        "air",
        "road",
        "sea"
      ],
      "geometry": [
        [
          139.66928676320995,
          35.70172651966358
        ],
        [
          137.55090092738868,
          35.59606321740915
        ],
        [
          135.4325150915674,
          35.490399915154725
        ],
        [
          133.3141292557461,
          35.384736612900305
        ],
        [
          131.19574341992484,
          35.27907331064588
        ],
        [
          129.07735758410357,
          35.17341000839145
        ],
        [
          129.04892521936887,
          35.15263276273444
        ],
        [
          129.0204928546342,
          35.13185551707743
        ],
        [
          128.9920604898995,
          35.111078271420425
        ],
        [
          128.96362812516483,
          35.09030102576342
        ],
        [
          128.93519576043013,
          35.06952378010641
        ],
        [
          128.96667475092988,
          35.08977328741616
        ],
        [
          128.9981537414296,
          35.11002279472591
        ],
        [
          129.02963273192935,
          35.13027230203566
        ],
        [
          129.06111172242908,
          35.150521809345406
        ],
        [
          129.09259071292882,
          35.170771316655156
        ],
        [
          78.65930675764244,
          37.989091209834015
        ],
        [
          28.226022802356056,
          40.807411103012875
        ],
        [
          -22.2072611529303,
          43.625730996191734
        ],
        [
          -72.64054510821671,
          46.444050889370594
        ],
        [
          -123.07382906350307,
          49.26237078254945
        ],
        [
          -123.07382906350308,
          49.26237078254945
        ],
        [
          -123.04347273368572,
          49.253937217571256
        ],
        [
          -123.01311640386835,
          49.245503652593065
        ],
        [
          -122.982760074051,
          49.23707008761487
        ],
        [
          -122.95240374423364,
          49.22863652263668
        ],
        [
          -122.92204741441627,
          49.22020295765848
        ],
        [
          -122.95439192511715,
          49.2282661802914
        ],
        [
          -122.98673643581805,
          49.23632940292431
        ],
        [
          -123.01908094651893,
          49.24439262555723
        ],
        [
          -123.05142545721982,
          49.252455848190145
        ],
        [
          -123.0837699679207,
          49.260519070823065
        ]
      ],
      "metrics": {
        "avg_days": 5.03,
        "transit_time_variance_days": 4.39,
        "delay_vs_plan_variance_days": 2.63,
        "cost_usd_per_ton": 6456.76,
        "time_distribution": {
          "p10": 2.52,
          "p50": 5.03,
          "p90": 8.38
        },
        "forecast_next_12w": [
          {
            "week_start": "2026-02-13T10:13:53Z",
            "avg_days_forecast": 5.04,
            "variance_days_forecast": 4.43,
            "cost_usd_per_ton_forecast": 6439.64
          },
          {
            "week_start": "2026-02-20T10:13:53Z",
            "avg_days_forecast": 4.44,
            "variance_days_forecast": 4.23,
            "cost_usd_per_ton_forecast": 6315.21
          },
          {
            "week_start": "2026-02-27T10:13:53Z",
            "avg_days_forecast": 4.8,
            "variance_days_forecast": 4.03,
            "cost_usd_per_ton_forecast": 6533.83
          },
          {
            "week_start": "2026-03-06T10:13:53Z",
            "avg_days_forecast": 4.67,
            "variance_days_forecast": 4.29,
            "cost_usd_per_ton_forecast": 6453.24
          },
          {
            "week_start": "2026-03-13T10:13:53Z",
            "avg_days_forecast": 4.39,
            "variance_days_forecast": 4.48,
            "cost_usd_per_ton_forecast": 6247.42
          },
          {
            "week_start": "2026-03-20T10:13:53Z",
            "avg_days_forecast": 4.67,
            "variance_days_forecast": 4.18,
            "cost_usd_per_ton_forecast": 6093.37
          },
          {
            "week_start": "2026-03-27T10:13:53Z",
            "avg_days_forecast": 4.17,
            "variance_days_forecast": 4.23,
            "cost_usd_per_ton_forecast": 6394.29
          },
          {
            "week_start": "2026-04-03T10:13:53Z",
            "avg_days_forecast": 4.1,
            "variance_days_forecast": 4.07,
            "cost_usd_per_ton_forecast": 6395.47
          },
          {
            "week_start": "2026-04-10T10:13:53Z",
            "avg_days_forecast": 4.32,
            "variance_days_forecast": 4.23,
            "cost_usd_per_ton_forecast": 6209.04
          },
          {
            "week_start": "2026-04-17T10:13:53Z",
            "avg_days_forecast": 4.08,
            "variance_days_forecast": 4.09,
            "cost_usd_per_ton_forecast": 6645.2
          },
          {
            "week_start": "2026-04-24T10:13:53Z",
            "avg_days_forecast": 4.08,
            "variance_days_forecast": 4.3,
            "cost_usd_per_ton_forecast": 6402.02
          },
          {
            "week_start": "2026-05-01T10:13:53Z",
            "avg_days_forecast": 4.1,
            "variance_days_forecast": 4.25,
            "cost_usd_per_ton_forecast": 6353.31
          }
        ]
      }
    },
    {
      "id": "TEDGE_009",
      "from_node_id": "TNODE_007",
      "to_node_id": "TNODE_008",
      "label": "Last mile to DC",
      "underlying_segment_ids": [
        "SEG_00358"
      ],
      "mode_mix": [
        "road"
      ],
      "geometry": [
        [
          -123.0837699679207,
          49.260519070823065
        ],
        [
          -123.05142545721982,
          49.252455848190145
        ],
        [
          -123.01908094651893,
          49.24439262555723
        ],
        [
          -122.98673643581805,
          49.23632940292431
        ],
        [
          -122.95439192511715,
          49.2282661802914
        ],
        [
          -122.92204741441627,
          49.22020295765848
        ]
      ],
      "metrics": {
        "avg_days": 0.58,
        "transit_time_variance_days": 0.11,
        "delay_vs_plan_variance_days": 0.08,
        "cost_usd_per_ton": 416.35,
        "time_distribution": {
          "p10": 0.18,
          "p50": 0.58,
          "p90": 1.11
        },
        "forecast_next_12w": [
          {
            "week_start": "2026-02-13T10:13:53Z",
            "avg_days_forecast": 0.57,
            "variance_days_forecast": 0.1,
            "cost_usd_per_ton_forecast": 395.62
          },
          {
            "week_start": "2026-02-20T10:13:53Z",
            "avg_days_forecast": 0.61,
            "variance_days_forecast": 0.11,
            "cost_usd_per_ton_forecast": 399.21
          },
          {
            "week_start": "2026-02-27T10:13:53Z",
            "avg_days_forecast": 0.38,
            "variance_days_forecast": 0.11,
            "cost_usd_per_ton_forecast": 397.94
          },
          {
            "week_start": "2026-03-06T10:13:53Z",
            "avg_days_forecast": 0.57,
            "variance_days_forecast": 0.1,
            "cost_usd_per_ton_forecast": 416.76
          },
          {
            "week_start": "2026-03-13T10:13:53Z",
            "avg_days_forecast": 0.42,
            "variance_days_forecast": 0.11,
            "cost_usd_per_ton_forecast": 414.38
          },
          {
            "week_start": "2026-03-20T10:13:53Z",
            "avg_days_forecast": 0.56,
            "variance_days_forecast": 0.11,
            "cost_usd_per_ton_forecast": 411.02
          },
          {
            "week_start": "2026-03-27T10:13:53Z",
            "avg_days_forecast": 0.34,
            "variance_days_forecast": 0.1,
            "cost_usd_per_ton_forecast": 430.16
          },
          {
            "week_start": "2026-04-03T10:13:53Z",
            "avg_days_forecast": 0.79,
            "variance_days_forecast": 0.11,
            "cost_usd_per_ton_forecast": 411.09
          },
          {
            "week_start": "2026-04-10T10:13:53Z",
            "avg_days_forecast": 0.4,
            "variance_days_forecast": 0.1,
            "cost_usd_per_ton_forecast": 392.07
          },
          {
            "week_start": "2026-04-17T10:13:53Z",
            "avg_days_forecast": 0.48,
            "variance_days_forecast": 0.11,
            "cost_usd_per_ton_forecast": 416.63
          },
          {
            "week_start": "2026-04-24T10:13:53Z",
            "avg_days_forecast": 0.62,
            "variance_days_forecast": 0.11,
            "cost_usd_per_ton_forecast": 425.58
          },
          {
            "week_start": "2026-05-01T10:13:53Z",
            "avg_days_forecast": 0.44,
            "variance_days_forecast": 0.11,
            "cost_usd_per_ton_forecast": 424.29
          }
        ]
      }
    }
  ]
}