[
  {
    "id": "FLIGHT_0001",
    "type": "flight",
    "name": null,
    "status": "en_route",
    "current_segment_id": "SEG_00148",
    "segment_progress": 0.1327,
    "direction": "forward",
    "lat": 34.0126,
    "lon": 105.974193,
    "next_stop_entity_id": "AIR_ROT",
    "eta_next_stop": "2026-02-13T19:17:19Z",
    "last_updated": "2026-02-13T10:13:53Z",
    "flight_no": "AZ360",
    "origin_entity_id": "AIR_SHA",
    "destination_entity_id": "AIR_ROT",
    "altitude_ft": 35860,
    "speed_knots": 461.4,
    "heading_deg": 240.2
  },
  {
    "id": "FLIGHT_0002",
    "type": "flight",
    "name": null,
    "status": "en_route",
    "current_segment_id": "SEG_00141",
    "segment_progress": 0.7033,
    "direction": "forward",
    "lat": 6.052799,
    "lon": 113.456133,
    "next_stop_entity_id": "AIR_JAK",
    "eta_next_stop": "2026-02-13T11:45:42Z",
    "last_updated": "2026-02-13T10:13:53Z",
    "flight_no": "SC7552",
    "origin_entity_id": "AIR_BUS",
    "destination_entity_id": "AIR_JAK",
    "altitude_ft": 35598,
    "speed_knots": 540.1,
    "heading_deg": 277.1
  },
  {
    "id": "FLIGHT_0003",
    "type": "flight",
    "name": null,
    "status": "en_route",
    "current_segment_id": "SEG_00172",
    "segment_progress": 0.1849,
    "direction": "forward",
    "lat": 18.156123,
    "lon": 51.776995,
    "next_stop_entity_id": "AIR_NEW",
    "eta_next_stop": "2026-02-13T21:10:32Z",
    "last_updated": "2026-02-13T10:13:53Z",
    "flight_no": "SC1258",
    "origin_entity_id": "AIR_CHE",
    "destination_entity_id": "AIR_NEW",
    "altitude_ft": 34305,
    "speed_knots": 542.0,
    "heading_deg": 320.7
  },
  {
    "id": "FLIGHT_0004",
    "type": "flight",
    "name": null,
    "status": "en_route",
    "current_segment_id": "SEG_00163",
    "segment_progress": 0.5309,
    "direction": "forward",
    "lat": 6.718717,
    "lon": 39.242079,
    "next_stop_entity_id": "AIR_LAG",
    "eta_next_stop": "2026-02-13T14:51:48Z",
    "last_updated": "2026-02-13T10:13:53Z",
    "flight_no": "UA8987",
    "origin_entity_id": "AIR_COL",
    "destination_entity_id": "AIR_LAG",
    "altitude_ft": 37424,
    "speed_knots": 461.5,
    "heading_deg": 285.2
  },
  {
    "id": "FLIGHT_0005",
    "type": "flight",
    "name": null,
    "status": "delayed",
    "current_segment_id": "SEG_00131",
    "segment_progress": 0.6205,
    "direction": "forward",
    "lat": 20.094744,
    "lon": -15.976284,
    "next_stop_entity_id": "AIR_HAM",
    "eta_next_stop": "2026-02-13T15:24:16Z",
    "last_updated": "2026-02-13T10:13:53Z",
    "flight_no": "DL6063",
    "origin_entity_id": "AIR_BUE",
    "destination_entity_id": "AIR_HAM",
    "altitude_ft": 28844,
    "speed_knots": 467.0,
    "heading_deg": 39.8
  },
  {
    "id": "FLIGHT_0006",
    "type": "flight",
    "name": null,
    "status": "en_route",
    "current_segment_id": "SEG_00167",
    "segment_progress": 0.4654,
    "direction": "forward",
    "lat": 34.991932,
    "lon": -17.745522,
    "next_stop_entity_id": "AIR_NEW",
    "eta_next_stop": "2026-02-13T16:20:48Z",
    "last_updated": "2026-02-13T10:13:53Z",
    "flight_no": "DL1197",
    "origin_entity_id": "AIR_CAI",
    "destination_entity_id": "AIR_NEW",
    "altitude_ft": 37187,
    "speed_knots": 425.7,
    "heading_deg": 254.7
  },
  {
    "id": "FLIGHT_0007",
    "type": "flight",
    "name": null,
    "status": "en_route",
    "current_segment_id": "SEG_00147",
    "segment_progress": 0.1384,
    "direction": "forward",
    "lat": 33.419562,
    "lon": 127.006205,
    "next_stop_entity_id": "AIR_SHE",
    "eta_next_stop": "2026-02-13T12:15:10Z",
    "last_updated": "2026-02-13T10:13:53Z",
    "flight_no": "AA9604",
    "origin_entity_id": "AIR_BUS",
    "destination_entity_id": "AIR_SHE",
    "altitude_ft": 39515,
    "speed_knots": 466.9,
    "heading_deg": 75.3
  },
  {
    "id": "FLIGHT_0008",
    "type": "flight",
    "name": null,
    "status": "en_route",
    "current_segment_id": "SEG_00149",
    "segment_progress": 0.3205,
    "direction": "forward",
    "lat": 33.760697,
    "lon": -26.907969,
    "next_stop_entity_id": "AIR_MUM",
    "eta_next_stop": "2026-02-13T18:39:48Z",
    "last_updated": "2026-02-13T10:13:53Z",
    "flight_no": "CX4640",
    "origin_entity_id": "AIR_NEW",
    "destination_entity_id": "AIR_MUM",
    "altitude_ft": 28892,
    "speed_knots": 545.7,
    "heading_deg": 22.7
  },
  {
    "id": "FLIGHT_0009",
    "type": "flight",
    "name": null,
    "status": "landed",
    "current_segment_id": "SEG_00165",
    "segment_progress": 0.4524,
    "direction": "forward",
    "lat": 42.368177,
    "lon": -120.893104,
    "next_stop_entity_id": "AIR_LOS",
    "eta_next_stop": "2026-02-13T11:16:52Z",
    "last_updated": "2026-02-13T10:13:53Z",
    "flight_no": "AA8814",
    "origin_entity_id": "AIR_VAN",
    "destination_entity_id": "AIR_LOS",
    "altitude_ft": 39113,
    "speed_knots": 490.2,
    "heading_deg": 296.3
  },
  {
    "id": "FLIGHT_0010",
    "type": "flight",
    "name": null,
    "status": "en_route",
    "current_segment_id": "SEG_00158",
    "segment_progress": 0.452,
    "direction": "forward",
    "lat": 11.04684,
    "lon": 76.5651,
    "next_stop_entity_id": "AIR_JAK",
    "eta_next_stop": "2026-02-13T14:34:34Z",
    "last_updated": "2026-02-13T10:13:53Z",
    "flight_no": "AZ3185",
    "origin_entity_id": "AIR_DOH",
    "destination_entity_id": "AIR_JAK",
    "altitude_ft": 35501,
    "speed_knots": 471.5,
    "heading_deg": 31.3
  },
  {
    "id": "FLIGHT_0011",
    "type": "flight",
    "name": null,
    "status": "delayed",
    "current_segment_id": "SEG_00171",
    "segment_progress": 0.8979,
    "direction": "forward",
    "lat": 23.008692,
    "lon": -67.761035,
    "next_stop_entity_id": "AIR_HOU",
    "eta_next_stop": "2026-02-13T11:39:34Z",
    "last_updated": "2026-02-13T10:13:53Z",
    "flight_no": "AZ2799",
    "origin_entity_id": "AIR_AUC",
    "destination_entity_id": "AIR_HOU",
    "altitude_ft": 32521,
    "speed_knots": 460.4,
    "heading_deg": 40.2
  },
  {
    "id": "FLIGHT_0012",
    "type": "flight",
    "name": null,
    "status": "en_route",
    "current_segment_id": "SEG_00139",
    "segment_progress": 0.4963,
    "direction": "forward",
    "lat": 32.993179,
    "lon": 52.138194,
    "next_stop_entity_id": "AIR_BAN",
    "eta_next_stop": "2026-02-13T14:50:55Z",
    "last_updated": "2026-02-13T10:13:53Z",
    "flight_no": "SC4903",
    "origin_entity_id": "AIR_ROT",
    "destination_entity_id": "AIR_BAN",
    "altitude_ft": 34824,
    "speed_knots": 542.5,
    "heading_deg": 348.1
  },
  {
    "id": "FLIGHT_0013",
    "type": "flight",
    "name": null,
    "status": "en_route",
    "current_segment_id": "SEG_00190",
    "segment_progress": 0.9317,
    "direction": "forward",
    "lat": 45.397382,
    "lon": 9.792116,
    "next_stop_entity_id": "AIR_LON",
    "eta_next_stop": "2026-02-13T11:30:46Z",
    "last_updated": "2026-02-13T10:13:53Z",
    "flight_no": "SC4876",
    "origin_entity_id": "AIR_MEL",
    "destination_entity_id": "AIR_LON",
    "altitude_ft": 31097,
    "speed_knots": 486.3,
    "heading_deg": 22.6
  },
  {
    "id": "FLIGHT_0014",
    "type": "flight",
    "name": null,
    "status": "en_route",
    "current_segment_id": "SEG_00150",
    "segment_progress": 0.8349,
    "direction": "forward",
    "lat": 33.458367,
    "lon": -78.846387,
    "next_stop_entity_id": "AIR_HOU",
    "eta_next_stop": "2026-02-13T11:41:25Z",
    "last_updated": "2026-02-13T10:13:53Z",
    "flight_no": "UA5716",
    "origin_entity_id": "AIR_ROT",
    "destination_entity_id": "AIR_HOU",
    "altitude_ft": 38743,
    "speed_knots": 492.7,
    "heading_deg": 231.9
  },
  {
    "id": "FLIGHT_0015",
    "type": "flight",
    "name": null,
    "status": "en_route",
    "current_segment_id": "SEG_00162",
    "segment_progress": 0.4861,
    "direction": "forward",
    "lat": 32.667737,
    "lon": 81.495486,
    "next_stop_entity_id": "AIR_CAI",
    "eta_next_stop": "2026-02-13T14:58:50Z",
    "last_updated": "2026-02-13T10:13:53Z",
    "flight_no": "DL7395",
    "origin_entity_id": "AIR_BUS",
    "destination_entity_id": "AIR_CAI",
    "altitude_ft": 35503,
    "speed_knots": 513.2,
    "heading_deg": 109.2
  },
  {
    "id": "FLIGHT_0016",
    "type": "flight",
    "name": null,
    "status": "landed",
    "current_segment_id": "SEG_00137",
    "segment_progress": 0.8983,
    "direction": "forward",
    "lat": 4.872457,
    "lon": 107.433085,
    "next_stop_entity_id": "AIR_SIN",
    "eta_next_stop": "2026-02-13T10:51:44Z",
    "last_updated": "2026-02-13T10:13:53Z",
    "flight_no": "QF8033",
    "origin_entity_id": "AIR_TOK",
    "destination_entity_id": "AIR_SIN",
    "altitude_ft": 34093,
    "speed_knots": 462.9,
    "heading_deg": 348.5
  },
  {
    "id": "FLIGHT_0017",
    "type": "flight",
    "name": null,
    "status": "delayed",
    "current_segment_id": "SEG_00127",
    "segment_progress": 0.1483,
    "direction": "forward",
    "lat": -26.950626,
    "lon": 140.72418,
    "next_stop_entity_id": "AIR_CHE",
    "eta_next_stop": "2026-02-13T19:21:27Z",
    "last_updated": "2026-02-13T10:13:53Z",
    "flight_no": "UA2734",
    "origin_entity_id": "AIR_SYD",
    "destination_entity_id": "AIR_CHE",
    "altitude_ft": 39662,
    "speed_knots": 459.8,
    "heading_deg": 192.2
  },
  {
    "id": "FLIGHT_0018",
    "type": "flight",
    "name": null,
    "status": "en_route",
    "current_segment_id": "SEG_00144",
    "segment_progress": 0.9732,
    "direction": "forward",
    "lat": 52.467399,
    "lon": 12.395211,
    "next_stop_entity_id": "AIR_HAM",
    "eta_next_stop": "2026-02-13T10:28:07Z",
    "last_updated": "2026-02-13T10:13:53Z",
    "flight_no": "NX2741",
    "origin_entity_id": "AIR_BAN",
    "destination_entity_id": "AIR_HAM",
    "altitude_ft": 31897,
    "speed_knots": 537.5,
    "heading_deg": 42.0
  },
  {
    "id": "FLIGHT_0019",
    "type": "flight",
    "name": null,
    "status": "en_route",
    "current_segment_id": "SEG_00161",
    "segment_progress": 0.5745,
    "direction": "forward",
    "lat": 20.081802,
    "lon": 63.803312,
    "next_stop_entity_id": "AIR_DOH",
    "eta_next_stop": "2026-02-13T11:48:20Z",
    "last_updated": "2026-02-13T10:13:53Z",
    "flight_no": "QF9315",
    "origin_entity_id": "AIR_CHE",
    "destination_entity_id": "AIR_DOH",
    "altitude_ft": 39585,
    "speed_knots": 481.7,
    "heading_deg": 12.5
  },
  {
    "id": "FLIGHT_0020",
    "type": "flight",
    "name": null,
    "status": "en_route",
    "current_segment_id": "SEG_00161",
    "segment_progress": 0.978,
    "direction": "forward",
    "lat": 25.027205,
    "lon": 52.211119,
    "next_stop_entity_id": "AIR_DOH",
    "eta_next_stop": "2026-02-13T10:19:13Z",
    "last_updated": "2026-02-13T10:13:53Z",
    "flight_no": "NX8843",
    "origin_entity_id": "AIR_CHE",
    "destination_entity_id": "AIR_DOH",
    "altitude_ft": 32940,
    "speed_knots": 440.7,
    "heading_deg": 43.6
  },
  {
    "id": "FLIGHT_0021",
    "type": "flight",
    "name": null,
    "status": "en_route",
    "current_segment_id": "SEG_00124",
    "segment_progress": 0.4046,
    "direction": "forward",
    "lat": 16.219594,
    "lon": 13.837284,
    "next_stop_entity_id": "AIR_VAN",
    "eta_next_stop": "2026-02-13T18:59:15Z",
    "last_updated": "2026-02-13T10:13:53Z",
    "flight_no": "AA5346",
    "origin_entity_id": "AIR_JAK",
    "destination_entity_id": "AIR_VAN",
    "altitude_ft": 30556,
    "speed_knots": 489.9,
    "heading_deg": 1.5
  },
  {
    "id": "FLIGHT_0022",
    "type": "flight",
    "name": null,
    "status": "en_route",
    "current_segment_id": "SEG_00190",
    "segment_progress": 0.9756,
    "direction": "forward",
    "lat": 49.317321,
    "lon": 3.428062,
    "next_stop_entity_id": "AIR_LON",
    "eta_next_stop": "2026-02-13T10:42:32Z",
    "last_updated": "2026-02-13T10:13:53Z",
    "flight_no": "AA4848",
    "origin_entity_id": "AIR_MEL",
    "destination_entity_id": "AIR_LON",
    "altitude_ft": 40356,
    "speed_knots": 466.4,
    "heading_deg": 352.1
  },
  {
    "id": "FLIGHT_0023",
    "type": "flight",
    "name": null,
    "status": "en_route",
    "current_segment_id": "SEG_00194",
    "segment_progress": 0.6669,
    "direction": "forward",
    "lat": 24.272719,
    "lon": 127.727102,
    "next_stop_entity_id": "AIR_TOK",
    "eta_next_stop": "2026-02-13T12:01:45Z",
    "last_updated": "2026-02-13T10:13:53Z",
    "flight_no": "AA5649",
    "origin_entity_id": "AIR_SIN",
    "destination_entity_id": "AIR_TOK",
    "altitude_ft": 39290,
    "speed_knots": 531.9,
    "heading_deg": 40.3
  },
  {
    "id": "FLIGHT_0024",
    "type": "flight",
    "name": null,
    "status": "en_route",
    "current_segment_id": "SEG_00182",
    "segment_progress": 0.9002,
    "direction": "forward",
    "lat": 9.788324,
    "lon": 85.838214,
    "next_stop_entity_id": "AIR_COL",
    "eta_next_stop": "2026-02-13T11:04:18Z",
    "last_updated": "2026-02-13T10:13:53Z",
    "flight_no": "LH506",
    "origin_entity_id": "AIR_TOK",
    "destination_entity_id": "AIR_COL",
    "altitude_ft": 34580,
    "speed_knots": 439.5,
    "heading_deg": 221.7
  },
  {
    "id": "FLIGHT_0025",
    "type": "flight",
    "name": null,
    "status": "en_route",
    "current_segment_id": "SEG_00149",
    "segment_progress": 0.446,
    "direction": "forward",
    "lat": 31.042215,
    "lon": -8.478845,
    "next_stop_entity_id": "AIR_MUM",
    "eta_next_stop": "2026-02-13T18:53:50Z",
    "last_updated": "2026-02-13T10:13:53Z",
    "flight_no": "QF9658",
    "origin_entity_id": "AIR_NEW",
    "destination_entity_id": "AIR_MUM",
    "altitude_ft": 36625,
    "speed_knots": 432.9,
    "heading_deg": 79.7
  },
  {
    "id": "FLIGHT_0026",
    "type": "flight",
    "name": null,
    "status": "landed",
    "current_segment_id": "SEG_00156",
    "segment_progress": 0.1957,
    "direction": "forward",
    "lat": 46.504424,
    "lon": -73.720908,
    "next_stop_entity_id": "AIR_BUS",
    "eta_next_stop": "2026-02-13T18:31:34Z",
    "last_updated": "2026-02-13T10:13:53Z",
    "flight_no": "AZ8485",
    "origin_entity_id": "AIR_VAN",
    "destination_entity_id": "AIR_BUS",
    "altitude_ft": 34462,
    "speed_knots": 431.7,
    "heading_deg": 69.8
  },
  {
    "id": "FLIGHT_0027",
    "type": "flight",
    "name": null,
    "status": "en_route",
    "current_segment_id": "SEG_00161",
    "segment_progress": 0.6032,
    "direction": "forward",
    "lat": 20.432906,
    "lon": 62.980313,
    "next_stop_entity_id": "AIR_DOH",
    "eta_next_stop": "2026-02-13T11:40:12Z",
    "last_updated": "2026-02-13T10:13:53Z",
    "flight_no": "EK6613",
    "origin_entity_id": "AIR_CHE",
    "destination_entity_id": "AIR_DOH",
    "altitude_ft": 30423,
    "speed_knots": 491.6,
    "heading_deg": 257.0
  },
  {
    "id": "FLIGHT_0028",
    "type": "flight",
    "name": null,
    "status": "en_route",
    "current_segment_id": "SEG_00175",
    "segment_progress": 0.3696,
    "direction": "forward",
    "lat": 27.328855,
    "lon": 117.740024,
    "next_stop_entity_id": "AIR_CHE",
    "eta_next_stop": "2026-02-13T14:51:17Z",
    "last_updated": "2026-02-13T10:13:53Z",
    "flight_no": "EK5147",
    "origin_entity_id": "AIR_TOK",
    "destination_entity_id": "AIR_CHE",
    "altitude_ft": 35300,
    "speed_knots": 472.2,
    "heading_deg": 313.9
  },
  {
    "id": "FLIGHT_0029",
    "type": "flight",
    "name": null,
    "status": "en_route",
    "current_segment_id": "SEG_00132",
    "segment_progress": 0.2157,
    "direction": "forward",
    "lat": 26.359167,
    "lon": 41.781638,
    "next_stop_entity_id": "AIR_CHE",
    "eta_next_stop": "2026-02-13T14:24:44Z",
    "last_updated": "2026-02-13T10:13:53Z",
    "flight_no": "CX7349",
    "origin_entity_id": "AIR_CAI",
    "destination_entity_id": "AIR_CHE",
    "altitude_ft": 32728,
    "speed_knots": 544.3,
    "heading_deg": 58.8
  },
  {
    "id": "FLIGHT_0030",
    "type": "flight",
    "name": null,
    "status": "landed",
    "current_segment_id": "SEG_00175",
    "segment_progress": 0.7286,
    "direction": "forward",
    "lat": 19.191937,
    "lon": 96.424261,
    "next_stop_entity_id": "AIR_CHE",
    "eta_next_stop": "2026-02-13T12:11:52Z",
    "last_updated": "2026-02-13T10:13:53Z",
    "flight_no": "UA1510",
    "origin_entity_id": "AIR_TOK",
    "destination_entity_id": "AIR_CHE",
    "altitude_ft": 30353,
    "speed_knots": 478.0,
    "heading_deg": 74.6
  },
  {
    "id": "FLIGHT_0031",
    "type": "flight",
    "name": null,
    "status": "en_route",
    "current_segment_id": "SEG_00181",
    "segment_progress": 0.9884,
    "direction": "forward",
    "lat": 19.11603,
    "lon": -96.784525,
    "next_stop_entity_id": "AIR_MEX",
    "eta_next_stop": "2026-02-13T10:26:44Z",
    "last_updated": "2026-02-13T10:13:53Z",
    "flight_no": "UA6256",
    "origin_entity_id": "AIR_JAK",
    "destination_entity_id": "AIR_MEX",
    "altitude_ft": 29449,
    "speed_knots": 493.5,
    "heading_deg": 2.4
  },
  {
    "id": "FLIGHT_0032",
    "type": "flight",
    "name": null,
    "status": "en_route",
    "current_segment_id": "SEG_00155",
    "segment_progress": 0.4145,
    "direction": "forward",
    "lat": 41.938213,
    "lon": 75.536045,
    "next_stop_entity_id": "AIR_LON",
    "eta_next_stop": "2026-02-13T16:03:47Z",
    "last_updated": "2026-02-13T10:13:53Z",
    "flight_no": "NX3364",
    "origin_entity_id": "AIR_BUS",
    "destination_entity_id": "AIR_LON",
    "altitude_ft": 31047,
    "speed_knots": 497.8,
    "heading_deg": 298.8
  },
  {
    "id": "FLIGHT_0033",
    "type": "flight",
    "name": null,
    "status": "landed",
    "current_segment_id": "SEG_00158",
    "segment_progress": 0.5539,
    "direction": "forward",
    "lat": 7.834553,
    "lon": 82.197501,
    "next_stop_entity_id": "AIR_JAK",
    "eta_next_stop": "2026-02-13T14:08:49Z",
    "last_updated": "2026-02-13T10:13:53Z",
    "flight_no": "UA5079",
    "origin_entity_id": "AIR_DOH",
    "destination_entity_id": "AIR_JAK",
    "altitude_ft": 36095,
    "speed_knots": 425.9,
    "heading_deg": 200.8
  },
  {
    "id": "FLIGHT_0034",
    "type": "flight",
    "name": null,
    "status": "en_route",
    "current_segment_id": "SEG_00180",
    "segment_progress": 0.2245,
    "direction": "forward",
    "lat": 26.544466,
    "lon": 95.064298,
    "next_stop_entity_id": "AIR_IST",
    "eta_next_stop": "2026-02-13T16:33:27Z",
    "last_updated": "2026-02-13T10:13:53Z",
    "flight_no": "LH7842",
    "origin_entity_id": "AIR_HON",
    "destination_entity_id": "AIR_IST",
    "altitude_ft": 30034,
    "speed_knots": 530.8,
    "heading_deg": 234.7
  },
  {
    "id": "FLIGHT_0035",
    "type": "flight",
    "name": null,
    "status": "en_route",
    "current_segment_id": "SEG_00157",
    "segment_progress": 0.4172,
    "direction": "forward",
    "lat": 15.720181,
    "lon": 109.709541,
    "next_stop_entity_id": "AIR_SHE",
    "eta_next_stop": "2026-02-13T11:12:27Z",
    "last_updated": "2026-02-13T10:13:53Z",
    "flight_no": "QF566",
    "origin_entity_id": "AIR_HOC",
    "destination_entity_id": "AIR_SHE",
    "altitude_ft": 29955,
    "speed_knots": 488.9,
    "heading_deg": 274.5
  },
  {
    "id": "FLIGHT_0036",
    "type": "flight",
    "name": null,
    "status": "en_route",
    "current_segment_id": "SEG_00184",
    "segment_progress": 0.9943,
    "direction": "forward",
    "lat": -29.842943,
    "lon": 31.727226,
    "next_stop_entity_id": "AIR_DUR",
    "eta_next_stop": "2026-02-13T10:18:24Z",
    "last_updated": "2026-02-13T10:13:53Z",
    "flight_no": "UA7972",
    "origin_entity_id": "AIR_SYD",
    "destination_entity_id": "AIR_DUR",
    "altitude_ft": 37266,
    "speed_knots": 429.3,
    "heading_deg": 156.5
  },
  {
    "id": "FLIGHT_0037",
    "type": "flight",
    "name": null,
    "status": "en_route",
    "current_segment_id": "SEG_00154",
    "segment_progress": 0.628,
    "direction": "forward",
    "lat": 10.227571,
    "lon": 85.724098,
    "next_stop_entity_id": "AIR_SIN",
    "eta_next_stop": "2026-02-13T12:38:21Z",
    "last_updated": "2026-02-13T10:13:53Z",
    "flight_no": "AZ6214",
    "origin_entity_id": "AIR_DUB",
    "destination_entity_id": "AIR_SIN",
    "altitude_ft": 36397,
    "speed_knots": 486.6,
    "heading_deg": 263.1
  },
  {
    "id": "FLIGHT_0038",
    "type": "flight",
    "name": null,
    "status": "en_route",
    "current_segment_id": "SEG_00123",
    "segment_progress": 0.8453,
    "direction": "forward",
    "lat": 20.580823,
    "lon": -75.768872,
    "next_stop_entity_id": "AIR_HOU",
    "eta_next_stop": "2026-02-13T13:02:27Z",
    "last_updated": "2026-02-13T10:13:53Z",
    "flight_no": "EK7653",
    "origin_entity_id": "AIR_DUR",
    "destination_entity_id": "AIR_HOU",
    "altitude_ft": 39358,
    "speed_knots": 442.8,
    "heading_deg": 48.6
  },
  {
    "id": "FLIGHT_0039",
    "type": "flight",
    "name": null,
    "status": "en_route",
    "current_segment_id": "SEG_00141",
    "segment_progress": 0.0529,
    "direction": "forward",
    "lat": 32.981107,
    "lon": 127.916733,
    "next_stop_entity_id": "AIR_JAK",
    "eta_next_stop": "2026-02-13T15:50:16Z",
    "last_updated": "2026-02-13T10:13:53Z",
    "flight_no": "EK898",
    "origin_entity_id": "AIR_BUS",
    "destination_entity_id": "AIR_JAK",
    "altitude_ft": 32749,
    "speed_knots": 470.6,
    "heading_deg": 104.7
  },
  {
    "id": "FLIGHT_0040",
    "type": "flight",
    "name": null,
    "status": "en_route",
    "current_segment_id": "SEG_00130",
    "segment_progress": 0.5139,
    "direction": "forward",
    "lat": 10.817912,
    "lon": -48.150996,
    "next_stop_entity_id": "AIR_VAN",
    "eta_next_stop": "2026-02-13T18:40:02Z",
    "last_updated": "2026-02-13T10:13:53Z",
    "flight_no": "AZ9910",
    "origin_entity_id": "AIR_DUR",
    "destination_entity_id": "AIR_VAN",
    "altitude_ft": 40331,
    "speed_knots": 527.3,
    "heading_deg": 60.0
  },
  {
    "id": "FLIGHT_0041",
    "type": "flight",
    "name": null,
    "status": "en_route",
    "current_segment_id": "SEG_00162",
    "segment_progress": 0.8724,
    "direction": "forward",
    "lat": 30.67882,
    "lon": 43.674705,
    "next_stop_entity_id": "AIR_CAI",
    "eta_next_stop": "2026-02-13T11:21:38Z",
    "last_updated": "2026-02-13T10:13:53Z",
    "flight_no": "LH4547",
    "origin_entity_id": "AIR_BUS",
    "destination_entity_id": "AIR_CAI",
    "altitude_ft": 39230,
    "speed_knots": 535.8,
    "heading_deg": 250.6
  },
  {
    "id": "FLIGHT_0042",
    "type": "flight",
    "name": null,
    "status": "landed",
    "current_segment_id": "SEG_00167",
    "segment_progress": 0.0958,
    "direction": "forward",
    "lat": 31.045547,
    "lon": 21.109229,
    "next_stop_entity_id": "AIR_NEW",
    "eta_next_stop": "2026-02-13T19:00:56Z",
    "last_updated": "2026-02-13T10:13:53Z",
    "flight_no": "SC2343",
    "origin_entity_id": "AIR_CAI",
    "destination_entity_id": "AIR_NEW",
    "altitude_ft": 36489,
    "speed_knots": 501.2,
    "heading_deg": 101.0
  },
  {
    "id": "FLIGHT_0043",
    "type": "flight",
    "name": null,
    "status": "en_route",
    "current_segment_id": "SEG_00183",
    "segment_progress": 0.412,
    "direction": "forward",
    "lat": 39.322808,
    "lon": 35.885099,
    "next_stop_entity_id": "AIR_MUM",
    "eta_next_stop": "2026-02-13T14:00:44Z",
    "last_updated": "2026-02-13T10:13:53Z",
    "flight_no": "QF2632",
    "origin_entity_id": "AIR_HAM",
    "destination_entity_id": "AIR_MUM",
    "altitude_ft": 36247,
    "speed_knots": 548.9,
    "heading_deg": 79.4
  },
  {
    "id": "FLIGHT_0044",
    "type": "flight",
    "name": null,
    "status": "en_route",
    "current_segment_id": "SEG_00145",
    "segment_progress": 0.7951,
    "direction": "forward",
    "lat": 12.521077,
    "lon": 31.284478,
    "next_stop_entity_id": "AIR_LAG",
    "eta_next_stop": "2026-02-13T13:13:22Z",
    "last_updated": "2026-02-13T10:13:53Z",
    "flight_no": "DL8817",
    "origin_entity_id": "AIR_TOK",
    "destination_entity_id": "AIR_LAG",
    "altitude_ft": 39674,
    "speed_knots": 498.2,
    "heading_deg": 197.8
  },
  {
    "id": "FLIGHT_0045",
    "type": "flight",
    "name": null,
    "status": "en_route",
    "current_segment_id": "SEG_00135",
    "segment_progress": 0.4173,
    "direction": "forward",
    "lat": -35.596435,
    "lon": 164.926467,
    "next_stop_entity_id": "AIR_SYD",
    "eta_next_stop": "2026-02-13T11:27:50Z",
    "last_updated": "2026-02-13T10:13:53Z",
    "flight_no": "NX384",
    "origin_entity_id": "AIR_AUC",
    "destination_entity_id": "AIR_SYD",
    "altitude_ft": 35856,
    "speed_knots": 548.2,
    "heading_deg": 125.0
  },
  {
    "id": "FLIGHT_0046",
    "type": "flight",
    "name": null,
    "status": "delayed",
    "current_segment_id": "SEG_00167",
    "segment_progress": 0.139,
    "direction": "forward",
    "lat": 31.506706,
    "lon": 16.568817,
    "next_stop_entity_id": "AIR_NEW",
    "eta_next_stop": "2026-02-13T18:55:52Z",
    "last_updated": "2026-02-13T10:13:53Z",
    "flight_no": "DL5704",
    "origin_entity_id": "AIR_CAI",
    "destination_entity_id": "AIR_NEW",
    "altitude_ft": 30821,
    "speed_knots": 481.9,
    "heading_deg": 254.9
  },
  {
    "id": "FLIGHT_0047",
    "type": "flight",
    "name": null,
    "status": "en_route",
    "current_segment_id": "SEG_00124",
    "segment_progress": 0.7445,
    "direction": "forward",
    "lat": 35.081636,
    "lon": -64.316652,
    "next_stop_entity_id": "AIR_VAN",
    "eta_next_stop": "2026-02-13T14:26:53Z",
    "last_updated": "2026-02-13T10:13:53Z",
    "flight_no": "NX3812",
    "origin_entity_id": "AIR_JAK",
    "destination_entity_id": "AIR_VAN",
    "altitude_ft": 33036,
    "speed_knots": 436.6,
    "heading_deg": 45.0
  },
  {
    "id": "FLIGHT_0048",
    "type": "flight",
    "name": null,
    "status": "en_route",
    "current_segment_id": "SEG_00137",
    "segment_progress": 0.9811,
    "direction": "forward",
    "lat": 2.029279,
    "lon": 104.458924,
    "next_stop_entity_id": "AIR_SIN",
    "eta_next_stop": "2026-02-13T10:20:41Z",
    "last_updated": "2026-02-13T10:13:53Z",
    "flight_no": "AZ1373",
    "origin_entity_id": "AIR_TOK",
    "destination_entity_id": "AIR_SIN",
    "altitude_ft": 28308,
    "speed_knots": 479.5,
    "heading_deg": 278.1
  },
  {
    "id": "FLIGHT_0049",
    "type": "flight",
    "name": null,
    "status": "landed",
    "current_segment_id": "SEG_00176",
    "segment_progress": 0.0425,
    "direction": "forward",
    "lat": 20.394677,
    "lon": 107.371274,
    "next_stop_entity_id": "AIR_SAO",
    "eta_next_stop": "2026-02-14T07:41:08Z",
    "last_updated": "2026-02-13T10:13:53Z",
    "flight_no": "DL9818",
    "origin_entity_id": "AIR_HON",
    "destination_entity_id": "AIR_SAO",
    "altitude_ft": 28971,
    "speed_knots": 435.1,
    "heading_deg": 168.4
  },
  {
    "id": "FLIGHT_0050",
    "type": "flight",
    "name": null,
    "status": "en_route",
    "current_segment_id": "SEG_00153",
    "segment_progress": 0.0433,
    "direction": "forward",
    "lat": 11.185181,
    "lon": 78.176836,
    "next_stop_entity_id": "AIR_DUR",
    "eta_next_stop": "2026-02-13T18:10:38Z",
    "last_updated": "2026-02-13T10:13:53Z",
    "flight_no": "AZ2128",
    "origin_entity_id": "AIR_CHE",
    "destination_entity_id": "AIR_DUR",
    "altitude_ft": 37859,
    "speed_knots": 462.2,
    "heading_deg": 73.7
  },
  {
    "id": "FLIGHT_0051",
    "type": "flight",
    "name": null,
    "status": "en_route",
    "current_segment_id": "SEG_00146",
    "segment_progress": 0.1848,
    "direction": "forward",
    "lat": 14.675259,
    "lon": -61.10612,
    "next_stop_entity_id": "AIR_JAK",
    "eta_next_stop": "2026-02-14T02:01:54Z",
    "last_updated": "2026-02-13T10:13:53Z",
    "flight_no": "LH9598",
    "origin_entity_id": "AIR_MEX",
    "destination_entity_id": "AIR_JAK",
    "altitude_ft": 33698,
    "speed_knots": 469.2,
    "heading_deg": 126.4
  },
  {
    "id": "FLIGHT_0052",
    "type": "flight",
    "name": null,
    "status": "en_route",
    "current_segment_id": "SEG_00185",
    "segment_progress": 0.7808,
    "direction": "forward",
    "lat": 37.29557,
    "lon": -45.641787,
    "next_stop_entity_id": "AIR_NEW",
    "eta_next_stop": "2026-02-13T12:48:27Z",
    "last_updated": "2026-02-13T10:13:53Z",
    "flight_no": "AZ1723",
    "origin_entity_id": "AIR_DUB",
    "destination_entity_id": "AIR_NEW",
    "altitude_ft": 37472,
    "speed_knots": 505.8,
    "heading_deg": 274.0
  },
  {
    "id": "FLIGHT_0053",
    "type": "flight",
    "name": null,
    "status": "en_route",
    "current_segment_id": "SEG_00188",
    "segment_progress": 0.217,
    "direction": "forward",
    "lat": -25.909243,
    "lon": -49.222557,
    "next_stop_entity_id": "AIR_BUE",
    "eta_next_stop": "2026-02-13T11:48:52Z",
    "last_updated": "2026-02-13T10:13:53Z",
    "flight_no": "DL170",
    "origin_entity_id": "AIR_SAO",
    "destination_entity_id": "AIR_BUE",
    "altitude_ft": 39884,
    "speed_knots": 446.8,
    "heading_deg": 35.4
  },
  {
    "id": "FLIGHT_0054",
    "type": "flight",
    "name": null,
    "status": "en_route",
    "current_segment_id": "SEG_00148",
    "segment_progress": 0.9205,
    "direction": "forward",
    "lat": 50.290628,
    "lon": 13.794896,
    "next_stop_entity_id": "AIR_ROT",
    "eta_next_stop": "2026-02-13T10:56:32Z",
    "last_updated": "2026-02-13T10:13:53Z",
    "flight_no": "UA3133",
    "origin_entity_id": "AIR_SHA",
    "destination_entity_id": "AIR_ROT",
    "altitude_ft": 35203,
    "speed_knots": 539.2,
    "heading_deg": 241.8
  },
  {
    "id": "FLIGHT_0055",
    "type": "flight",
    "name": null,
    "status": "en_route",
    "current_segment_id": "SEG_00134",
    "segment_progress": 0.1808,
    "direction": "forward",
    "lat": 29.983016,
    "lon": 8.307573,
    "next_stop_entity_id": "AIR_HOU",
    "eta_next_stop": "2026-02-13T20:51:10Z",
    "last_updated": "2026-02-13T10:13:53Z",
    "flight_no": "QF8525",
    "origin_entity_id": "AIR_CAI",
    "destination_entity_id": "AIR_HOU",
    "altitude_ft": 31728,
    "speed_knots": 469.7,
    "heading_deg": 146.3
  },
  {
    "id": "FLIGHT_0056",
    "type": "flight",
    "name": null,
    "status": "en_route",
    "current_segment_id": "SEG_00161",
    "segment_progress": 0.1236,
    "direction": "forward",
    "lat": 14.555297,
    "lon": 76.757628,
    "next_stop_entity_id": "AIR_DOH",
    "eta_next_stop": "2026-02-13T13:49:07Z",
    "last_updated": "2026-02-13T10:13:53Z",
    "flight_no": "EK4823",
    "origin_entity_id": "AIR_CHE",
    "destination_entity_id": "AIR_DOH",
    "altitude_ft": 37128,
    "speed_knots": 435.4,
    "heading_deg": 259.2
  },
  {
    "id": "FLIGHT_0057",
    "type": "flight",
    "name": null,
    "status": "en_route",
    "current_segment_id": "SEG_00131",
    "segment_progress": 0.3281,
    "direction": "forward",
    "lat": -5.660467,
    "lon": -35.960925,
    "next_stop_entity_id": "AIR_HAM",
    "eta_next_stop": "2026-02-13T20:02:07Z",
    "last_updated": "2026-02-13T10:13:53Z",
    "flight_no": "UA5211",
    "origin_entity_id": "AIR_BUE",
    "destination_entity_id": "AIR_HAM",
    "altitude_ft": 39256,
    "speed_knots": 436.2,
    "heading_deg": 350.4
  },
  {
    "id": "FLIGHT_0058",
    "type": "flight",
    "name": null,
    "status": "delayed",
    "current_segment_id": "SEG_00177",
    "segment_progress": 0.2259,
    "direction": "forward",
    "lat": 44.912151,
    "lon": 25.711808,
    "next_stop_entity_id": "AIR_HON",
    "eta_next_stop": "2026-02-13T18:39:50Z",
    "last_updated": "2026-02-13T10:13:53Z",
    "flight_no": "CX3193",
    "origin_entity_id": "AIR_LON",
    "destination_entity_id": "AIR_HON",
    "altitude_ft": 29140,
    "speed_knots": 477.0,
    "heading_deg": 321.2
  },
  {
    "id": "FLIGHT_0059",
    "type": "flight",
    "name": null,
    "status": "en_route",
    "current_segment_id": "SEG_00181",
    "segment_progress": 0.9391,
    "direction": "forward",
    "lat": 17.851728,
    "lon": -86.626767,
    "next_stop_entity_id": "AIR_MEX",
    "eta_next_stop": "2026-02-13T11:24:24Z",
    "last_updated": "2026-02-13T10:13:53Z",
    "flight_no": "AA1823",
    "origin_entity_id": "AIR_JAK",
    "destination_entity_id": "AIR_MEX",
    "altitude_ft": 34494,
    "speed_knots": 471.4,
    "heading_deg": 157.3
  },
  {
    "id": "FLIGHT_0060",
    "type": "flight",
    "name": null,
    "status": "en_route",
    "current_segment_id": "SEG_00131",
    "segment_progress": 0.1192,
    "direction": "forward",
    "lat": -24.064396,
    "lon": -50.241372,
    "next_stop_entity_id": "AIR_HAM",
    "eta_next_stop": "2026-02-13T22:01:34Z",
    "last_updated": "2026-02-13T10:13:53Z",
    "flight_no": "AZ2864",
    "origin_entity_id": "AIR_BUE",
    "destination_entity_id": "AIR_HAM",
    "altitude_ft": 29060,
    "speed_knots": 475.3,
    "heading_deg": 130.6
  },
  {
    "id": "FLIGHT_0061",
    "type": "flight",
    "name": null,
    "status": "delayed",
    "current_segment_id": "SEG_00146",
    "segment_progress": 0.3386,
    "direction": "forward",
    "lat": 10.729803,
    "lon": -29.407221,
    "next_stop_entity_id": "AIR_JAK",
    "eta_next_stop": "2026-02-13T22:10:52Z",
    "last_updated": "2026-02-13T10:13:53Z",
    "flight_no": "AZ3915",
    "origin_entity_id": "AIR_MEX",
    "destination_entity_id": "AIR_JAK",
    "altitude_ft": 34958,
    "speed_knots": 503.3,
    "heading_deg": 260.3
  },
  {
    "id": "FLIGHT_0062",
    "type": "flight",
    "name": null,
    "status": "en_route",
    "current_segment_id": "SEG_00156",
    "segment_progress": 0.7648,
    "direction": "forward",
    "lat": 38.484876,
    "lon": 69.787339,
    "next_stop_entity_id": "AIR_BUS",
    "eta_next_stop": "2026-02-13T12:13:03Z",
    "last_updated": "2026-02-13T10:13:53Z",
    "flight_no": "CX5934",
    "origin_entity_id": "AIR_VAN",
    "destination_entity_id": "AIR_BUS",
    "altitude_ft": 35795,
    "speed_knots": 527.2,
    "heading_deg": 239.3
  },
  {
    "id": "FLIGHT_0063",
    "type": "flight",
    "name": null,
    "status": "en_route",
    "current_segment_id": "SEG_00172",
    "segment_progress": 0.9875,
    "direction": "forward",
    "lat": 40.356714,
    "lon": -72.038523,
    "next_stop_entity_id": "AIR_NEW",
    "eta_next_stop": "2026-02-13T10:24:58Z",
    "last_updated": "2026-02-13T10:13:53Z",
    "flight_no": "AA1870",
    "origin_entity_id": "AIR_CHE",
    "destination_entity_id": "AIR_NEW",
    "altitude_ft": 30001,
    "speed_knots": 491.6,
    "heading_deg": 90.0
  },
  {
    "id": "FLIGHT_0064",
    "type": "flight",
    "name": null,
    "status": "en_route",
    "current_segment_id": "SEG_00184",
    "segment_progress": 0.2308,
    "direction": "forward",
    "lat": -32.970522,
    "lon": 123.502002,
    "next_stop_entity_id": "AIR_DUR",
    "eta_next_stop": "2026-02-13T18:10:09Z",
    "last_updated": "2026-02-13T10:13:53Z",
    "flight_no": "SC1217",
    "origin_entity_id": "AIR_SYD",
    "destination_entity_id": "AIR_DUR",
    "altitude_ft": 36161,
    "speed_knots": 551.9,
    "heading_deg": 243.4
  },
  {
    "id": "FLIGHT_0065",
    "type": "flight",
    "name": null,
    "status": "en_route",
    "current_segment_id": "SEG_00143",
    "segment_progress": 0.3826,
    "direction": "forward",
    "lat": 47.500299,
    "lon": 11.001017,
    "next_stop_entity_id": "AIR_IST",
    "eta_next_stop": "2026-02-13T11:50:42Z",
    "last_updated": "2026-02-13T10:13:53Z",
    "flight_no": "UA1678",
    "origin_entity_id": "AIR_LON",
    "destination_entity_id": "AIR_IST",
    "altitude_ft": 40454,
    "speed_knots": 515.1,
    "heading_deg": 27.5
  },
  {
    "id": "FLIGHT_0066",
    "type": "flight",
    "name": null,
    "status": "en_route",
    "current_segment_id": "SEG_00187",
    "segment_progress": 0.7676,
    "direction": "forward",
    "lat": -2.259707,
    "lon": 106.805356,
    "next_stop_entity_id": "AIR_JAK",
    "eta_next_stop": "2026-02-13T10:40:50Z",
    "last_updated": "2026-02-13T10:13:53Z",
    "flight_no": "AA8132",
    "origin_entity_id": "AIR_HOC",
    "destination_entity_id": "AIR_JAK",
    "altitude_ft": 36270,
    "speed_knots": 531.0,
    "heading_deg": 93.9
  },
  {
    "id": "FLIGHT_0067",
    "type": "flight",
    "name": null,
    "status": "en_route",
    "current_segment_id": "SEG_00164",
    "segment_progress": 0.8095,
    "direction": "forward",
    "lat": 13.906648,
    "lon": 73.532813,
    "next_stop_entity_id": "AIR_DUB",
    "eta_next_stop": "2026-02-13T12:43:59Z",
    "last_updated": "2026-02-13T10:13:53Z",
    "flight_no": "SC7151",
    "origin_entity_id": "AIR_SYD",
    "destination_entity_id": "AIR_DUB",
    "altitude_ft": 29951,
    "speed_knots": 495.7,
    "heading_deg": 137.7
  },
  {
    "id": "FLIGHT_0068",
    "type": "flight",
    "name": null,
    "status": "en_route",
    "current_segment_id": "SEG_00161",
    "segment_progress": 0.8529,
    "direction": "forward",
    "lat": 23.493345,
    "lon": 55.80654,
    "next_stop_entity_id": "AIR_DOH",
    "eta_next_stop": "2026-02-13T10:46:32Z",
    "last_updated": "2026-02-13T10:13:53Z",
    "flight_no": "NX9220",
    "origin_entity_id": "AIR_CHE",
    "destination_entity_id": "AIR_DOH",
    "altitude_ft": 38803,
    "speed_knots": 482.0,
    "heading_deg": 308.9
  },
  {
    "id": "FLIGHT_0069",
    "type": "flight",
    "name": null,
    "status": "en_route",
    "current_segment_id": "SEG_00159",
    "segment_progress": 0.8847,
    "direction": "forward",
    "lat": 0.475494,
    "lon": 95.056498,
    "next_stop_entity_id": "AIR_JAK",
    "eta_next_stop": "2026-02-13T11:50:01Z",
    "last_updated": "2026-02-13T10:13:53Z",
    "flight_no": "LH6474",
    "origin_entity_id": "AIR_ROT",
    "destination_entity_id": "AIR_JAK",
    "altitude_ft": 35986,
    "speed_knots": 443.0,
    "heading_deg": 274.3
  },
  {
    "id": "FLIGHT_0070",
    "type": "flight",
    "name": null,
    "status": "en_route",
    "current_segment_id": "SEG_00193",
    "segment_progress": 0.675,
    "direction": "forward",
    "lat": -34.531635,
    "lon": 128.032779,
    "next_stop_entity_id": "AIR_AUC",
    "eta_next_stop": "2026-02-13T14:14:12Z",
    "last_updated": "2026-02-13T10:13:53Z",
    "flight_no": "UA7797",
    "origin_entity_id": "AIR_DUR",
    "destination_entity_id": "AIR_AUC",
    "altitude_ft": 35797,
    "speed_knots": 512.4,
    "heading_deg": 201.8
  },
  {
    "id": "FLIGHT_0071",
    "type": "flight",
    "name": null,
    "status": "en_route",
    "current_segment_id": "SEG_00141",
    "segment_progress": 0.5067,
    "direction": "forward",
    "lat": 14.19317,
    "lon": 117.827542,
    "next_stop_entity_id": "AIR_JAK",
    "eta_next_stop": "2026-02-13T13:07:33Z",
    "last_updated": "2026-02-13T10:13:53Z",
    "flight_no": "CX5879",
    "origin_entity_id": "AIR_BUS",
    "destination_entity_id": "AIR_JAK",
    "altitude_ft": 40557,
    "speed_knots": 474.8,
    "heading_deg": 351.0
  },
  {
    "id": "FLIGHT_0072",
    "type": "flight",
    "name": null,
    "status": "en_route",
    "current_segment_id": "SEG_00162",
    "segment_progress": 0.0614,
    "direction": "forward",
    "lat": 34.854518,
    "lon": 123.078782,
    "next_stop_entity_id": "AIR_CAI",
    "eta_next_stop": "2026-02-13T19:05:14Z",
    "last_updated": "2026-02-13T10:13:53Z",
    "flight_no": "EK5815",
    "origin_entity_id": "AIR_BUS",
    "destination_entity_id": "AIR_CAI",
    "altitude_ft": 40157,
    "speed_knots": 502.7,
    "heading_deg": 209.6
  },
  {
    "id": "FLIGHT_0073",
    "type": "flight",
    "name": null,
    "status": "delayed",
    "current_segment_id": "SEG_00164",
    "segment_progress": 0.3806,
    "direction": "forward",
    "lat": -11.432463,
    "lon": 114.710099,
    "next_stop_entity_id": "AIR_DUB",
    "eta_next_stop": "2026-02-13T18:37:59Z",
    "last_updated": "2026-02-13T10:13:53Z",
    "flight_no": "CX5855",
    "origin_entity_id": "AIR_SYD",
    "destination_entity_id": "AIR_DUB",
    "altitude_ft": 28924,
    "speed_knots": 479.9,
    "heading_deg": 237.4
  },
  {
    "id": "FLIGHT_0074",
    "type": "flight",
    "name": null,
    "status": "en_route",
    "current_segment_id": "SEG_00152",
    "segment_progress": 0.2346,
    "direction": "forward",
    "lat": 50.264293,
    "lon": -91.85886,
    "next_stop_entity_id": "AIR_HAM",
    "eta_next_stop": "2026-02-13T17:09:11Z",
    "last_updated": "2026-02-13T10:13:53Z",
    "flight_no": "AZ5095",
    "origin_entity_id": "AIR_VAN",
    "destination_entity_id": "AIR_HAM",
    "altitude_ft": 29875,
    "speed_knots": 463.7,
    "heading_deg": 121.2
  },
  {
    "id": "FLIGHT_0075",
    "type": "flight",
    "name": null,
    "status": "en_route",
    "current_segment_id": "SEG_00123",
    "segment_progress": 0.5384,
    "direction": "forward",
    "lat": 2.283837,
    "lon": -36.991698,
    "next_stop_entity_id": "AIR_HOU",
    "eta_next_stop": "2026-02-13T18:57:35Z",
    "last_updated": "2026-02-13T10:13:53Z",
    "flight_no": "CX9406",
    "origin_entity_id": "AIR_DUR",
    "destination_entity_id": "AIR_HOU",
    "altitude_ft": 36433,
    "speed_knots": 425.2,
    "heading_deg": 323.6
  },
  {
    "id": "FLIGHT_0076",
    "type": "flight",
    "name": null,
    "status": "en_route",
    "current_segment_id": "SEG_00155",
    "segment_progress": 0.0204,
    "direction": "forward",
    "lat": 35.503863,
    "lon": 126.456551,
    "next_stop_entity_id": "AIR_LON",
    "eta_next_stop": "2026-02-13T20:13:47Z",
    "last_updated": "2026-02-13T10:13:53Z",
    "flight_no": "EK6288",
    "origin_entity_id": "AIR_BUS",
    "destination_entity_id": "AIR_LON",
    "altitude_ft": 37344,
    "speed_knots": 485.8,
    "heading_deg": 140.1
  },
  {
    "id": "FLIGHT_0077",
    "type": "flight",
    "name": null,
    "status": "en_route",
    "current_segment_id": "SEG_00194",
    "segment_progress": 0.0977,
    "direction": "forward",
    "lat": 4.735412,
    "lon": 107.289727,
    "next_stop_entity_id": "AIR_TOK",
    "eta_next_stop": "2026-02-13T15:32:05Z",
    "last_updated": "2026-02-13T10:13:53Z",
    "flight_no": "QF5604",
    "origin_entity_id": "AIR_SIN",
    "destination_entity_id": "AIR_TOK",
    "altitude_ft": 36138,
    "speed_knots": 488.4,
    "heading_deg": 180.5
  },
  {
    "id": "FLIGHT_0078",
    "type": "flight",
    "name": null,
    "status": "delayed",
    "current_segment_id": "SEG_00164",
    "segment_progress": 0.1666,
    "direction": "forward",
    "lat": -24.07201,
    "lon": 135.249976,
    "next_stop_entity_id": "AIR_DUB",
    "eta_next_stop": "2026-02-13T21:58:31Z",
    "last_updated": "2026-02-13T10:13:53Z",
    "flight_no": "QF8242",
    "origin_entity_id": "AIR_SYD",
    "destination_entity_id": "AIR_DUB",
    "altitude_ft": 38411,
    "speed_knots": 461.9,
    "heading_deg": 304.2
  },
  {
    "id": "FLIGHT_0079",
    "type": "flight",
    "name": null,
    "status": "en_route",
    "current_segment_id": "SEG_00130",
    "segment_progress": 0.8404,
    "direction": "forward",
    "lat": 36.639325,
    "lon": -98.473291,
    "next_stop_entity_id": "AIR_VAN",
    "eta_next_stop": "2026-02-13T13:10:55Z",
    "last_updated": "2026-02-13T10:13:53Z",
    "flight_no": "SC4971",
    "origin_entity_id": "AIR_DUR",
    "destination_entity_id": "AIR_VAN",
    "altitude_ft": 37396,
    "speed_knots": 495.0,
    "heading_deg": 144.3
  },
  {
    "id": "FLIGHT_0080",
    "type": "flight",
    "name": null,
    "status": "en_route",
    "current_segment_id": "SEG_00149",
    "segment_progress": 0.6246,
    "direction": "forward",
    "lat": 27.173804,
    "lon": 17.745869,
    "next_stop_entity_id": "AIR_MUM",
    "eta_next_stop": "2026-02-13T14:49:09Z",
    "last_updated": "2026-02-13T10:13:53Z",
    "flight_no": "UA1652",
    "origin_entity_id": "AIR_NEW",
    "destination_entity_id": "AIR_MUM",
    "altitude_ft": 37697,
    "speed_knots": 554.1,
    "heading_deg": 120.9
  },
  {
    "id": "FLIGHT_0081",
    "type": "flight",
    "name": null,
    "status": "en_route",
    "current_segment_id": "SEG_00129",
    "segment_progress": 0.5664,
    "direction": "forward",
    "lat": 8.414247,
    "lon": 48.127185,
    "next_stop_entity_id": "AIR_LAG",
    "eta_next_stop": "2026-02-13T15:35:13Z",
    "last_updated": "2026-02-13T10:13:53Z",
    "flight_no": "EK1356",
    "origin_entity_id": "AIR_HOC",
    "destination_entity_id": "AIR_LAG",
    "altitude_ft": 38674,
    "speed_knots": 494.3,
    "heading_deg": 295.7
  },
  {
    "id": "FLIGHT_0082",
    "type": "flight",
    "name": null,
    "status": "en_route",
    "current_segment_id": "SEG_00185",
    "segment_progress": 0.8041,
    "direction": "forward",
    "lat": 37.658027,
    "lon": -48.655449,
    "next_stop_entity_id": "AIR_NEW",
    "eta_next_stop": "2026-02-13T12:39:15Z",
    "last_updated": "2026-02-13T10:13:53Z",
    "flight_no": "QF6888",
    "origin_entity_id": "AIR_DUB",
    "destination_entity_id": "AIR_NEW",
    "altitude_ft": 34591,
    "speed_knots": 480.6,
    "heading_deg": 90.2
  },
  {
    "id": "FLIGHT_0083",
    "type": "flight",
    "name": null,
    "status": "en_route",
    "current_segment_id": "SEG_00186",
    "segment_progress": 0.4532,
    "direction": "forward",
    "lat": 3.858652,
    "lon": 139.133604,
    "next_stop_entity_id": "AIR_SYD",
    "eta_next_stop": "2026-02-13T14:43:32Z",
    "last_updated": "2026-02-13T10:13:53Z",
    "flight_no": "SC8557",
    "origin_entity_id": "AIR_BUS",
    "destination_entity_id": "AIR_SYD",
    "altitude_ft": 31056,
    "speed_knots": 526.9,
    "heading_deg": 207.1
  },
  {
    "id": "FLIGHT_0084",
    "type": "flight",
    "name": null,
    "status": "delayed",
    "current_segment_id": "SEG_00148",
    "segment_progress": 0.6608,
    "direction": "forward",
    "lat": 44.924903,
    "lon": 44.179949,
    "next_stop_entity_id": "AIR_ROT",
    "eta_next_stop": "2026-02-13T13:17:05Z",
    "last_updated": "2026-02-13T10:13:53Z",
    "flight_no": "LH8828",
    "origin_entity_id": "AIR_SHA",
    "destination_entity_id": "AIR_ROT",
    "altitude_ft": 38066,
    "speed_knots": 535.3,
    "heading_deg": 306.1
  },
  {
    "id": "FLIGHT_0085",
    "type": "flight",
    "name": null,
    "status": "en_route",
    "current_segment_id": "SEG_00176",
    "segment_progress": 0.9346,
    "direction": "forward",
    "lat": -20.51252,
    "lon": -36.164931,
    "next_stop_entity_id": "AIR_SAO",
    "eta_next_stop": "2026-02-13T11:27:11Z",
    "last_updated": "2026-02-13T10:13:53Z",
    "flight_no": "QF6068",
    "origin_entity_id": "AIR_HON",
    "destination_entity_id": "AIR_SAO",
    "altitude_ft": 35577,
    "speed_knots": 521.7,
    "heading_deg": 53.0
  },
  {
    "id": "FLIGHT_0086",
    "type": "flight",
    "name": null,
    "status": "landed",
    "current_segment_id": "SEG_00140",
    "segment_progress": 0.7464,
    "direction": "forward",
    "lat": 24.42082,
    "lon": 93.014729,
    "next_stop_entity_id": "AIR_SHE",
    "eta_next_stop": "2026-02-13T12:20:28Z",
    "last_updated": "2026-02-13T10:13:53Z",
    "flight_no": "CX5320",
    "origin_entity_id": "AIR_CAI",
    "destination_entity_id": "AIR_SHE",
    "altitude_ft": 29055,
    "speed_knots": 527.2,
    "heading_deg": 227.6
  },
  {
    "id": "FLIGHT_0087",
    "type": "flight",
    "name": null,
    "status": "en_route",
    "current_segment_id": "SEG_00173",
    "segment_progress": 0.2669,
    "direction": "forward",
    "lat": 22.133706,
    "lon": 29.494355,
    "next_stop_entity_id": "AIR_DUR",
    "eta_next_stop": "2026-02-13T17:00:44Z",
    "last_updated": "2026-02-13T10:13:53Z",
    "flight_no": "UA3968",
    "origin_entity_id": "AIR_IST",
    "destination_entity_id": "AIR_DUR",
    "altitude_ft": 34649,
    "speed_knots": 460.2,
    "heading_deg": 85.6
  },
  {
    "id": "FLIGHT_0088",
    "type": "flight",
    "name": null,
    "status": "landed",
    "current_segment_id": "SEG_00140",
    "segment_progress": 0.1919,
    "direction": "forward",
    "lat": 28.581927,
    "lon": 47.082866,
    "next_stop_entity_id": "AIR_SHE",
    "eta_next_stop": "2026-02-13T18:01:55Z",
    "last_updated": "2026-02-13T10:13:53Z",
    "flight_no": "AA8052",
    "origin_entity_id": "AIR_CAI",
    "destination_entity_id": "AIR_SHE",
    "altitude_ft": 37172,
    "speed_knots": 454.4,
    "heading_deg": 355.9
  },
  {
    "id": "FLIGHT_0089",
    "type": "flight",
    "name": null,
    "status": "en_route",
    "current_segment_id": "SEG_00175",
    "segment_progress": 0.6469,
    "direction": "forward",
    "lat": 21.043461,
    "lon": 101.274578,
    "next_stop_entity_id": "AIR_CHE",
    "eta_next_stop": "2026-02-13T13:06:26Z",
    "last_updated": "2026-02-13T10:13:53Z",
    "flight_no": "NX577",
    "origin_entity_id": "AIR_TOK",
    "destination_entity_id": "AIR_CHE",
    "altitude_ft": 32233,
    "speed_knots": 425.2,
    "heading_deg": 283.5
  },
  {
    "id": "FLIGHT_0090",
    "type": "flight",
    "name": null,
    "status": "landed",
    "current_segment_id": "SEG_00156",
    "segment_progress": 0.6587,
    "direction": "forward",
    "lat": 39.980647,
    "lon": 43.020806,
    "next_stop_entity_id": "AIR_BUS",
    "eta_next_stop": "2026-02-13T13:38:58Z",
    "last_updated": "2026-02-13T10:13:53Z",
    "flight_no": "AA426",
    "origin_entity_id": "AIR_VAN",
    "destination_entity_id": "AIR_BUS",
    "altitude_ft": 28906,
    "speed_knots": 444.6,
    "heading_deg": 308.6
  },
  {
    "id": "FLIGHT_0091",
    "type": "flight",
    "name": null,
    "status": "en_route",
    "current_segment_id": "SEG_00131",
    "segment_progress": 0.3139,
    "direction": "forward",
    "lat": -6.912427,
    "lon": -36.932378,
    "next_stop_entity_id": "AIR_HAM",
    "eta_next_stop": "2026-02-13T19:41:23Z",
    "last_updated": "2026-02-13T10:13:53Z",
    "flight_no": "CX6054",
    "origin_entity_id": "AIR_BUE",
    "destination_entity_id": "AIR_HAM",
    "altitude_ft": 39004,
    "speed_knots": 461.7,
    "heading_deg": 236.0
  },
  {
    "id": "FLIGHT_0092",
    "type": "flight",
    "name": null,
    "status": "landed",
    "current_segment_id": "SEG_00132",
    "segment_progress": 0.3969,
    "direction": "forward",
    "lat": 23.282058,
    "lon": 50.682713,
    "next_stop_entity_id": "AIR_CHE",
    "eta_next_stop": "2026-02-13T13:29:11Z",
    "last_updated": "2026-02-13T10:13:53Z",
    "flight_no": "QF1933",
    "origin_entity_id": "AIR_CAI",
    "destination_entity_id": "AIR_CHE",
    "altitude_ft": 37354,
    "speed_knots": 537.6,
    "heading_deg": 263.7
  },
  {
    "id": "FLIGHT_0093",
    "type": "flight",
    "name": null,
    "status": "delayed",
    "current_segment_id": "SEG_00136",
    "segment_progress": 0.522,
    "direction": "forward",
    "lat": 29.787426,
    "lon": -35.315283,
    "next_stop_entity_id": "AIR_LOS",
    "eta_next_stop": "2026-02-13T16:40:57Z",
    "last_updated": "2026-02-13T10:13:53Z",
    "flight_no": "DL4225",
    "origin_entity_id": "AIR_DUB",
    "destination_entity_id": "AIR_LOS",
    "altitude_ft": 36133,
    "speed_knots": 536.1,
    "heading_deg": 317.6
  },
  {
    "id": "FLIGHT_0094",
    "type": "flight",
    "name": null,
    "status": "en_route",
    "current_segment_id": "SEG_00151",
    "segment_progress": 0.5998,
    "direction": "forward",
    "lat": 4.045169,
    "lon": -80.542045,
    "next_stop_entity_id": "AIR_HOU",
    "eta_next_stop": "2026-02-13T13:33:39Z",
    "last_updated": "2026-02-13T10:13:53Z",
    "flight_no": "UA6488",
    "origin_entity_id": "AIR_BUE",
    "destination_entity_id": "AIR_HOU",
    "altitude_ft": 40261,
    "speed_knots": 528.2,
    "heading_deg": 267.1
  },
  {
    "id": "FLIGHT_0095",
    "type": "flight",
    "name": null,
    "status": "en_route",
    "current_segment_id": "SEG_00175",
    "segment_progress": 0.218,
    "direction": "forward",
    "lat": 30.76567,
    "lon": 126.743228,
    "next_stop_entity_id": "AIR_CHE",
    "eta_next_stop": "2026-02-13T16:27:26Z",
    "last_updated": "2026-02-13T10:13:53Z",
    "flight_no": "LH7300",
    "origin_entity_id": "AIR_TOK",
    "destination_entity_id": "AIR_CHE",
    "altitude_ft": 34690,
    "speed_knots": 435.0,
    "heading_deg": 91.3
  },
  {
    "id": "FLIGHT_0096",
    "type": "flight",
    "name": null,
    "status": "en_route",
    "current_segment_id": "SEG_00196",
    "segment_progress": 0.0559,
    "direction": "forward",
    "lat": 4.283296,
    "lon": 11.620784,
    "next_stop_entity_id": "AIR_SYD",
    "eta_next_stop": "2026-02-14T02:13:53Z",
    "last_updated": "2026-02-13T10:13:53Z",
    "flight_no": "AZ5285",
    "origin_entity_id": "AIR_LAG",
    "destination_entity_id": "AIR_SYD",
    "altitude_ft": 36941,
    "speed_knots": 494.7,
    "heading_deg": 152.1
  },
  {
    "id": "FLIGHT_0097",
    "type": "flight",
    "name": null,
    "status": "delayed",
    "current_segment_id": "SEG_00152",
    "segment_progress": 0.9633,
    "direction": "forward",
    "lat": 53.37608,
    "lon": 5.089117,
    "next_stop_entity_id": "AIR_HAM",
    "eta_next_stop": "2026-02-13T10:30:53Z",
    "last_updated": "2026-02-13T10:13:53Z",
    "flight_no": "EK7886",
    "origin_entity_id": "AIR_VAN",
    "destination_entity_id": "AIR_HAM",
    "altitude_ft": 39725,
    "speed_knots": 543.1,
    "heading_deg": 132.0
  },
  {
    "id": "FLIGHT_0098",
    "type": "flight",
    "name": null,
    "status": "en_route",
    "current_segment_id": "SEG_00160",
    "segment_progress": 0.0211,
    "direction": "forward",
    "lat": 31.0126,
    "lon": 120.478443,
    "next_stop_entity_id": "AIR_MUM",
    "eta_next_stop": "2026-02-13T15:01:33Z",
    "last_updated": "2026-02-13T10:13:53Z",
    "flight_no": "SC4026",
    "origin_entity_id": "AIR_SHA",
    "destination_entity_id": "AIR_MUM",
    "altitude_ft": 32144,
    "speed_knots": 555.4,
    "heading_deg": 198.4
  },
  {
    "id": "FLIGHT_0099",
    "type": "flight",
    "name": null,
    "status": "delayed",
    "current_segment_id": "SEG_00160",
    "segment_progress": 0.6389,
    "direction": "forward",
    "lat": 23.45714,
    "lon": 90.430307,
    "next_stop_entity_id": "AIR_MUM",
    "eta_next_stop": "2026-02-13T12:07:38Z",
    "last_updated": "2026-02-13T10:13:53Z",
    "flight_no": "AZ8863",
    "origin_entity_id": "AIR_SHA",
    "destination_entity_id": "AIR_MUM",
    "altitude_ft": 31872,
    "speed_knots": 518.1,
    "heading_deg": 307.9
  },
  {
    "id": "FLIGHT_0100",
    "type": "flight",
    "name": null,
    "status": "delayed",
    "current_segment_id": "SEG_00170",
    "segment_progress": 0.0079,
    "direction": "forward",
    "lat": 40.543926,
    "lon": 28.334568,
    "next_stop_entity_id": "AIR_SAO",
    "eta_next_stop": "2026-02-13T20:27:19Z",
    "last_updated": "2026-02-13T10:13:53Z",
    "flight_no": "LH5029",
    "origin_entity_id": "AIR_IST",
    "destination_entity_id": "AIR_SAO",
    "altitude_ft": 29478,
    "speed_knots": 554.5,
    "heading_deg": 336.1
  }
]