[
  {
    "id": "PRT_LOS",
    "type": "port",
    "name": "Port of Los Angeles",
    "city": "Los Angeles",
    "country": "USA",
    "region": "North America",
    "lat": 34.06614267984579,
    "lon": -118.29119892447774,
    "timezone": "UTC",
    "status": "operational",
    "capacity_teu_per_week": 88513,
    "utilization_pct_current": 52.4,
    "congestion_index_current": 18.7,
    "last_updated": "2026-02-13T10:13:53Z"
  },
  {
    "id": "PRT_NEW",
    "type": "port",
    "name": "Port of New York",
    "city": "New York",
    "country": "USA",
    "region": "North America",
    "lat": 40.73686677446677,
    "lon": -74.00146334662517,
    "timezone": "UTC",
    "status": "operational",
    "capacity_teu_per_week": 38331,
    "utilization_pct_current": 46.6,
    "congestion_index_current": 28.6,
    "last_updated": "2026-02-13T10:13:53Z"
  },
  {
    "id": "PRT_HOU",
    "type": "port",
    "name": "Port of Houston",
    "city": "Houston",
    "country": "USA",
    "region": "North America",
    "lat": 29.760935528810336,
    "lon": -95.41714640303161,
    "timezone": "UTC",
    "status": "operational",
    "capacity_teu_per_week": 172853,
    "utilization_pct_current": 67.2,
    "congestion_index_current": 48.2,
    "last_updated": "2026-02-13T10:13:53Z"
  },
  {
    "id": "PRT_VAN",
    "type": "port",
    "name": "Port of Vancouver",
    "city": "Vancouver",
    "country": "Canada",
    "region": "North America",
    "lat": 49.260519070823065,
    "lon": -123.0837699679207,
    "timezone": "UTC",
    "status": "congested",
    "capacity_teu_per_week": 71853,
    "utilization_pct_current": 82.0,
    "congestion_index_current": 38.9,
    "last_updated": "2026-02-13T10:13:53Z"
  },
  {
    "id": "PRT_SAN",
    "type": "port",
    "name": "Port of Santos",
    "city": "Santos",
    "country": "Brazil",
    "region": "South America",
    "lat": -23.99625205001882,
    "lon": -46.28647869277932,
    "timezone": "UTC",
    "status": "operational",
    "capacity_teu_per_week": 54312,
    "utilization_pct_current": 65.1,
    "congestion_index_current": 40.5,
    "last_updated": "2026-02-13T10:13:53Z"
  },
  {
    "id": "PRT_BUE",
    "type": "port",
    "name": "Port of Buenos Aires",
    "city": "Buenos Aires",
    "country": "Argentina",
    "region": "South America",
    "lat": -34.619304427752105,
    "lon": -58.405147913277794,
    "timezone": "UTC",
    "status": "operational",
    "capacity_teu_per_week": 150435,
    "utilization_pct_current": 73.4,
    "congestion_index_current": 92.7,
    "last_updated": "2026-02-13T10:13:53Z"
  },
  {
    "id": "PRT_VAL",
    "type": "port",
    "name": "Port of Valparaiso",
    "city": "Valparaiso",
    "country": "Chile",
    "region": "South America",
    "lat": -33.05934656227916,
    "lon": -71.60749593687268,
    "timezone": "UTC",
    "status": "congested",
    "capacity_teu_per_week": 124800,
    "utilization_pct_current": 75.6,
    "congestion_index_current": 69.9,
    "last_updated": "2026-02-13T10:13:53Z"
  },
  {
    "id": "PRT_ROT",
    "type": "port",
    "name": "Port of Rotterdam",
    "city": "Rotterdam",
    "country": "Netherlands",
    "region": "Europe",
    "lat": 51.87898243836556,
    "lon": 4.450489827565154,
    "timezone": "UTC",
    "status": "operational",
    "capacity_teu_per_week": 50916,
    "utilization_pct_current": 90.3,
    "congestion_index_current": 83.7,
    "last_updated": "2026-02-13T10:13:53Z"
  },
  {
    "id": "PRT_HAM",
    "type": "port",
    "name": "Port of Hamburg",
    "city": "Hamburg",
    "country": "Germany",
    "region": "Europe",
    "lat": 53.539112622503914,
    "lon": 9.989041030236844,
    "timezone": "UTC",
    "status": "congested",
    "capacity_teu_per_week": 72638,
    "utilization_pct_current": 64.6,
    "congestion_index_current": 27.8,
    "last_updated": "2026-02-13T10:13:53Z"
  },
  {
    "id": "PRT_ANT",
    "type": "port",
    "name": "Port of Antwerp",
    "city": "Antwerp",
    "country": "Belgium",
    "region": "Europe",
    "lat": 51.19609778220491,
    "lon": 4.446165458771249,
    "timezone": "UTC",
    "status": "operational",
    "capacity_teu_per_week": 74862,
    "utilization_pct_current": 73.3,
    "congestion_index_current": 30.8,
    "last_updated": "2026-02-13T10:13:53Z"
  },
  {
    "id": "PRT_LON",
    "type": "port",
    "name": "Port of London",
    "city": "London",
    "country": "UK",
    "region": "Europe",
    "lat": 51.503626021185106,
    "lon": -0.1508052173215722,
    "timezone": "UTC",
    "status": "congested",
    "capacity_teu_per_week": 176001,
    "utilization_pct_current": 56.6,
    "congestion_index_current": 37.6,
    "last_updated": "2026-02-13T10:13:53Z"
  },
  {
    "id": "PRT_IST",
    "type": "port",
    "name": "Port of Istanbul",
    "city": "Istanbul",
    "country": "Turkey",
    "region": "Europe",
    "lat": 41.03503135775924,
    "lon": 28.93399379475493,
    "timezone": "UTC",
    "status": "congested",
    "capacity_teu_per_week": 112694,
    "utilization_pct_current": 66.3,
    "congestion_index_current": 15.6,
    "last_updated": "2026-02-13T10:13:53Z"
  },
  {
    "id": "PRT_GDA",
    "type": "port",
    "name": "Port of Gdansk",
    "city": "Gdansk",
    "country": "Poland",
    "region": "Europe",
    "lat": 54.39331361241855,
    "lon": 18.65331800514785,
    "timezone": "UTC",
    "status": "congested",
    "capacity_teu_per_week": 85738,
    "utilization_pct_current": 79.7,
    "congestion_index_current": 43.6,
    "last_updated": "2026-02-13T10:13:53Z"
  },
  {
    "id": "PRT_DUB",
    "type": "port",
    "name": "Port of Dubai",
    "city": "Dubai",
    "country": "UAE",
    "region": "Middle East",
    "lat": 25.246254758974054,
    "lon": 55.266685185258744,
    "timezone": "UTC",
    "status": "operational",
    "capacity_teu_per_week": 94651,
    "utilization_pct_current": 84.5,
    "congestion_index_current": 55.8,
    "last_updated": "2026-02-13T10:13:53Z"
  },
  {
    "id": "PRT_JED",
    "type": "port",
    "name": "Port of Jeddah",
    "city": "Jeddah",
    "country": "Saudi Arabia",
    "region": "Middle East",
    "lat": 21.510501381165227,
    "lon": 39.185343382729464,
    "timezone": "UTC",
    "status": "operational",
    "capacity_teu_per_week": 124895,
    "utilization_pct_current": 56.6,
    "congestion_index_current": 94.8,
    "last_updated": "2026-02-13T10:13:53Z"
  },
  {
    "id": "PRT_DOH",
    "type": "port",
    "name": "Port of Doha",
    "city": "Doha",
    "country": "Qatar",
    "region": "Middle East",
    "lat": 25.286352629367645,
    "lon": 51.49009094121738,
    "timezone": "UTC",
    "status": "operational",
    "capacity_teu_per_week": 58743,
    "utilization_pct_current": 53.1,
    "congestion_index_current": 23.6,
    "last_updated": "2026-02-13T10:13:53Z"
  },
  {
    "id": "PRT_DUR",
    "type": "port",
    "name": "Port of Durban",
    "city": "Durban",
    "country": "South Africa",
    "region": "Africa",
    "lat": -29.840651878650366,
    "lon": 31.031440903073197,
    "timezone": "UTC",
    "status": "operational",
    "capacity_teu_per_week": 152696,
    "utilization_pct_current": 73.0,
    "congestion_index_current": 92.5,
    "last_updated": "2026-02-13T10:13:53Z"
  },
  {
    "id": "PRT_LAG",
    "type": "port",
    "name": "Port of Lagos",
    "city": "Lagos",
    "country": "Nigeria",
    "region": "Africa",
    "lat": 6.56047797022345,
    "lon": 3.330348102194282,
    "timezone": "UTC",
    "status": "congested",
    "capacity_teu_per_week": 170763,
    "utilization_pct_current": 84.8,
    "congestion_index_current": 75.3,
    "last_updated": "2026-02-13T10:13:53Z"
  },
  {
    "id": "PRT_MOM",
    "type": "port",
    "name": "Port of Mombasa",
    "city": "Mombasa",
    "country": "Kenya",
    "region": "Africa",
    "lat": -4.059482452696895,
    "lon": 39.64755001286474,
    "timezone": "UTC",
    "status": "operational",
    "capacity_teu_per_week": 30850,
    "utilization_pct_current": 95.6,
    "congestion_index_current": 84.4,
    "last_updated": "2026-02-13T10:13:53Z"
  },
  {
    "id": "PRT_MUM",
    "type": "port",
    "name": "Port of Mumbai",
    "city": "Mumbai",
    "country": "India",
    "region": "South Asia",
    "lat": 19.05233890507511,
    "lon": 72.87775861130504,
    "timezone": "UTC",
    "status": "operational",
    "capacity_teu_per_week": 57894,
    "utilization_pct_current": 91.1,
    "congestion_index_current": 35.4,
    "last_updated": "2026-02-13T10:13:53Z"
  },
  {
    "id": "PRT_CHE",
    "type": "port",
    "name": "Port of Chennai",
    "city": "Chennai",
    "country": "India",
    "region": "South Asia",
    "lat": 13.096594949486601,
    "lon": 80.28159702114382,
    "timezone": "UTC",
    "status": "operational",
    "capacity_teu_per_week": 72349,
    "utilization_pct_current": 73.6,
    "congestion_index_current": 76.2,
    "last_updated": "2026-02-13T10:13:53Z"
  },
  {
    "id": "PRT_COL",
    "type": "port",
    "name": "Port of Colombo",
    "city": "Colombo",
    "country": "Sri Lanka",
    "region": "South Asia",
    "lat": 6.930135367219518,
    "lon": 79.81125718961279,
    "timezone": "UTC",
    "status": "operational",
    "capacity_teu_per_week": 35105,
    "utilization_pct_current": 50.9,
    "congestion_index_current": 40.9,
    "last_updated": "2026-02-13T10:13:53Z"
  },
  {
    "id": "PRT_SHA",
    "type": "port",
    "name": "Port of Shanghai",
    "city": "Shanghai",
    "country": "China",
    "region": "East Asia",
    "lat": 31.27893213789438,
    "lon": 121.5043774804797,
    "timezone": "UTC",
    "status": "operational",
    "capacity_teu_per_week": 93143,
    "utilization_pct_current": 91.5,
    "congestion_index_current": 90.5,
    "last_updated": "2026-02-13T10:13:53Z"
  },
  {
    "id": "PRT_SHE",
    "type": "port",
    "name": "Port of Shenzhen",
    "city": "Shenzhen",
    "country": "China",
    "region": "East Asia",
    "lat": 22.50166534520679,
    "lon": 114.05649904633167,
    "timezone": "UTC",
    "status": "operational",
    "capacity_teu_per_week": 169645,
    "utilization_pct_current": 85.6,
    "congestion_index_current": 20.9,
    "last_updated": "2026-02-13T10:13:53Z"
  },
  {
    "id": "PRT_HON",
    "type": "port",
    "name": "Port of Hong Kong",
    "city": "Hong Kong",
    "country": "China",
    "region": "East Asia",
    "lat": 22.316828237809872,
    "lon": 114.17438035934948,
    "timezone": "UTC",
    "status": "operational",
    "capacity_teu_per_week": 140923,
    "utilization_pct_current": 96.1,
    "congestion_index_current": 89.0,
    "last_updated": "2026-02-13T10:13:53Z"
  },
  {
    "id": "PRT_TOK",
    "type": "port",
    "name": "Port of Tokyo",
    "city": "Tokyo",
    "country": "Japan",
    "region": "East Asia",
    "lat": 35.70172651966358,
    "lon": 139.66928676320995,
    "timezone": "UTC",
    "status": "congested",
    "capacity_teu_per_week": 134593,
    "utilization_pct_current": 97.7,
    "congestion_index_current": 65.2,
    "last_updated": "2026-02-13T10:13:53Z"
  },
  {
    "id": "PRT_BUS",
    "type": "port",
    "name": "Port of Busan",
    "city": "Busan",
    "country": "South Korea",
    "region": "East Asia",
    "lat": 35.17341000839145,
    "lon": 129.07735758410357,
    "timezone": "UTC",
    "status": "operational",
    "capacity_teu_per_week": 88903,
    "utilization_pct_current": 48.4,
    "congestion_index_current": 11.8,
    "last_updated": "2026-02-13T10:13:53Z"
  },
  {
    "id": "PRT_KAO",
    "type": "port",
    "name": "Port of Kaohsiung",
    "city": "Kaohsiung",
    "country": "Taiwan",
    "region": "East Asia",
    "lat": 22.63269215224245,
    "lon": 120.31024401144104,
    "timezone": "UTC",
    "status": "operational",
    "capacity_teu_per_week": 45433,
    "utilization_pct_current": 57.1,
    "congestion_index_current": 87.0,
    "last_updated": "2026-02-13T10:13:53Z"
  },
  {
    "id": "PRT_SIN",
    "type": "port",
    "name": "Port of Singapore",
    "city": "Singapore",
    "country": "Singapore",
    "region": "Southeast Asia",
    "lat": 1.3880635400253747,
    "lon": 103.77688573498887,
    "timezone": "UTC",
    "status": "operational",
    "capacity_teu_per_week": 157248,
    "utilization_pct_current": 56.4,
    "congestion_index_current": 21.2,
    "last_updated": "2026-02-13T10:13:53Z"
  },
  {
    "id": "PRT_HOC",
    "type": "port",
    "name": "Port of Ho Chi Minh City",
    "city": "Ho Chi Minh City",
    "country": "Vietnam",
    "region": "Southeast Asia",
    "lat": 10.866651424058068,
    "lon": 106.63680430933253,
    "timezone": "UTC",
    "status": "operational",
    "capacity_teu_per_week": 153987,
    "utilization_pct_current": 87.8,
    "congestion_index_current": 26.2,
    "last_updated": "2026-02-13T10:13:53Z"
  },
  {
    "id": "PRT_BAN",
    "type": "port",
    "name": "Port of Bangkok",
    "city": "Bangkok",
    "country": "Thailand",
    "region": "Southeast Asia",
    "lat": 13.715993081422882,
    "lon": 100.49490511824064,
    "timezone": "UTC",
    "status": "operational",
    "capacity_teu_per_week": 152427,
    "utilization_pct_current": 90.8,
    "congestion_index_current": 14.6,
    "last_updated": "2026-02-13T10:13:53Z"
  },
  {
    "id": "PRT_JAK",
    "type": "port",
    "name": "Port of Jakarta",
    "city": "Jakarta",
    "country": "Indonesia",
    "region": "Southeast Asia",
    "lat": -6.193454451173421,
    "lon": 106.8602179751295,
    "timezone": "UTC",
    "status": "operational",
    "capacity_teu_per_week": 118946,
    "utilization_pct_current": 87.4,
    "congestion_index_current": 19.3,
    "last_updated": "2026-02-13T10:13:53Z"
  },
  {
    "id": "PRT_SYD",
    "type": "port",
    "name": "Port of Sydney",
    "city": "Sydney",
    "country": "Australia",
    "region": "Oceania",
    "lat": -33.899640992785834,
    "lon": 151.21292857539106,
    "timezone": "UTC",
    "status": "operational",
    "capacity_teu_per_week": 78100,
    "utilization_pct_current": 59.8,
    "congestion_index_current": 31.2,
    "last_updated": "2026-02-13T10:13:53Z"
  },
  {
    "id": "PRT_MEL",
    "type": "port",
    "name": "Port of Melbourne",
    "city": "Melbourne",
    "country": "Australia",
    "region": "Oceania",
    "lat": -37.7712734400724,
    "lon": 144.95741307450535,
    "timezone": "UTC",
    "status": "congested",
    "capacity_teu_per_week": 174264,
    "utilization_pct_current": 50.2,
    "congestion_index_current": 65.4,
    "last_updated": "2026-02-13T10:13:53Z"
  },
  {
    "id": "PRT_AUC",
    "type": "port",
    "name": "Port of Auckland",
    "city": "Auckland",
    "country": "New Zealand",
    "region": "Oceania",
    "lat": -36.84444120618997,
    "lon": 174.71477578564955,
    "timezone": "UTC",
    "status": "operational",
    "capacity_teu_per_week": 91965,
    "utilization_pct_current": 53.8,
    "congestion_index_current": 51.3,
    "last_updated": "2026-02-13T10:13:53Z"
  }
]