[
  {
    "id": "WH_SHE_01",
    "type": "warehouse",
    "name": "Shenzhen DC 01",
    "city": "Shenzhen",
    "country": "China",
    "region": "East Asia",
    "lat": 22.549280803966084,
    "lon": 114.11107634230632,
    "status": "operational",
    "capacity_pallets": 81569,
    "utilization_pct_current": 79.7,
    "throughput_pallets_per_day": 2340,
    "last_updated": "2026-02-13T10:13:53Z"
  },
  {
    "id": "WH_LOS_02",
    "type": "warehouse",
    "name": "Los Angeles DC 02",
    "city": "Los Angeles",
    "country": "USA",
    "region": "North America",
    "lat": 34.174825157830504,
    "lon": -118.3847584151017,
    "status": "operational",
    "capacity_pallets": 144554,
    "utilization_pct_current": 76.1,
    "throughput_pallets_per_day": 6795,
    "last_updated": "2026-02-13T10:13:53Z"
  },
  {
    "id": "WH_SYD_03",
    "type": "warehouse",
    "name": "Sydney DC 03",
    "city": "Sydney",
    "country": "Australia",
    "region": "Oceania",
    "lat": -34.039668708326175,
    "lon": 151.1750764043991,
    "status": "operational",
    "capacity_pallets": 70970,
    "utilization_pct_current": 82.4,
    "throughput_pallets_per_day": 3645,
    "last_updated": "2026-02-13T10:13:53Z"
  },
  {
    "id": "WH_LAG_04",
    "type": "warehouse",
    "name": "Lagos DC 04",
    "city": "Lagos",
    "country": "Nigeria",
    "region": "Africa",
    "lat": 6.522150867604175,
    "lon": 3.2767937758313757,
    "status": "operational",
    "capacity_pallets": 21453,
    "utilization_pct_current": 92.7,
    "throughput_pallets_per_day": 7548,
    "last_updated": "2026-02-13T10:13:53Z"
  },
  {
    "id": "WH_HON_05",
    "type": "warehouse",
    "name": "Hong Kong DC 05",
    "city": "Hong Kong",
    "country": "China",
    "region": "East Asia",
    "lat": 22.427318475429608,
    "lon": 114.01203491862542,
    "status": "operational",
    "capacity_pallets": 66107,
    "utilization_pct_current": 87.4,
    "throughput_pallets_per_day": 6200,
    "last_updated": "2026-02-13T10:13:53Z"
  },
  {
    "id": "WH_HON_06",
    "type": "warehouse",
    "name": "Hong Kong DC 06",
    "city": "Hong Kong",
    "country": "China",
    "region": "East Asia",
    "lat": 22.326483100177494,
    "lon": 113.98948735405625,
    "status": "operational",
    "capacity_pallets": 51813,
    "utilization_pct_current": 66.9,
    "throughput_pallets_per_day": 7065,
    "last_updated": "2026-02-13T10:13:53Z"
  },
  {
    "id": "WH_SHA_07",
    "type": "warehouse",
    "name": "Shanghai DC 07",
    "city": "Shanghai",
    "country": "China",
    "region": "East Asia",
    "lat": 31.216257294999295,
    "lon": 121.48615275434223,
    "status": "operational",
    "capacity_pallets": 103177,
    "utilization_pct_current": 96.1,
    "throughput_pallets_per_day": 7802,
    "last_updated": "2026-02-13T10:13:53Z"
  },
  {
    "id": "WH_GDA_08",
    "type": "warehouse",
    "name": "Gdansk DC 08",
    "city": "Gdansk",
    "country": "Poland",
    "region": "Europe",
    "lat": 54.32902937010721,
    "lon": 18.772602602932672,
    "status": "full",
    "capacity_pallets": 131867,
    "utilization_pct_current": 89.0,
    "throughput_pallets_per_day": 4988,
    "last_updated": "2026-02-13T10:13:53Z"
  },
  {
    "id": "WH_HOU_09",
    "type": "warehouse",
    "name": "Houston DC 09",
    "city": "Houston",
    "country": "USA",
    "region": "North America",
    "lat": 29.73876544483068,
    "lon": -95.5061368369828,
    "status": "full",
    "capacity_pallets": 137983,
    "utilization_pct_current": 55.3,
    "throughput_pallets_per_day": 2525,
    "last_updated": "2026-02-13T10:13:53Z"
  },
  {
    "id": "WH_COL_10",
    "type": "warehouse",
    "name": "Colombo DC 10",
    "city": "Colombo",
    "country": "Sri Lanka",
    "region": "South Asia",
    "lat": 7.063045155136768,
    "lon": 79.7721245412523,
    "status": "operational",
    "capacity_pallets": 147034,
    "utilization_pct_current": 77.0,
    "throughput_pallets_per_day": 2749,
    "last_updated": "2026-02-13T10:13:53Z"
  },
  {
    "id": "WH_LON_11",
    "type": "warehouse",
    "name": "London DC 11",
    "city": "London",
    "country": "UK",
    "region": "Europe",
    "lat": 51.483349037305956,
    "lon": -0.042382054955577425,
    "status": "operational",
    "capacity_pallets": 108040,
    "utilization_pct_current": 58.9,
    "throughput_pallets_per_day": 4924,
    "last_updated": "2026-02-13T10:13:53Z"
  },
  {
    "id": "WH_LON_12",
    "type": "warehouse",
    "name": "London DC 12",
    "city": "London",
    "country": "UK",
    "region": "Europe",
    "lat": 51.33963106306307,
    "lon": -0.2674677367947654,
    "status": "operational",
    "capacity_pallets": 60056,
    "utilization_pct_current": 81.7,
    "throughput_pallets_per_day": 1026,
    "last_updated": "2026-02-13T10:13:53Z"
  },
  {
    "id": "WH_HOC_13",
    "type": "warehouse",
    "name": "Ho Chi Minh City DC 13",
    "city": "Ho Chi Minh City",
    "country": "Vietnam",
    "region": "Southeast Asia",
    "lat": 10.789047158359287,
    "lon": 106.56205255641524,
    "status": "operational",
    "capacity_pallets": 36322,
    "utilization_pct_current": 52.2,
    "throughput_pallets_per_day": 3941,
    "last_updated": "2026-02-13T10:13:53Z"
  },
  {
    "id": "WH_HON_14",
    "type": "warehouse",
    "name": "Hong Kong DC 14",
    "city": "Hong Kong",
    "country": "China",
    "region": "East Asia",
    "lat": 22.275090725066775,
    "lon": 114.27731830892586,
    "status": "full",
    "capacity_pallets": 25120,
    "utilization_pct_current": 90.5,
    "throughput_pallets_per_day": 6771,
    "last_updated": "2026-02-13T10:13:53Z"
  },
  {
    "id": "WH_ANT_15",
    "type": "warehouse",
    "name": "Antwerp DC 15",
    "city": "Antwerp",
    "country": "Belgium",
    "region": "Europe",
    "lat": 51.249676138724034,
    "lon": 4.393291893022942,
    "status": "full",
    "capacity_pallets": 98279,
    "utilization_pct_current": 84.5,
    "throughput_pallets_per_day": 7491,
    "last_updated": "2026-02-13T10:13:53Z"
  },
  {
    "id": "WH_LON_16",
    "type": "warehouse",
    "name": "London DC 16",
    "city": "London",
    "country": "UK",
    "region": "Europe",
    "lat": 51.6640566167874,
    "lon": 0.0064914683193602885,
    "status": "operational",
    "capacity_pallets": 163165,
    "utilization_pct_current": 87.2,
    "throughput_pallets_per_day": 7854,
    "last_updated": "2026-02-13T10:13:53Z"
  },
  {
    "id": "WH_DUB_17",
    "type": "warehouse",
    "name": "Dubai DC 17",
    "city": "Dubai",
    "country": "UAE",
    "region": "Middle East",
    "lat": 25.093015477729526,
    "lon": 55.158568653848576,
    "status": "operational",
    "capacity_pallets": 27608,
    "utilization_pct_current": 62.9,
    "throughput_pallets_per_day": 5979,
    "last_updated": "2026-02-13T10:13:53Z"
  },
  {
    "id": "WH_DUB_18",
    "type": "warehouse",
    "name": "Dubai DC 18",
    "city": "Dubai",
    "country": "UAE",
    "region": "Middle East",
    "lat": 25.27645675401134,
    "lon": 55.23252666765506,
    "status": "operational",
    "capacity_pallets": 142523,
    "utilization_pct_current": 94.3,
    "throughput_pallets_per_day": 5597,
    "last_updated": "2026-02-13T10:13:53Z"
  },
  {
    "id": "WH_ANT_19",
    "type": "warehouse",
    "name": "Antwerp DC 19",
    "city": "Antwerp",
    "country": "Belgium",
    "region": "Europe",
    "lat": 51.233049451813,
    "lon": 4.565271545034707,
    "status": "operational",
    "capacity_pallets": 27104,
    "utilization_pct_current": 45.0,
    "throughput_pallets_per_day": 4011,
    "last_updated": "2026-02-13T10:13:53Z"
  },
  {
    "id": "WH_MEX_20",
    "type": "warehouse",
    "name": "Mexico City DC 20",
    "city": "Mexico City",
    "country": "Mexico",
    "region": "North America",
    "lat": 19.286879794892226,
    "lon": -99.1485206223794,
    "status": "operational",
    "capacity_pallets": 119379,
    "utilization_pct_current": 59.3,
    "throughput_pallets_per_day": 4224,
    "last_updated": "2026-02-13T10:13:53Z"
  },
  {
    "id": "WH_JED_21",
    "type": "warehouse",
    "name": "Jeddah DC 21",
    "city": "Jeddah",
    "country": "Saudi Arabia",
    "region": "Middle East",
    "lat": 21.416538321952526,
    "lon": 39.29699188315762,
    "status": "operational",
    "capacity_pallets": 130510,
    "utilization_pct_current": 54.9,
    "throughput_pallets_per_day": 1170,
    "last_updated": "2026-02-13T10:13:53Z"
  },
  {
    "id": "WH_SYD_22",
    "type": "warehouse",
    "name": "Sydney DC 22",
    "city": "Sydney",
    "country": "Australia",
    "region": "Oceania",
    "lat": -33.880677265514784,
    "lon": 151.30890970443315,
    "status": "operational",
    "capacity_pallets": 111740,
    "utilization_pct_current": 53.2,
    "throughput_pallets_per_day": 1062,
    "last_updated": "2026-02-13T10:13:53Z"
  },
  {
    "id": "WH_SHA_23",
    "type": "warehouse",
    "name": "Shanghai DC 23",
    "city": "Shanghai",
    "country": "China",
    "region": "East Asia",
    "lat": 31.342893219844356,
    "lon": 121.53440186209755,
    "status": "operational",
    "capacity_pallets": 84823,
    "utilization_pct_current": 51.8,
    "throughput_pallets_per_day": 666,
    "last_updated": "2026-02-13T10:13:53Z"
  },
  {
    "id": "WH_JAK_24",
    "type": "warehouse",
    "name": "Jakarta DC 24",
    "city": "Jakarta",
    "country": "Indonesia",
    "region": "Southeast Asia",
    "lat": -6.1602657373655365,
    "lon": 106.74101797675557,
    "status": "operational",
    "capacity_pallets": 49986,
    "utilization_pct_current": 73.3,
    "throughput_pallets_per_day": 2285,
    "last_updated": "2026-02-13T10:13:53Z"
  },
  {
    "id": "WH_CHE_25",
    "type": "warehouse",
    "name": "Chennai DC 25",
    "city": "Chennai",
    "country": "India",
    "region": "South Asia",
    "lat": 13.068713593374088,
    "lon": 80.17319747862489,
    "status": "operational",
    "capacity_pallets": 178831,
    "utilization_pct_current": 75.8,
    "throughput_pallets_per_day": 6627,
    "last_updated": "2026-02-13T10:13:53Z"
  },
  {
    "id": "WH_ANT_26",
    "type": "warehouse",
    "name": "Antwerp DC 26",
    "city": "Antwerp",
    "country": "Belgium",
    "region": "Europe",
    "lat": 51.306742891438404,
    "lon": 4.513616754470173,
    "status": "operational",
    "capacity_pallets": 101536,
    "utilization_pct_current": 46.4,
    "throughput_pallets_per_day": 710,
    "last_updated": "2026-02-13T10:13:53Z"
  },
  {
    "id": "WH_MOM_27",
    "type": "warehouse",
    "name": "Mombasa DC 27",
    "city": "Mombasa",
    "country": "Kenya",
    "region": "Africa",
    "lat": -3.8719451326371512,
    "lon": 39.69851869136497,
    "status": "full",
    "capacity_pallets": 118384,
    "utilization_pct_current": 63.4,
    "throughput_pallets_per_day": 6357,
    "last_updated": "2026-02-13T10:13:53Z"
  },
  {
    "id": "WH_LOS_28",
    "type": "warehouse",
    "name": "Los Angeles DC 28",
    "city": "Los Angeles",
    "country": "USA",
    "region": "North America",
    "lat": 33.93153191083668,
    "lon": -118.20686085550007,
    "status": "full",
    "capacity_pallets": 83661,
    "utilization_pct_current": 46.0,
    "throughput_pallets_per_day": 6828,
    "last_updated": "2026-02-13T10:13:53Z"
  },
  {
    "id": "WH_ANT_29",
    "type": "warehouse",
    "name": "Antwerp DC 29",
    "city": "Antwerp",
    "country": "Belgium",
    "region": "Europe",
    "lat": 51.14003307419507,
    "lon": 4.4762036156666625,
    "status": "full",
    "capacity_pallets": 168355,
    "utilization_pct_current": 86.2,
    "throughput_pallets_per_day": 3344,
    "last_updated": "2026-02-13T10:13:53Z"
  },
  {
    "id": "WH_JED_30",
    "type": "warehouse",
    "name": "Jeddah DC 30",
    "city": "Jeddah",
    "country": "Saudi Arabia",
    "region": "Middle East",
    "lat": 21.4988980981242,
    "lon": 39.25710853627494,
    "status": "operational",
    "capacity_pallets": 109451,
    "utilization_pct_current": 40.7,
    "throughput_pallets_per_day": 3941,
    "last_updated": "2026-02-13T10:13:53Z"
  },
  {
    "id": "WH_CAI_31",
    "type": "warehouse",
    "name": "Cairo DC 31",
    "city": "Cairo",
    "country": "Egypt",
    "region": "Africa",
    "lat": 30.17333236723602,
    "lon": 31.0779155482576,
    "status": "disrupted",
    "capacity_pallets": 140517,
    "utilization_pct_current": 81.7,
    "throughput_pallets_per_day": 4067,
    "last_updated": "2026-02-13T10:13:53Z"
  },
  {
    "id": "WH_COL_32",
    "type": "warehouse",
    "name": "Colombo DC 32",
    "city": "Colombo",
    "country": "Sri Lanka",
    "region": "South Asia",
    "lat": 6.797554784434424,
    "lon": 79.86989869877539,
    "status": "operational",
    "capacity_pallets": 161078,
    "utilization_pct_current": 85.7,
    "throughput_pallets_per_day": 4308,
    "last_updated": "2026-02-13T10:13:53Z"
  },
  {
    "id": "WH_JOH_33",
    "type": "warehouse",
    "name": "Johannesburg DC 33",
    "city": "Johannesburg",
    "country": "South Africa",
    "region": "Africa",
    "lat": -26.22987020279844,
    "lon": 28.13971048572205,
    "status": "operational",
    "capacity_pallets": 84355,
    "utilization_pct_current": 89.0,
    "throughput_pallets_per_day": 1209,
    "last_updated": "2026-02-13T10:13:53Z"
  },
  {
    "id": "WH_DOH_34",
    "type": "warehouse",
    "name": "Doha DC 34",
    "city": "Doha",
    "country": "Qatar",
    "region": "Middle East",
    "lat": 25.19697129967699,
    "lon": 51.511320800077506,
    "status": "operational",
    "capacity_pallets": 169382,
    "utilization_pct_current": 76.0,
    "throughput_pallets_per_day": 3604,
    "last_updated": "2026-02-13T10:13:53Z"
  },
  {
    "id": "WH_VAL_35",
    "type": "warehouse",
    "name": "Valparaiso DC 35",
    "city": "Valparaiso",
    "country": "Chile",
    "region": "South America",
    "lat": -33.11264135204345,
    "lon": -71.61497739855363,
    "status": "operational",
    "capacity_pallets": 147808,
    "utilization_pct_current": 52.5,
    "throughput_pallets_per_day": 7035,
    "last_updated": "2026-02-13T10:13:53Z"
  },
  {
    "id": "WH_JOH_36",
    "type": "warehouse",
    "name": "Johannesburg DC 36",
    "city": "Johannesburg",
    "country": "South Africa",
    "region": "Africa",
    "lat": -26.30075903645653,
    "lon": 27.959163395215036,
    "status": "operational",
    "capacity_pallets": 92422,
    "utilization_pct_current": 72.8,
    "throughput_pallets_per_day": 4732,
    "last_updated": "2026-02-13T10:13:53Z"
  },
  {
    "id": "WH_JAK_37",
    "type": "warehouse",
    "name": "Jakarta DC 37",
    "city": "Jakarta",
    "country": "Indonesia",
    "region": "Southeast Asia",
    "lat": -6.029574968889188,
    "lon": 106.67984518478322,
    "status": "operational",
    "capacity_pallets": 148077,
    "utilization_pct_current": 72.8,
    "throughput_pallets_per_day": 2468,
    "last_updated": "2026-02-13T10:13:53Z"
  },
  {
    "id": "WH_KAO_38",
    "type": "warehouse",
    "name": "Kaohsiung DC 38",
    "city": "Kaohsiung",
    "country": "Taiwan",
    "region": "East Asia",
    "lat": 22.70354373577861,
    "lon": 120.35976115989638,
    "status": "operational",
    "capacity_pallets": 24520,
    "utilization_pct_current": 45.5,
    "throughput_pallets_per_day": 2315,
    "last_updated": "2026-02-13T10:13:53Z"
  },
  {
    "id": "WH_SAN_39",
    "type": "warehouse",
    "name": "Santos DC 39",
    "city": "Santos",
    "country": "Brazil",
    "region": "South America",
    "lat": -24.00003954852883,
    "lon": -46.4348779344493,
    "status": "operational",
    "capacity_pallets": 116736,
    "utilization_pct_current": 67.9,
    "throughput_pallets_per_day": 4849,
    "last_updated": "2026-02-13T10:13:53Z"
  },
  {
    "id": "WH_VAN_40",
    "type": "warehouse",
    "name": "Vancouver DC 40",
    "city": "Vancouver",
    "country": "Canada",
    "region": "North America",
    "lat": 49.22020295765848,
    "lon": -122.92204741441627,
    "status": "operational",
    "capacity_pallets": 112225,
    "utilization_pct_current": 81.5,
    "throughput_pallets_per_day": 2719,
    "last_updated": "2026-02-13T10:13:53Z"
  }
]